2026-07-09 15:30:24,585 50814 INFO ? odoo: Odoo version 18.0 
2026-07-09 15:30:24,585 50814 INFO ? odoo: addons paths: ['/Users/ruixin/Desktop/demo演示/odoo制造/odoo/addons', '/Users/ruixin/Library/Application Support/Odoo/addons/18.0', '/Users/ruixin/Desktop/demo演示/odoo制造/addons'] 
2026-07-09 15:30:24,587 50814 INFO ? odoo: database: default@localhost:default 
2026-07-09 15:30:24,587 50814 WARNING ? odoo: Python 3.13 is not officially supported, please use Python 3.12 instead 
2026-07-09 15:30:24,636 50814 INFO ? odoo.addons.base.models.ir_actions_report: You need Wkhtmltopdf to print a pdf version of the reports. 
2026-07-09 15:30:24,636 50814 INFO ? odoo.addons.base.models.ir_actions_report: You need Wkhtmltoimage to generate images from html. 
2026-07-09 15:30:24,802 50814 INFO ? odoo.service.server: HTTP service (werkzeug) running on RUIXINZHU-MC1:8069 
2026-07-09 15:46:53,687 50814 INFO ? odoo.modules.loading: loading 1 modules... 
2026-07-09 15:46:53,687 50814 INFO ? odoo.modules.loading: Loading module base (1/1) 
2026-07-09 15:46:53,696 50814 INFO ? odoo.modules.registry: module base: creating or updating database tables 
2026-07-09 15:46:54,088 50814 INFO ? odoo.modules.loading: loading base/data/res_bank.xml 
2026-07-09 15:46:54,092 50814 INFO ? odoo.modules.loading: loading base/data/res.lang.csv 
2026-07-09 15:46:54,172 50814 INFO ? odoo.modules.loading: loading base/data/res_lang_data.xml 
2026-07-09 15:46:54,191 50814 INFO ? odoo.modules.loading: loading base/data/res_partner_data.xml 
2026-07-09 15:46:54,227 50814 INFO ? odoo.modules.loading: loading base/data/res_currency_data.xml 
2026-07-09 15:46:54,406 50814 INFO ? odoo.modules.loading: loading base/data/res_company_data.xml 
2026-07-09 15:46:54,410 50814 INFO ? odoo.modules.loading: loading base/data/res_users_data.xml 
2026-07-09 15:46:54,889 50814 INFO ? odoo.modules.loading: loading base/data/report_paperformat_data.xml 
2026-07-09 15:46:54,892 50814 INFO ? odoo.modules.loading: loading base/data/res_country_data.xml 
2026-07-09 15:46:55,013 50814 INFO ? odoo.modules.loading: loading base/data/ir_demo_data.xml 
2026-07-09 15:46:55,026 50814 INFO ? odoo.modules.loading: loading base/security/base_groups.xml 
2026-07-09 15:46:55,079 50814 INFO ? odoo.modules.loading: loading base/security/base_security.xml 
2026-07-09 15:46:55,131 50814 INFO ? odoo.modules.loading: loading base/views/base_menus.xml 
2026-07-09 15:46:55,158 50814 INFO ? odoo.modules.loading: loading base/views/decimal_precision_views.xml 
2026-07-09 15:46:55,167 50814 INFO ? odoo.modules.loading: loading base/views/res_config_views.xml 
2026-07-09 15:46:55,174 50814 INFO ? odoo.modules.loading: loading base/data/res.country.state.csv 
2026-07-09 15:46:55,549 50814 INFO ? odoo.modules.loading: loading base/views/ir_actions_views.xml 
2026-07-09 15:46:55,629 50814 INFO ? odoo.modules.loading: loading base/views/ir_asset_views.xml 
2026-07-09 15:46:55,641 50814 INFO ? odoo.modules.loading: loading base/views/ir_config_parameter_views.xml 
2026-07-09 15:46:55,651 50814 INFO ? odoo.modules.loading: loading base/views/ir_cron_views.xml 
2026-07-09 15:46:55,666 50814 INFO ? odoo.modules.loading: loading base/views/ir_cron_trigger_views.xml 
2026-07-09 15:46:55,675 50814 INFO ? odoo.modules.loading: loading base/views/ir_filters_views.xml 
2026-07-09 15:46:55,689 50814 INFO ? odoo.modules.loading: loading base/views/ir_mail_server_views.xml 
2026-07-09 15:46:55,700 50814 INFO ? odoo.modules.loading: loading base/views/ir_model_views.xml 
2026-07-09 15:46:55,780 50814 INFO ? odoo.modules.loading: loading base/views/ir_attachment_views.xml 
2026-07-09 15:46:55,793 50814 INFO ? odoo.modules.loading: loading base/views/ir_rule_views.xml 
2026-07-09 15:46:55,807 50814 INFO ? odoo.modules.loading: loading base/views/ir_sequence_views.xml 
2026-07-09 15:46:55,826 50814 INFO ? odoo.modules.loading: loading base/views/ir_ui_menu_views.xml 
2026-07-09 15:46:55,838 50814 INFO ? odoo.modules.loading: loading base/views/ir_ui_view_views.xml 
2026-07-09 15:46:55,863 50814 INFO ? odoo.modules.loading: loading base/views/ir_default_views.xml 
2026-07-09 15:46:55,874 50814 INFO ? odoo.modules.loading: loading base/data/ir_config_parameter_data.xml 
2026-07-09 15:46:55,876 50814 INFO ? odoo.modules.loading: loading base/data/ir_cron_data.xml 
2026-07-09 15:46:55,882 50814 INFO ? odoo.modules.loading: loading base/report/ir_model_report.xml 
2026-07-09 15:46:55,883 50814 INFO ? odoo.modules.loading: loading base/report/ir_model_templates.xml 
2026-07-09 15:46:55,888 50814 INFO ? odoo.modules.loading: loading base/views/ir_logging_views.xml 
2026-07-09 15:46:55,897 50814 INFO ? odoo.modules.loading: loading base/views/ir_qweb_widget_templates.xml 
2026-07-09 15:46:55,904 50814 INFO ? odoo.modules.loading: loading base/views/ir_module_views.xml 
2026-07-09 15:46:55,932 50814 INFO ? odoo.modules.loading: loading base/data/ir_module_category_data.xml 
2026-07-09 15:46:56,040 50814 INFO ? odoo.modules.loading: loading base/data/ir_module_module.xml 
2026-07-09 15:46:56,055 50814 INFO ? odoo.modules.loading: loading base/report/ir_module_reports.xml 
2026-07-09 15:46:56,057 50814 INFO ? odoo.modules.loading: loading base/report/ir_module_report_templates.xml 
2026-07-09 15:46:56,060 50814 INFO ? odoo.modules.loading: loading base/wizard/base_module_update_views.xml 
2026-07-09 15:46:56,069 50814 INFO ? odoo.modules.loading: loading base/wizard/base_language_install_views.xml 
2026-07-09 15:46:56,075 50814 INFO ? odoo.modules.loading: loading base/wizard/base_import_language_views.xml 
2026-07-09 15:46:56,081 50814 INFO ? odoo.modules.loading: loading base/wizard/base_module_upgrade_views.xml 
2026-07-09 15:46:56,091 50814 INFO ? odoo.modules.loading: loading base/wizard/base_module_uninstall_views.xml 
2026-07-09 15:46:56,096 50814 INFO ? odoo.modules.loading: loading base/wizard/base_export_language_views.xml 
2026-07-09 15:46:56,102 50814 INFO ? odoo.modules.loading: loading base/wizard/base_partner_merge_views.xml 
2026-07-09 15:46:56,109 50814 INFO ? odoo.modules.loading: loading base/data/ir_demo_failure_data.xml 
2026-07-09 15:46:56,116 50814 INFO ? odoo.modules.loading: loading base/views/ir_profile_views.xml 
2026-07-09 15:46:56,128 50814 INFO ? odoo.modules.loading: loading base/views/res_company_views.xml 
2026-07-09 15:46:56,140 50814 INFO ? odoo.modules.loading: loading base/views/res_lang_views.xml 
2026-07-09 15:46:56,155 50814 INFO ? odoo.modules.loading: loading base/views/res_partner_views.xml 
2026-07-09 15:46:56,219 50814 INFO ? odoo.modules.loading: loading base/views/res_bank_views.xml 
2026-07-09 15:46:56,235 50814 INFO ? odoo.modules.loading: loading base/views/res_country_views.xml 
2026-07-09 15:46:56,258 50814 INFO ? odoo.modules.loading: loading base/views/res_currency_views.xml 
2026-07-09 15:46:56,279 50814 INFO ? odoo.modules.loading: loading base/views/res_users_views.xml 
2026-07-09 15:46:56,353 50814 INFO ? odoo.modules.loading: loading base/views/res_device_views.xml 
2026-07-09 15:46:56,363 50814 INFO ? odoo.modules.loading: loading base/views/res_users_identitycheck_views.xml 
2026-07-09 15:46:56,366 50814 INFO ? odoo.modules.loading: loading base/views/res_config_settings_views.xml 
2026-07-09 15:46:56,371 50814 INFO ? odoo.modules.loading: loading base/views/report_paperformat_views.xml 
2026-07-09 15:46:56,383 50814 INFO ? odoo.modules.loading: loading base/security/ir.model.access.csv 
2026-07-09 15:46:56,481 50814 INFO ? odoo.modules.loading: Module base: loading demo 
2026-07-09 15:46:56,481 50814 INFO ? odoo.modules.loading: loading base/data/res_users_demo.xml 
2026-07-09 15:46:57,110 50814 INFO ? odoo.modules.loading: loading base/data/res_partner_bank_demo.xml 
2026-07-09 15:46:57,112 50814 INFO ? odoo.modules.loading: loading base/data/res_currency_demo.xml 
2026-07-09 15:46:57,117 50814 INFO ? odoo.modules.loading: loading base/data/res_currency_rate_demo.xml 
2026-07-09 15:46:57,194 50814 INFO ? odoo.modules.loading: loading base/data/res_bank_demo.xml 
2026-07-09 15:46:57,195 50814 INFO ? odoo.modules.loading: loading base/data/res_partner_demo.xml 
2026-07-09 15:46:57,284 50814 INFO ? odoo.modules.loading: loading base/data/res_partner_image_demo.xml 
2026-07-09 15:46:57,331 50814 INFO ? odoo.addons.base.models.ir_module: module base: loading translation file /Users/ruixin/Desktop/demo演示/odoo制造/odoo/addons/base/i18n/zh_CN.po for language zh_CN 
2026-07-09 15:46:57,331 50814 INFO ? odoo.tools.translate: loading base translation file /Users/ruixin/Desktop/demo演示/odoo制造/odoo/addons/base/i18n/zh_CN.po for language zh_CN 
2026-07-09 15:46:57,935 50814 INFO ? odoo.modules.loading: Module base loaded in 4.25s, 8268 queries (+8268 other) 
2026-07-09 15:46:57,935 50814 INFO ? odoo.modules.loading: 1 modules loaded in 4.25s, 8268 queries (+8268 extra) 
2026-07-09 15:46:57,956 50814 INFO ? odoo.modules.loading: loading 63 modules... 
2026-07-09 15:47:00,384 50814 INFO ? odoo.modules.loading: 63 modules loaded in 2.43s, 0 queries (+0 extra) 
2026-07-09 15:47:00,554 50814 INFO ? odoo.addons.base.models.ir_model: Deleting 62@ir.model.inherit (base.model_inherit__mail_guest__image_mixin) 
2026-07-09 15:47:00,567 50814 INFO ? odoo.models.unlink: User #1 deleted ir.model.data records with IDs: [12680] 
2026-07-09 15:47:00,567 50814 INFO ? odoo.models.unlink: User #1 deleted ir.model.inherit records with IDs: [62] 
2026-07-09 15:47:00,573 50814 INFO ? odoo.modules.loading: Modules loaded. 
2026-07-09 15:47:00,575 50814 INFO ? odoo.modules.registry: Caches invalidated, signaling through the database: ['default', 'groups', 'templates'] 
2026-07-09 15:47:00,575 50814 INFO ? odoo.modules.registry: Registry loaded in 6.944s 
2026-07-09 15:47:00,576 50814 INFO odoo18 odoo.addons.base.models.ir_http: Generating routing map for key None 
2026-07-09 15:47:00,585 50814 INFO odoo18 werkzeug: 127.0.0.1 - - [09/Jul/2026 15:47:00] "GET / HTTP/1.1" 303 - 8628 2.158 4.821
2026-07-09 15:47:00,592 50814 INFO odoo18 werkzeug: 127.0.0.1 - - [09/Jul/2026 15:47:00] "GET /odoo HTTP/1.1" 303 - 2 0.001 0.004
2026-07-09 15:47:00,802 50814 INFO odoo18 werkzeug: 127.0.0.1 - - [09/Jul/2026 15:47:00] "GET /web/login?redirect=/odoo? HTTP/1.1" 200 - 61 0.015 0.195
2026-07-09 15:47:01,161 50814 INFO ? werkzeug: 127.0.0.1 - - [09/Jul/2026 15:47:01] "GET /web/static/src/libs/fontawesome/fonts/fontawesome-webfont.woff2?v=4.7.0 HTTP/1.1" 200 - 1 0.002 0.352
2026-07-09 15:47:01,173 50814 INFO odoo18 werkzeug: 127.0.0.1 - - [09/Jul/2026 15:47:01] "GET /web/binary/company_logo HTTP/1.1" 200 - 3 0.009 0.357
2026-07-09 15:47:01,207 50814 INFO odoo18 odoo.addons.base.models.assetsbundle: Generating a new asset bundle attachment /web/assets/b7d318d/web.assets_frontend_minimal.min.js (id:851) 
2026-07-09 15:47:01,210 50814 INFO odoo18 odoo.addons.base.models.assetsbundle: Deleting attachments [194] (matching /web/assets/_______/web.assets_frontend_minimal.min.js) because it was replaced with /web/assets/b7d318d/web.assets_frontend_minimal.min.js 
2026-07-09 15:47:01,506 50814 INFO odoo18 werkzeug: 127.0.0.1 - - [09/Jul/2026 15:47:01] "GET /web/assets/b7d318d/web.assets_frontend_minimal.min.js HTTP/1.1" 200 - 15 0.294 0.038
2026-07-09 15:47:01,531 50814 INFO odoo18 odoo.addons.base.models.assetsbundle: Generating a new asset bundle attachment /web/assets/7489e4f/web.assets_frontend.min.css (id:852) 
2026-07-09 15:47:01,531 50814 INFO odoo18 odoo.addons.base.models.assetsbundle: Deleting attachments [195] (matching /web/assets/_______/web.assets_frontend.min.css) because it was replaced with /web/assets/7489e4f/web.assets_frontend.min.css 
2026-07-09 15:47:01,541 50814 INFO odoo18 werkzeug: 127.0.0.1 - - [09/Jul/2026 15:47:01] "GET /web/assets/7489e4f/web.assets_frontend.min.css HTTP/1.1" 200 - 12 0.038 0.697
2026-07-09 15:47:02,083 50814 INFO odoo18 odoo.addons.base.models.assetsbundle: Generating a new asset bundle attachment /web/assets/cda9012/web.assets_frontend_lazy.min.js (id:853) 
2026-07-09 15:47:02,084 50814 INFO odoo18 odoo.addons.base.models.assetsbundle: Deleting attachments [196] (matching /web/assets/_______/web.assets_frontend_lazy.min.js) because it was replaced with /web/assets/cda9012/web.assets_frontend_lazy.min.js 
2026-07-09 15:47:02,089 50814 INFO odoo18 werkzeug: 127.0.0.1 - - [09/Jul/2026 15:47:02] "GET /web/assets/cda9012/web.assets_frontend_lazy.min.js HTTP/1.1" 200 - 12 0.010 0.510
2026-07-09 15:47:02,140 50814 INFO odoo18 werkzeug: 127.0.0.1 - - [09/Jul/2026 15:47:02] "GET /website/translations/5a8c1160f0eccbeb7d885c11552b650e53626fb2 HTTP/1.1" 303 - 6 0.006 0.009
2026-07-09 15:47:02,162 50814 INFO odoo18 werkzeug: 127.0.0.1 - - [09/Jul/2026 15:47:02] "GET /zh_CN/website/translations/5a8c1160f0eccbeb7d885c11552b650e53626fb2 HTTP/1.1" 200 - 6 0.006 0.015
2026-07-09 15:47:19,108 50814 INFO odoo18 odoo.addons.base.models.ir_cron: Job 'Base: Auto-vacuum internal data' (1) starting 
2026-07-09 15:47:19,174 50814 INFO odoo18 odoo.addons.base.models.ir_attachment: filestore gc 76 checked, 16 removed 
2026-07-09 15:47:19,183 50814 INFO odoo18 odoo.models.unlink: User #1 deleted ir.cron.trigger records with IDs: [3] 
2026-07-09 15:47:19,193 50814 INFO odoo18 odoo.models.unlink: User #1 deleted ir.cron.progress records with IDs: [1, 2, 3, 4, 5, 6, 7, 8, 9, 10, 11, 12, 13, 14, 15, 16, 17, 18, 19, 20, 21, 22, 23, 24, 25, 26, 27, 28, 29, 30, 31, 32, 33, 34, 35, 36, 37, 38, 39, 40, 41, 42] 
2026-07-09 15:47:19,235 50814 INFO odoo18 odoo.addons.base.models.res_users: GC'd 0 user log entries 
2026-07-09 15:47:19,244 50814 INFO odoo18 odoo.addons.base.models.res_users: GC 'res.users.apikeys' delete 0 entries 
2026-07-09 15:47:19,252 50814 INFO odoo18 odoo.addons.base.models.res_device: GC device logs delete 0 entries 
2026-07-09 15:47:19,253 50814 INFO odoo18 odoo.addons.base.models.res_device: GC device logs delete 0 entries 
2026-07-09 15:47:19,273 50814 INFO odoo18 odoo.addons.base.models.res_users: GC 'auth_totp.device' delete 0 entries 
2026-07-09 15:47:19,282 50814 INFO odoo18 odoo.models.unlink: User #1 deleted bus.bus records with IDs: [46, 47, 48, 49, 50, 51, 52, 53, 54, 55, 56] 
2026-07-09 15:47:19,298 50814 INFO odoo18 odoo.models.unlink: User #1 deleted bus.presence records with IDs: [1] 
2026-07-09 15:47:19,433 50814 INFO odoo18 odoo.addons.sms.models.sms_sms: GC'd 0 sms marked for deletion 
2026-07-09 15:47:19,566 50814 INFO odoo18 odoo.addons.base.models.ir_cron: Job 'Base: Auto-vacuum internal data' (1) done in 0.458s 
2026-07-09 15:47:19,570 50814 INFO odoo18 odoo.addons.base.models.ir_cron: Job 'Base: Auto-vacuum internal data' (1) processed 0 records, 0 records remaining 
2026-07-09 15:47:19,580 50814 INFO odoo18 odoo.addons.base.models.ir_cron: Job 'Base: Auto-vacuum internal data' (1) completed 
2026-07-09 15:47:19,592 50814 INFO odoo18 odoo.addons.base.models.ir_cron: Job 'Notification: Delete Notifications older than 6 Month' (5) starting 
2026-07-09 15:47:19,606 50814 INFO odoo18 odoo.addons.base.models.ir_cron: Job 'Notification: Delete Notifications older than 6 Month' (5) done in 0.014s 
2026-07-09 15:47:19,608 50814 INFO odoo18 odoo.addons.base.models.ir_cron: Job 'Notification: Delete Notifications older than 6 Month' (5) processed 0 records, 0 records remaining 
2026-07-09 15:47:19,615 50814 INFO odoo18 odoo.addons.base.models.ir_cron: Job 'Notification: Delete Notifications older than 6 Month' (5) completed 
2026-07-09 15:47:19,624 50814 INFO odoo18 odoo.addons.base.models.ir_cron: Job 'Mail: Post scheduled messages' (7) starting 
2026-07-09 15:47:19,629 50814 INFO odoo18 odoo.addons.mail.models.mail_scheduled_message: Posting 0 scheduled messages 
2026-07-09 15:47:19,630 50814 INFO odoo18 odoo.addons.base.models.ir_cron: Job 'Mail: Post scheduled messages' (7) done in 0.006s 
2026-07-09 15:47:19,633 50814 INFO odoo18 odoo.addons.base.models.ir_cron: Job 'Mail: Post scheduled messages' (7) processed 0 records, 0 records remaining 
2026-07-09 15:47:19,638 50814 INFO odoo18 odoo.addons.base.models.ir_cron: Job 'Mail: Post scheduled messages' (7) completed 
2026-07-09 15:47:19,643 50814 INFO odoo18 odoo.addons.base.models.ir_cron: Job 'Notification: Notify scheduled messages' (8) starting 
2026-07-09 15:47:19,648 50814 INFO odoo18 odoo.addons.mail.models.mail_message_schedule: Send 1 scheduled messages 
2026-07-09 15:47:19,679 50814 INFO odoo18 odoo.models.unlink: User #1 deleted ir.model.data records with IDs: [33103] 
2026-07-09 15:47:19,679 50814 INFO odoo18 odoo.models.unlink: User #1 deleted mail.message.schedule records with IDs: [1] 
2026-07-09 15:47:19,679 50814 INFO odoo18 odoo.addons.base.models.ir_cron: Job 'Notification: Notify scheduled messages' (8) done in 0.035s 
2026-07-09 15:47:19,679 50814 INFO odoo18 odoo.modules.registry: Caches invalidated, signaling through the database: ['default'] 
2026-07-09 15:47:19,682 50814 INFO odoo18 odoo.addons.base.models.ir_cron: Job 'Notification: Notify scheduled messages' (8) processed 0 records, 0 records remaining 
2026-07-09 15:47:19,716 50814 INFO odoo18 odoo.addons.base.models.ir_cron: Job 'Notification: Notify scheduled messages' (8) completed 
2026-07-09 15:47:19,724 50814 INFO odoo18 odoo.addons.base.models.ir_cron: Job 'Mail: send web push notification' (9) starting 
2026-07-09 15:47:19,728 50814 INFO odoo18 odoo.addons.base.models.ir_cron: Job 'Mail: send web push notification' (9) done in 0.004s 
2026-07-09 15:47:19,731 50814 INFO odoo18 odoo.addons.base.models.ir_cron: Job 'Mail: send web push notification' (9) processed 0 records, 0 records remaining 
2026-07-09 15:47:19,734 50814 INFO odoo18 odoo.addons.base.models.ir_cron: Job 'Mail: send web push notification' (9) completed 
2026-07-09 15:47:19,741 50814 INFO odoo18 odoo.addons.base.models.ir_cron: Job 'Discuss: channel member unmute' (10) starting 
2026-07-09 15:47:19,746 50814 INFO odoo18 odoo.addons.base.models.ir_cron: Job 'Discuss: channel member unmute' (10) done in 0.005s 
2026-07-09 15:47:19,749 50814 INFO odoo18 odoo.addons.base.models.ir_cron: Job 'Discuss: channel member unmute' (10) processed 0 records, 0 records remaining 
2026-07-09 15:47:19,752 50814 INFO odoo18 odoo.addons.base.models.ir_cron: Job 'Discuss: channel member unmute' (10) completed 
2026-07-09 15:47:19,763 50814 INFO odoo18 odoo.addons.base.models.ir_cron: Job 'Discuss: users settings unmute' (11) starting 
2026-07-09 15:47:19,767 50814 INFO odoo18 odoo.addons.base.models.ir_cron: Job 'Discuss: users settings unmute' (11) done in 0.003s 
2026-07-09 15:47:19,769 50814 INFO odoo18 odoo.addons.base.models.ir_cron: Job 'Discuss: users settings unmute' (11) processed 0 records, 0 records remaining 
2026-07-09 15:47:19,772 50814 INFO odoo18 odoo.addons.base.models.ir_cron: Job 'Discuss: users settings unmute' (11) completed 
2026-07-09 15:47:19,779 50814 INFO odoo18 odoo.addons.base.models.ir_cron: Job 'SMS: SMS Queue Manager' (14) starting 
2026-07-09 15:47:19,784 50814 INFO odoo18 odoo.addons.base.models.ir_cron: Job 'SMS: SMS Queue Manager' (14) done in 0.004s 
2026-07-09 15:47:19,786 50814 INFO odoo18 odoo.addons.base.models.ir_cron: Job 'SMS: SMS Queue Manager' (14) processed 0 records, 0 records remaining 
2026-07-09 15:47:19,813 50814 INFO odoo18 odoo.addons.base.models.ir_cron: Job 'SMS: SMS Queue Manager' (14) completed 
2026-07-09 15:47:19,821 50814 INFO odoo18 odoo.addons.base.models.ir_cron: Job 'Snailmail: process letters queue' (15) starting 
2026-07-09 15:47:19,828 50814 INFO odoo18 odoo.addons.base.models.ir_cron: Job 'Snailmail: process letters queue' (15) done in 0.004s 
2026-07-09 15:47:19,830 50814 INFO odoo18 odoo.addons.base.models.ir_cron: Job 'Snailmail: process letters queue' (15) processed 0 records, 0 records remaining 
2026-07-09 15:47:19,852 50814 INFO odoo18 odoo.addons.base.models.ir_cron: Job 'Snailmail: process letters queue' (15) completed 
2026-07-09 15:47:19,859 50814 INFO odoo18 odoo.addons.base.models.ir_cron: Job 'Digest Emails' (16) starting 
2026-07-09 15:47:20,061 50814 INFO odoo18 odoo.addons.base.models.ir_cron: Job 'Digest Emails' (16) done in 0.201s 
2026-07-09 15:47:20,063 50814 INFO odoo18 odoo.addons.base.models.ir_cron: Job 'Digest Emails' (16) processed 0 records, 0 records remaining 
2026-07-09 15:47:20,066 50814 INFO odoo18 odoo.addons.base.models.ir_cron: Job 'Digest Emails' (16) completed 
2026-07-09 15:47:20,074 50814 INFO odoo18 odoo.addons.base.models.ir_cron: Job 'Account: Post draft entries with auto_post enabled and accounting date up to today' (18) starting 
2026-07-09 15:47:20,088 50814 INFO odoo18 odoo.addons.base.models.ir_cron: Job 'Account: Post draft entries with auto_post enabled and accounting date up to today' (18) done in 0.014s 
2026-07-09 15:47:20,091 50814 INFO odoo18 odoo.addons.base.models.ir_cron: Job 'Account: Post draft entries with auto_post enabled and accounting date up to today' (18) processed 0 records, 0 records remaining 
2026-07-09 15:47:20,094 50814 INFO odoo18 odoo.addons.base.models.ir_cron: Job 'Account: Post draft entries with auto_post enabled and accounting date up to today' (18) completed 
2026-07-09 15:47:20,113 50814 INFO odoo18 odoo.addons.base.models.ir_cron: Job 'Send invoices automatically' (19) starting 
2026-07-09 15:47:20,115 50814 INFO odoo18 odoo.addons.base.models.ir_cron: Job 'Sales: Send pending emails' (21) starting 
2026-07-09 15:47:20,117 50814 INFO odoo18 odoo.addons.base.models.ir_cron: Job 'Send invoices automatically' (19) done in 0.003s 
2026-07-09 15:47:20,118 50814 INFO odoo18 odoo.addons.base.models.ir_cron: Job 'Send invoices automatically' (19) processed 0 records, 0 records remaining 
2026-07-09 15:47:20,124 50814 INFO odoo18 odoo.addons.base.models.ir_cron: Job 'Send invoices automatically' (19) completed 
2026-07-09 15:47:20,124 50814 INFO odoo18 odoo.addons.base.models.ir_cron: Job 'Sales: Send pending emails' (21) done in 0.009s 
2026-07-09 15:47:20,126 50814 INFO odoo18 odoo.addons.base.models.ir_cron: Job 'Sales: Send pending emails' (21) processed 0 records, 0 records remaining 
2026-07-09 15:47:20,129 50814 INFO odoo18 odoo.addons.base.models.ir_cron: Job 'Sales: Send pending emails' (21) completed 
2026-07-09 15:47:20,131 50814 INFO odoo18 odoo.addons.base.models.ir_cron: Job 'Calendar: Event Reminder' (23) starting 
2026-07-09 15:47:20,133 50814 INFO odoo18 odoo.addons.base.models.ir_cron: Job 'CRM: enrich leads (IAP)' (26) starting 
2026-07-09 15:47:20,135 50814 INFO odoo18 odoo.addons.base.models.ir_cron: Job 'Calendar: Event Reminder' (23) done in 0.004s 
2026-07-09 15:47:20,136 50814 INFO odoo18 odoo.addons.base.models.ir_cron: Job 'Calendar: Event Reminder' (23) processed 0 records, 0 records remaining 
2026-07-09 15:47:20,139 50814 INFO odoo18 odoo.addons.base.models.ir_cron: Job 'Calendar: Event Reminder' (23) completed 
2026-07-09 15:47:20,141 50814 INFO odoo18 odoo.addons.base.models.ir_cron: Job 'CRM: enrich leads (IAP)' (26) done in 0.007s 
2026-07-09 15:47:20,142 50814 INFO odoo18 odoo.addons.base.models.ir_cron: Job 'CRM: enrich leads (IAP)' (26) processed 0 records, 0 records remaining 
2026-07-09 15:47:20,142 50814 INFO odoo18 odoo.addons.base.models.ir_cron: Job 'Mail: Email Queue Manager' (3) starting 
2026-07-09 15:47:20,161 50814 INFO odoo18 odoo.addons.base.models.ir_cron: Job 'CRM: enrich leads (IAP)' (26) completed 
2026-07-09 15:47:20,166 50814 INFO odoo18 odoo.addons.base.models.ir_cron: Job 'Users: Notify About Unregistered Users' (12) starting 
2026-07-09 15:47:20,167 50814 INFO odoo18 odoo.addons.base.models.ir_cron: Job 'Mail: Email Queue Manager' (3) done in 0.025s 
2026-07-09 15:47:20,169 50814 INFO odoo18 odoo.addons.base.models.ir_cron: Job 'Mail: Email Queue Manager' (3) processed 0 records, 0 records remaining 
2026-07-09 15:47:20,187 50814 INFO odoo18 odoo.addons.base.models.ir_cron: Job 'Mail: Email Queue Manager' (3) completed 
2026-07-09 15:47:20,187 50814 INFO odoo18 odoo.addons.base.models.ir_cron: Job 'Users: Notify About Unregistered Users' (12) done in 0.020s 
2026-07-09 15:47:20,188 50814 INFO odoo18 odoo.addons.base.models.ir_cron: Job 'Users: Notify About Unregistered Users' (12) processed 0 records, 0 records remaining 
2026-07-09 15:47:20,191 50814 INFO odoo18 odoo.addons.base.models.ir_cron: Job 'Users: Notify About Unregistered Users' (12) completed 
2026-07-09 15:47:20,193 50814 INFO odoo18 odoo.addons.base.models.ir_cron: Job 'Partner Autocomplete: Sync with remote DB' (13) starting 
2026-07-09 15:47:20,194 50814 INFO odoo18 odoo.addons.base.models.ir_cron: Job 'Partner Autocomplete: Sync with remote DB' (13) done in 0.001s 
2026-07-09 15:47:20,195 50814 INFO odoo18 odoo.addons.base.models.ir_cron: Job 'Base: Portal Users Deletion' (2) starting 
2026-07-09 15:47:20,195 50814 INFO odoo18 odoo.addons.base.models.ir_cron: Job 'Partner Autocomplete: Sync with remote DB' (13) processed 0 records, 0 records remaining 
2026-07-09 15:47:20,212 50814 INFO odoo18 odoo.addons.base.models.ir_cron: Job 'Partner Autocomplete: Sync with remote DB' (13) completed 
2026-07-09 15:47:20,212 50814 INFO odoo18 odoo.addons.base.models.ir_cron: Job 'Base: Portal Users Deletion' (2) done in 0.017s 
2026-07-09 15:47:20,213 50814 INFO odoo18 odoo.addons.base.models.ir_cron: Job 'Base: Portal Users Deletion' (2) processed 0 records, 0 records remaining 
2026-07-09 15:47:20,216 50814 INFO odoo18 odoo.addons.base.models.ir_cron: Job 'Base: Portal Users Deletion' (2) completed 
2026-07-09 15:47:20,217 50814 INFO odoo18 odoo.addons.base.models.ir_cron: Job 'Publisher: Update Notification' (4) starting 
2026-07-09 15:47:21,745 50814 INFO odoo18 odoo.addons.base.models.ir_cron: Job 'Publisher: Update Notification' (4) done in 1.528s 
2026-07-09 15:47:21,750 50814 INFO odoo18 odoo.addons.base.models.ir_cron: Job 'Publisher: Update Notification' (4) processed 0 records, 0 records remaining 
2026-07-09 15:47:21,756 50814 INFO odoo18 odoo.addons.base.models.ir_cron: Job 'Publisher: Update Notification' (4) completed 
2026-07-09 15:48:20,236 50814 INFO odoo18 odoo.addons.base.models.ir_cron: Job 'Base: Auto-vacuum internal data' (1) starting 
2026-07-09 15:48:20,271 50814 INFO odoo18 odoo.addons.base.models.ir_attachment: filestore gc 0 checked, 0 removed 
2026-07-09 15:48:20,305 50814 INFO odoo18 odoo.addons.base.models.res_users: GC'd 0 user log entries 
2026-07-09 15:48:20,310 50814 INFO odoo18 odoo.addons.base.models.res_users: GC 'res.users.apikeys' delete 0 entries 
2026-07-09 15:48:20,313 50814 INFO odoo18 odoo.addons.base.models.res_device: GC device logs delete 0 entries 
2026-07-09 15:48:20,314 50814 INFO odoo18 odoo.addons.base.models.res_device: GC device logs delete 0 entries 
2026-07-09 15:48:20,323 50814 INFO odoo18 odoo.addons.base.models.res_users: GC 'auth_totp.device' delete 0 entries 
2026-07-09 15:48:20,400 50814 INFO odoo18 odoo.addons.sms.models.sms_sms: GC'd 0 sms marked for deletion 
2026-07-09 15:48:20,460 50814 INFO odoo18 odoo.addons.base.models.ir_cron: Job 'Base: Auto-vacuum internal data' (1) done in 0.223s 
2026-07-09 15:48:20,462 50814 INFO odoo18 odoo.addons.base.models.ir_cron: Job 'Base: Auto-vacuum internal data' (1) processed 0 records, 0 records remaining 
2026-07-09 15:48:20,464 50814 INFO odoo18 odoo.addons.base.models.ir_cron: Job 'Base: Auto-vacuum internal data' (1) completed 
2026-07-09 16:44:01,010 50814 INFO odoo18 odoo.addons.base.models.ir_cron: Job 'Notification: Notify scheduled messages' (8) starting 
2026-07-09 16:44:01,030 50814 INFO odoo18 odoo.addons.base.models.ir_cron: Job 'Notification: Notify scheduled messages' (8) done in 0.020s 
2026-07-09 16:44:01,040 50814 INFO odoo18 odoo.addons.base.models.ir_cron: Job 'Notification: Notify scheduled messages' (8) processed 0 records, 0 records remaining 
2026-07-09 16:44:01,059 50814 INFO odoo18 odoo.addons.base.models.ir_cron: Job 'Notification: Notify scheduled messages' (8) completed 
2026-07-09 16:44:01,089 50814 INFO odoo18 odoo.addons.base.models.ir_cron: Job 'SMS: SMS Queue Manager' (14) starting 
2026-07-09 16:44:01,102 50814 INFO odoo18 odoo.addons.base.models.ir_cron: Job 'SMS: SMS Queue Manager' (14) done in 0.013s 
2026-07-09 16:44:01,107 50814 INFO odoo18 odoo.addons.base.models.ir_cron: Job 'SMS: SMS Queue Manager' (14) processed 0 records, 0 records remaining 
2026-07-09 16:44:01,115 50814 INFO odoo18 odoo.addons.base.models.ir_cron: Job 'SMS: SMS Queue Manager' (14) completed 
2026-07-09 16:44:01,129 50814 INFO odoo18 odoo.addons.base.models.ir_cron: Job 'Snailmail: process letters queue' (15) starting 
2026-07-09 16:44:01,137 50814 INFO odoo18 odoo.addons.base.models.ir_cron: Job 'Snailmail: process letters queue' (15) done in 0.008s 
2026-07-09 16:44:01,143 50814 INFO odoo18 odoo.addons.base.models.ir_cron: Job 'Snailmail: process letters queue' (15) processed 0 records, 0 records remaining 
2026-07-09 16:44:01,153 50814 INFO odoo18 odoo.addons.base.models.ir_cron: Job 'Snailmail: process letters queue' (15) completed 
2026-07-09 16:44:01,169 50814 INFO odoo18 odoo.addons.base.models.ir_cron: Job 'Mail: Email Queue Manager' (3) starting 
2026-07-09 16:44:01,182 50814 INFO odoo18 odoo.addons.base.models.ir_cron: Job 'Mail: Email Queue Manager' (3) done in 0.013s 
2026-07-09 16:44:01,188 50814 INFO odoo18 odoo.addons.base.models.ir_cron: Job 'Mail: Email Queue Manager' (3) processed 0 records, 0 records remaining 
2026-07-09 16:44:01,196 50814 INFO odoo18 odoo.addons.base.models.ir_cron: Job 'Mail: Email Queue Manager' (3) completed 
2026-07-09 16:44:01,215 50814 INFO odoo18 odoo.addons.base.models.ir_cron: Job 'Partner Autocomplete: Sync with remote DB' (13) starting 
2026-07-09 16:44:01,221 50814 INFO odoo18 odoo.addons.base.models.ir_cron: Job 'Partner Autocomplete: Sync with remote DB' (13) done in 0.006s 
2026-07-09 16:44:01,226 50814 INFO odoo18 odoo.addons.base.models.ir_cron: Job 'Partner Autocomplete: Sync with remote DB' (13) processed 0 records, 0 records remaining 
2026-07-09 16:44:01,233 50814 INFO odoo18 odoo.addons.base.models.ir_cron: Job 'Partner Autocomplete: Sync with remote DB' (13) completed 
2026-07-09 17:00:44,548 50814 INFO odoo18 odoo.addons.base.models.ir_cron: Job 'CRM: enrich leads (IAP)' (26) starting 
2026-07-09 17:00:44,577 50814 INFO odoo18 odoo.addons.base.models.ir_cron: Job 'CRM: enrich leads (IAP)' (26) done in 0.029s 
2026-07-09 17:00:44,584 50814 INFO odoo18 odoo.addons.base.models.ir_cron: Job 'CRM: enrich leads (IAP)' (26) processed 0 records, 0 records remaining 
2026-07-09 17:00:44,607 50814 INFO odoo18 odoo.addons.base.models.ir_cron: Job 'CRM: enrich leads (IAP)' (26) completed 
2026-07-09 17:36:36,714 50814 INFO odoo18 odoo.addons.base.models.ir_cron: Job 'Notification: Notify scheduled messages' (8) starting 
2026-07-09 17:36:36,733 50814 INFO odoo18 odoo.addons.base.models.ir_cron: Job 'Notification: Notify scheduled messages' (8) done in 0.018s 
2026-07-09 17:36:36,737 50814 INFO odoo18 odoo.addons.base.models.ir_cron: Job 'Notification: Notify scheduled messages' (8) processed 0 records, 0 records remaining 
2026-07-09 17:36:36,754 50814 INFO odoo18 odoo.addons.base.models.ir_cron: Job 'Notification: Notify scheduled messages' (8) completed 
2026-07-09 17:36:36,768 50814 INFO odoo18 odoo.addons.base.models.ir_cron: Job 'SMS: SMS Queue Manager' (14) starting 
2026-07-09 17:36:36,777 50814 INFO odoo18 odoo.addons.base.models.ir_cron: Job 'SMS: SMS Queue Manager' (14) done in 0.009s 
2026-07-09 17:36:36,783 50814 INFO odoo18 odoo.addons.base.models.ir_cron: Job 'SMS: SMS Queue Manager' (14) processed 0 records, 0 records remaining 
2026-07-09 17:36:36,793 50814 INFO odoo18 odoo.addons.base.models.ir_cron: Job 'SMS: SMS Queue Manager' (14) completed 
2026-07-09 17:36:36,809 50814 INFO odoo18 odoo.addons.base.models.ir_cron: Job 'Snailmail: process letters queue' (15) starting 
2026-07-09 17:36:36,820 50814 INFO odoo18 odoo.addons.base.models.ir_cron: Job 'Snailmail: process letters queue' (15) done in 0.011s 
2026-07-09 17:36:36,827 50814 INFO odoo18 odoo.addons.base.models.ir_cron: Job 'Snailmail: process letters queue' (15) processed 0 records, 0 records remaining 
2026-07-09 17:36:36,834 50814 INFO odoo18 odoo.addons.base.models.ir_cron: Job 'Snailmail: process letters queue' (15) completed 
2026-07-09 17:36:36,848 50814 INFO odoo18 odoo.addons.base.models.ir_cron: Job 'Mail: Email Queue Manager' (3) starting 
2026-07-09 17:36:36,861 50814 INFO odoo18 odoo.addons.base.models.ir_cron: Job 'Mail: Email Queue Manager' (3) done in 0.013s 
2026-07-09 17:36:36,866 50814 INFO odoo18 odoo.addons.base.models.ir_cron: Job 'Mail: Email Queue Manager' (3) processed 0 records, 0 records remaining 
2026-07-09 17:36:36,871 50814 INFO odoo18 odoo.addons.base.models.ir_cron: Job 'Mail: Email Queue Manager' (3) completed 
2026-07-09 17:36:36,885 50814 INFO odoo18 odoo.addons.base.models.ir_cron: Job 'Partner Autocomplete: Sync with remote DB' (13) starting 
2026-07-09 17:36:36,890 50814 INFO odoo18 odoo.addons.base.models.ir_cron: Job 'Partner Autocomplete: Sync with remote DB' (13) done in 0.005s 
2026-07-09 17:36:36,894 50814 INFO odoo18 odoo.addons.base.models.ir_cron: Job 'Partner Autocomplete: Sync with remote DB' (13) processed 0 records, 0 records remaining 
2026-07-09 17:36:36,900 50814 INFO odoo18 odoo.addons.base.models.ir_cron: Job 'Partner Autocomplete: Sync with remote DB' (13) completed 
2026-07-09 17:52:38,977 50814 INFO odoo18 odoo.addons.base.models.ir_cron: Job 'CRM: enrich leads (IAP)' (26) starting 
2026-07-09 17:52:38,994 50814 INFO odoo18 odoo.addons.base.models.ir_cron: Job 'CRM: enrich leads (IAP)' (26) done in 0.016s 
2026-07-09 17:52:38,999 50814 INFO odoo18 odoo.addons.base.models.ir_cron: Job 'CRM: enrich leads (IAP)' (26) processed 0 records, 0 records remaining 
2026-07-09 17:52:39,018 50814 INFO odoo18 odoo.addons.base.models.ir_cron: Job 'CRM: enrich leads (IAP)' (26) completed 
2026-07-09 18:34:00,289 50814 INFO odoo18 odoo.addons.base.models.ir_cron: Job 'Notification: Notify scheduled messages' (8) starting 
2026-07-09 18:34:00,315 50814 INFO odoo18 odoo.addons.base.models.ir_cron: Job 'Notification: Notify scheduled messages' (8) done in 0.024s 
2026-07-09 18:34:00,324 50814 INFO odoo18 odoo.addons.base.models.ir_cron: Job 'Notification: Notify scheduled messages' (8) processed 0 records, 0 records remaining 
2026-07-09 18:34:00,353 50814 INFO odoo18 odoo.addons.base.models.ir_cron: Job 'Notification: Notify scheduled messages' (8) completed 
2026-07-09 18:34:00,372 50814 INFO odoo18 odoo.addons.base.models.ir_cron: Job 'SMS: SMS Queue Manager' (14) starting 
2026-07-09 18:34:00,381 50814 INFO odoo18 odoo.addons.base.models.ir_cron: Job 'SMS: SMS Queue Manager' (14) done in 0.009s 
2026-07-09 18:34:00,385 50814 INFO odoo18 odoo.addons.base.models.ir_cron: Job 'SMS: SMS Queue Manager' (14) processed 0 records, 0 records remaining 
2026-07-09 18:34:00,391 50814 INFO odoo18 odoo.addons.base.models.ir_cron: Job 'SMS: SMS Queue Manager' (14) completed 
2026-07-09 18:34:00,400 50814 INFO odoo18 odoo.addons.base.models.ir_cron: Job 'Snailmail: process letters queue' (15) starting 
2026-07-09 18:34:00,408 50814 INFO odoo18 odoo.addons.base.models.ir_cron: Job 'Snailmail: process letters queue' (15) done in 0.008s 
2026-07-09 18:34:00,412 50814 INFO odoo18 odoo.addons.base.models.ir_cron: Job 'Snailmail: process letters queue' (15) processed 0 records, 0 records remaining 
2026-07-09 18:34:00,419 50814 INFO odoo18 odoo.addons.base.models.ir_cron: Job 'Snailmail: process letters queue' (15) completed 
2026-07-09 18:34:00,427 50814 INFO odoo18 odoo.addons.base.models.ir_cron: Job 'Mail: Email Queue Manager' (3) starting 
2026-07-09 18:34:00,436 50814 INFO odoo18 odoo.addons.base.models.ir_cron: Job 'Mail: Email Queue Manager' (3) done in 0.009s 
2026-07-09 18:34:00,441 50814 INFO odoo18 odoo.addons.base.models.ir_cron: Job 'Mail: Email Queue Manager' (3) processed 0 records, 0 records remaining 
2026-07-09 18:34:00,448 50814 INFO odoo18 odoo.addons.base.models.ir_cron: Job 'Mail: Email Queue Manager' (3) completed 
2026-07-09 18:34:00,455 50814 INFO odoo18 odoo.addons.base.models.ir_cron: Job 'Partner Autocomplete: Sync with remote DB' (13) starting 
2026-07-09 18:34:00,459 50814 INFO odoo18 odoo.addons.base.models.ir_cron: Job 'Partner Autocomplete: Sync with remote DB' (13) done in 0.003s 
2026-07-09 18:34:00,462 50814 INFO odoo18 odoo.addons.base.models.ir_cron: Job 'Partner Autocomplete: Sync with remote DB' (13) processed 0 records, 0 records remaining 
2026-07-09 18:34:00,467 50814 INFO odoo18 odoo.addons.base.models.ir_cron: Job 'Partner Autocomplete: Sync with remote DB' (13) completed 
2026-07-09 18:50:54,766 50814 INFO odoo18 odoo.addons.base.models.ir_cron: Job 'CRM: enrich leads (IAP)' (26) starting 
2026-07-09 18:50:54,793 50814 INFO odoo18 odoo.addons.base.models.ir_cron: Job 'CRM: enrich leads (IAP)' (26) done in 0.027s 
2026-07-09 18:50:54,800 50814 INFO odoo18 odoo.addons.base.models.ir_cron: Job 'CRM: enrich leads (IAP)' (26) processed 0 records, 0 records remaining 
2026-07-09 18:50:54,821 50814 INFO odoo18 odoo.addons.base.models.ir_cron: Job 'CRM: enrich leads (IAP)' (26) completed 
2026-07-09 19:41:16,911 50814 INFO odoo18 odoo.addons.base.models.ir_cron: Job 'Notification: Notify scheduled messages' (8) starting 
2026-07-09 19:41:16,918 50814 INFO odoo18 odoo.addons.base.models.ir_cron: Job 'Notification: Notify scheduled messages' (8) done in 0.007s 
2026-07-09 19:41:16,920 50814 INFO odoo18 odoo.addons.base.models.ir_cron: Job 'Notification: Notify scheduled messages' (8) processed 0 records, 0 records remaining 
2026-07-09 19:41:16,928 50814 INFO odoo18 odoo.addons.base.models.ir_cron: Job 'Notification: Notify scheduled messages' (8) completed 
2026-07-09 19:41:16,934 50814 INFO odoo18 odoo.addons.base.models.ir_cron: Job 'SMS: SMS Queue Manager' (14) starting 
2026-07-09 19:41:16,938 50814 INFO odoo18 odoo.addons.base.models.ir_cron: Job 'SMS: SMS Queue Manager' (14) done in 0.004s 
2026-07-09 19:41:16,940 50814 INFO odoo18 odoo.addons.base.models.ir_cron: Job 'SMS: SMS Queue Manager' (14) processed 0 records, 0 records remaining 
2026-07-09 19:41:16,944 50814 INFO odoo18 odoo.addons.base.models.ir_cron: Job 'SMS: SMS Queue Manager' (14) completed 
2026-07-09 19:41:16,951 50814 INFO odoo18 odoo.addons.base.models.ir_cron: Job 'Snailmail: process letters queue' (15) starting 
2026-07-09 19:41:16,956 50814 INFO odoo18 odoo.addons.base.models.ir_cron: Job 'Snailmail: process letters queue' (15) done in 0.005s 
2026-07-09 19:41:16,958 50814 INFO odoo18 odoo.addons.base.models.ir_cron: Job 'Snailmail: process letters queue' (15) processed 0 records, 0 records remaining 
2026-07-09 19:41:16,962 50814 INFO odoo18 odoo.addons.base.models.ir_cron: Job 'Snailmail: process letters queue' (15) completed 
2026-07-09 19:41:16,968 50814 INFO odoo18 odoo.addons.base.models.ir_cron: Job 'Mail: Email Queue Manager' (3) starting 
2026-07-09 19:41:16,975 50814 INFO odoo18 odoo.addons.base.models.ir_cron: Job 'Mail: Email Queue Manager' (3) done in 0.007s 
2026-07-09 19:41:16,979 50814 INFO odoo18 odoo.addons.base.models.ir_cron: Job 'Mail: Email Queue Manager' (3) processed 0 records, 0 records remaining 
2026-07-09 19:41:16,984 50814 INFO odoo18 odoo.addons.base.models.ir_cron: Job 'Mail: Email Queue Manager' (3) completed 
2026-07-09 19:41:16,990 50814 INFO odoo18 odoo.addons.base.models.ir_cron: Job 'Partner Autocomplete: Sync with remote DB' (13) starting 
2026-07-09 19:41:16,993 50814 INFO odoo18 odoo.addons.base.models.ir_cron: Job 'Partner Autocomplete: Sync with remote DB' (13) done in 0.003s 
2026-07-09 19:41:16,996 50814 INFO odoo18 odoo.addons.base.models.ir_cron: Job 'Partner Autocomplete: Sync with remote DB' (13) processed 0 records, 0 records remaining 
2026-07-09 19:41:17,001 50814 INFO odoo18 odoo.addons.base.models.ir_cron: Job 'Partner Autocomplete: Sync with remote DB' (13) completed 
2026-07-09 19:59:15,418 50814 INFO odoo18 odoo.addons.base.models.ir_cron: Job 'CRM: enrich leads (IAP)' (26) starting 
2026-07-09 19:59:15,435 50814 INFO odoo18 odoo.addons.base.models.ir_cron: Job 'CRM: enrich leads (IAP)' (26) done in 0.017s 
2026-07-09 19:59:15,442 50814 INFO odoo18 odoo.addons.base.models.ir_cron: Job 'CRM: enrich leads (IAP)' (26) processed 0 records, 0 records remaining 
2026-07-09 19:59:15,458 50814 INFO odoo18 odoo.addons.base.models.ir_cron: Job 'CRM: enrich leads (IAP)' (26) completed 
2026-07-09 20:36:38,289 50814 INFO odoo18 odoo.addons.base.models.ir_cron: Job 'Notification: Notify scheduled messages' (8) starting 
2026-07-09 20:36:38,306 50814 INFO odoo18 odoo.addons.base.models.ir_cron: Job 'Notification: Notify scheduled messages' (8) done in 0.017s 
2026-07-09 20:36:38,312 50814 INFO odoo18 odoo.addons.base.models.ir_cron: Job 'Notification: Notify scheduled messages' (8) processed 0 records, 0 records remaining 
2026-07-09 20:36:38,334 50814 INFO odoo18 odoo.addons.base.models.ir_cron: Job 'Notification: Notify scheduled messages' (8) completed 
2026-07-09 20:36:38,342 50814 INFO odoo18 odoo.addons.base.models.ir_cron: Job 'SMS: SMS Queue Manager' (14) starting 
2026-07-09 20:36:38,346 50814 INFO odoo18 odoo.addons.base.models.ir_cron: Job 'SMS: SMS Queue Manager' (14) done in 0.003s 
2026-07-09 20:36:38,347 50814 INFO odoo18 odoo.addons.base.models.ir_cron: Job 'SMS: SMS Queue Manager' (14) processed 0 records, 0 records remaining 
2026-07-09 20:36:38,349 50814 INFO odoo18 odoo.addons.base.models.ir_cron: Job 'SMS: SMS Queue Manager' (14) completed 
2026-07-09 20:36:38,353 50814 INFO odoo18 odoo.addons.base.models.ir_cron: Job 'Snailmail: process letters queue' (15) starting 
2026-07-09 20:36:38,356 50814 INFO odoo18 odoo.addons.base.models.ir_cron: Job 'Snailmail: process letters queue' (15) done in 0.003s 
2026-07-09 20:36:38,358 50814 INFO odoo18 odoo.addons.base.models.ir_cron: Job 'Snailmail: process letters queue' (15) processed 0 records, 0 records remaining 
2026-07-09 20:36:38,359 50814 INFO odoo18 odoo.addons.base.models.ir_cron: Job 'Snailmail: process letters queue' (15) completed 
2026-07-09 20:36:38,364 50814 INFO odoo18 odoo.addons.base.models.ir_cron: Job 'Mail: Email Queue Manager' (3) starting 
2026-07-09 20:36:38,370 50814 INFO odoo18 odoo.addons.base.models.ir_cron: Job 'Mail: Email Queue Manager' (3) done in 0.005s 
2026-07-09 20:36:38,372 50814 INFO odoo18 odoo.addons.base.models.ir_cron: Job 'Mail: Email Queue Manager' (3) processed 0 records, 0 records remaining 
2026-07-09 20:36:38,375 50814 INFO odoo18 odoo.addons.base.models.ir_cron: Job 'Mail: Email Queue Manager' (3) completed 
2026-07-09 20:36:38,380 50814 INFO odoo18 odoo.addons.base.models.ir_cron: Job 'Partner Autocomplete: Sync with remote DB' (13) starting 
2026-07-09 20:36:38,381 50814 INFO odoo18 odoo.addons.base.models.ir_cron: Job 'Partner Autocomplete: Sync with remote DB' (13) done in 0.002s 
2026-07-09 20:36:38,383 50814 INFO odoo18 odoo.addons.base.models.ir_cron: Job 'Partner Autocomplete: Sync with remote DB' (13) processed 0 records, 0 records remaining 
2026-07-09 20:36:38,385 50814 INFO odoo18 odoo.addons.base.models.ir_cron: Job 'Partner Autocomplete: Sync with remote DB' (13) completed 
2026-07-09 20:56:34,212 50814 INFO odoo18 odoo.addons.base.models.ir_cron: Job 'CRM: enrich leads (IAP)' (26) starting 
2026-07-09 20:56:34,234 50814 INFO odoo18 odoo.addons.base.models.ir_cron: Job 'CRM: enrich leads (IAP)' (26) done in 0.021s 
2026-07-09 20:56:34,241 50814 INFO odoo18 odoo.addons.base.models.ir_cron: Job 'CRM: enrich leads (IAP)' (26) processed 0 records, 0 records remaining 
2026-07-09 20:56:34,264 50814 INFO odoo18 odoo.addons.base.models.ir_cron: Job 'CRM: enrich leads (IAP)' (26) completed 
2026-07-09 21:40:15,677 50814 INFO odoo18 odoo.addons.base.models.ir_cron: Job 'Notification: Notify scheduled messages' (8) starting 
2026-07-09 21:40:15,695 50814 INFO odoo18 odoo.addons.base.models.ir_cron: Job 'Notification: Notify scheduled messages' (8) done in 0.017s 
2026-07-09 21:40:15,701 50814 INFO odoo18 odoo.addons.base.models.ir_cron: Job 'Notification: Notify scheduled messages' (8) processed 0 records, 0 records remaining 
2026-07-09 21:40:15,725 50814 INFO odoo18 odoo.addons.base.models.ir_cron: Job 'Notification: Notify scheduled messages' (8) completed 
2026-07-09 21:40:15,741 50814 INFO odoo18 odoo.addons.base.models.ir_cron: Job 'SMS: SMS Queue Manager' (14) starting 
2026-07-09 21:40:15,751 50814 INFO odoo18 odoo.addons.base.models.ir_cron: Job 'SMS: SMS Queue Manager' (14) done in 0.010s 
2026-07-09 21:40:15,758 50814 INFO odoo18 odoo.addons.base.models.ir_cron: Job 'SMS: SMS Queue Manager' (14) processed 0 records, 0 records remaining 
2026-07-09 21:40:15,767 50814 INFO odoo18 odoo.addons.base.models.ir_cron: Job 'SMS: SMS Queue Manager' (14) completed 
2026-07-09 21:40:15,778 50814 INFO odoo18 odoo.addons.base.models.ir_cron: Job 'Snailmail: process letters queue' (15) starting 
2026-07-09 21:40:15,785 50814 INFO odoo18 odoo.addons.base.models.ir_cron: Job 'Snailmail: process letters queue' (15) done in 0.006s 
2026-07-09 21:40:15,790 50814 INFO odoo18 odoo.addons.base.models.ir_cron: Job 'Snailmail: process letters queue' (15) processed 0 records, 0 records remaining 
2026-07-09 21:40:15,796 50814 INFO odoo18 odoo.addons.base.models.ir_cron: Job 'Snailmail: process letters queue' (15) completed 
2026-07-09 21:40:15,809 50814 INFO odoo18 odoo.addons.base.models.ir_cron: Job 'Mail: Email Queue Manager' (3) starting 
2026-07-09 21:40:15,821 50814 INFO odoo18 odoo.addons.base.models.ir_cron: Job 'Mail: Email Queue Manager' (3) done in 0.011s 
2026-07-09 21:40:15,826 50814 INFO odoo18 odoo.addons.base.models.ir_cron: Job 'Mail: Email Queue Manager' (3) processed 0 records, 0 records remaining 
2026-07-09 21:40:15,834 50814 INFO odoo18 odoo.addons.base.models.ir_cron: Job 'Mail: Email Queue Manager' (3) completed 
2026-07-09 21:40:15,849 50814 INFO odoo18 odoo.addons.base.models.ir_cron: Job 'Partner Autocomplete: Sync with remote DB' (13) starting 
2026-07-09 21:40:15,854 50814 INFO odoo18 odoo.addons.base.models.ir_cron: Job 'Partner Autocomplete: Sync with remote DB' (13) done in 0.005s 
2026-07-09 21:40:15,859 50814 INFO odoo18 odoo.addons.base.models.ir_cron: Job 'Partner Autocomplete: Sync with remote DB' (13) processed 0 records, 0 records remaining 
2026-07-09 21:40:15,866 50814 INFO odoo18 odoo.addons.base.models.ir_cron: Job 'Partner Autocomplete: Sync with remote DB' (13) completed 
2026-07-09 22:01:45,451 50814 INFO odoo18 odoo.addons.base.models.ir_cron: Job 'CRM: enrich leads (IAP)' (26) starting 
2026-07-09 22:01:45,470 50814 INFO odoo18 odoo.addons.base.models.ir_cron: Job 'CRM: enrich leads (IAP)' (26) done in 0.018s 
2026-07-09 22:01:45,475 50814 INFO odoo18 odoo.addons.base.models.ir_cron: Job 'CRM: enrich leads (IAP)' (26) processed 0 records, 0 records remaining 
2026-07-09 22:01:45,488 50814 INFO odoo18 odoo.addons.base.models.ir_cron: Job 'CRM: enrich leads (IAP)' (26) completed 
2026-07-09 22:37:37,827 50814 INFO odoo18 odoo.addons.base.models.ir_cron: Job 'Notification: Notify scheduled messages' (8) starting 
2026-07-09 22:37:37,845 50814 INFO odoo18 odoo.addons.base.models.ir_cron: Job 'Notification: Notify scheduled messages' (8) done in 0.017s 
2026-07-09 22:37:37,853 50814 INFO odoo18 odoo.addons.base.models.ir_cron: Job 'Notification: Notify scheduled messages' (8) processed 0 records, 0 records remaining 
2026-07-09 22:37:37,877 50814 INFO odoo18 odoo.addons.base.models.ir_cron: Job 'Notification: Notify scheduled messages' (8) completed 
2026-07-09 22:37:37,896 50814 INFO odoo18 odoo.addons.base.models.ir_cron: Job 'SMS: SMS Queue Manager' (14) starting 
2026-07-09 22:37:37,908 50814 INFO odoo18 odoo.addons.base.models.ir_cron: Job 'SMS: SMS Queue Manager' (14) done in 0.012s 
2026-07-09 22:37:37,915 50814 INFO odoo18 odoo.addons.base.models.ir_cron: Job 'SMS: SMS Queue Manager' (14) processed 0 records, 0 records remaining 
2026-07-09 22:37:37,926 50814 INFO odoo18 odoo.addons.base.models.ir_cron: Job 'SMS: SMS Queue Manager' (14) completed 
2026-07-09 22:37:37,944 50814 INFO odoo18 odoo.addons.base.models.ir_cron: Job 'Snailmail: process letters queue' (15) starting 
2026-07-09 22:37:37,956 50814 INFO odoo18 odoo.addons.base.models.ir_cron: Job 'Snailmail: process letters queue' (15) done in 0.011s 
2026-07-09 22:37:37,964 50814 INFO odoo18 odoo.addons.base.models.ir_cron: Job 'Snailmail: process letters queue' (15) processed 0 records, 0 records remaining 
2026-07-09 22:37:37,973 50814 INFO odoo18 odoo.addons.base.models.ir_cron: Job 'Snailmail: process letters queue' (15) completed 
2026-07-09 22:37:37,982 50814 INFO odoo18 odoo.addons.base.models.ir_cron: Job 'Mail: Email Queue Manager' (3) starting 
2026-07-09 22:37:37,988 50814 INFO odoo18 odoo.addons.base.models.ir_cron: Job 'Mail: Email Queue Manager' (3) done in 0.006s 
2026-07-09 22:37:37,990 50814 INFO odoo18 odoo.addons.base.models.ir_cron: Job 'Mail: Email Queue Manager' (3) processed 0 records, 0 records remaining 
2026-07-09 22:37:37,994 50814 INFO odoo18 odoo.addons.base.models.ir_cron: Job 'Mail: Email Queue Manager' (3) completed 
2026-07-09 22:37:38,000 50814 INFO odoo18 odoo.addons.base.models.ir_cron: Job 'Partner Autocomplete: Sync with remote DB' (13) starting 
2026-07-09 22:37:38,002 50814 INFO odoo18 odoo.addons.base.models.ir_cron: Job 'Partner Autocomplete: Sync with remote DB' (13) done in 0.003s 
2026-07-09 22:37:38,005 50814 INFO odoo18 odoo.addons.base.models.ir_cron: Job 'Partner Autocomplete: Sync with remote DB' (13) processed 0 records, 0 records remaining 
2026-07-09 22:37:38,010 50814 INFO odoo18 odoo.addons.base.models.ir_cron: Job 'Partner Autocomplete: Sync with remote DB' (13) completed 
2026-07-09 22:54:00,375 50814 INFO odoo18 odoo.addons.base.models.ir_cron: Job 'CRM: enrich leads (IAP)' (26) starting 
2026-07-09 22:54:00,402 50814 INFO odoo18 odoo.addons.base.models.ir_cron: Job 'CRM: enrich leads (IAP)' (26) done in 0.026s 
2026-07-09 22:54:00,411 50814 INFO odoo18 odoo.addons.base.models.ir_cron: Job 'CRM: enrich leads (IAP)' (26) processed 0 records, 0 records remaining 
2026-07-09 22:54:00,435 50814 INFO odoo18 odoo.addons.base.models.ir_cron: Job 'CRM: enrich leads (IAP)' (26) completed 
2026-07-09 23:37:20,095 50814 INFO odoo18 odoo.addons.base.models.ir_cron: Job 'Notification: Notify scheduled messages' (8) starting 
2026-07-09 23:37:20,112 50814 INFO odoo18 odoo.addons.base.models.ir_cron: Job 'Notification: Notify scheduled messages' (8) done in 0.017s 
2026-07-09 23:37:20,120 50814 INFO odoo18 odoo.addons.base.models.ir_cron: Job 'Notification: Notify scheduled messages' (8) processed 0 records, 0 records remaining 
2026-07-09 23:37:20,146 50814 INFO odoo18 odoo.addons.base.models.ir_cron: Job 'Notification: Notify scheduled messages' (8) completed 
2026-07-09 23:37:20,168 50814 INFO odoo18 odoo.addons.base.models.ir_cron: Job 'SMS: SMS Queue Manager' (14) starting 
2026-07-09 23:37:20,180 50814 INFO odoo18 odoo.addons.base.models.ir_cron: Job 'SMS: SMS Queue Manager' (14) done in 0.012s 
2026-07-09 23:37:20,189 50814 INFO odoo18 odoo.addons.base.models.ir_cron: Job 'SMS: SMS Queue Manager' (14) processed 0 records, 0 records remaining 
2026-07-09 23:37:20,199 50814 INFO odoo18 odoo.addons.base.models.ir_cron: Job 'SMS: SMS Queue Manager' (14) completed 
2026-07-09 23:37:20,218 50814 INFO odoo18 odoo.addons.base.models.ir_cron: Job 'Snailmail: process letters queue' (15) starting 
2026-07-09 23:37:20,229 50814 INFO odoo18 odoo.addons.base.models.ir_cron: Job 'Snailmail: process letters queue' (15) done in 0.011s 
2026-07-09 23:37:20,236 50814 INFO odoo18 odoo.addons.base.models.ir_cron: Job 'Snailmail: process letters queue' (15) processed 0 records, 0 records remaining 
2026-07-09 23:37:20,244 50814 INFO odoo18 odoo.addons.base.models.ir_cron: Job 'Snailmail: process letters queue' (15) completed 
2026-07-09 23:37:20,257 50814 INFO odoo18 odoo.addons.base.models.ir_cron: Job 'Mail: Email Queue Manager' (3) starting 
2026-07-09 23:37:20,268 50814 INFO odoo18 odoo.addons.base.models.ir_cron: Job 'Mail: Email Queue Manager' (3) done in 0.012s 
2026-07-09 23:37:20,274 50814 INFO odoo18 odoo.addons.base.models.ir_cron: Job 'Mail: Email Queue Manager' (3) processed 0 records, 0 records remaining 
2026-07-09 23:37:20,283 50814 INFO odoo18 odoo.addons.base.models.ir_cron: Job 'Mail: Email Queue Manager' (3) completed 
2026-07-09 23:37:20,295 50814 INFO odoo18 odoo.addons.base.models.ir_cron: Job 'Partner Autocomplete: Sync with remote DB' (13) starting 
2026-07-09 23:37:20,300 50814 INFO odoo18 odoo.addons.base.models.ir_cron: Job 'Partner Autocomplete: Sync with remote DB' (13) done in 0.005s 
2026-07-09 23:37:20,305 50814 INFO odoo18 odoo.addons.base.models.ir_cron: Job 'Partner Autocomplete: Sync with remote DB' (13) processed 0 records, 0 records remaining 
2026-07-09 23:37:20,311 50814 INFO odoo18 odoo.addons.base.models.ir_cron: Job 'Partner Autocomplete: Sync with remote DB' (13) completed 
2026-07-09 23:50:19,909 50814 INFO odoo18 odoo.addons.base.models.ir_cron: Job 'CRM: enrich leads (IAP)' (26) starting 
2026-07-09 23:50:19,930 50814 INFO odoo18 odoo.addons.base.models.ir_cron: Job 'CRM: enrich leads (IAP)' (26) done in 0.020s 
2026-07-09 23:50:19,937 50814 INFO odoo18 odoo.addons.base.models.ir_cron: Job 'CRM: enrich leads (IAP)' (26) processed 0 records, 0 records remaining 
2026-07-09 23:50:19,949 50814 INFO odoo18 odoo.addons.base.models.ir_cron: Job 'CRM: enrich leads (IAP)' (26) completed 
2026-07-10 00:41:00,990 50814 INFO odoo18 odoo.addons.base.models.ir_cron: Job 'Notification: Notify scheduled messages' (8) starting 
2026-07-10 00:41:01,054 50814 INFO odoo18 odoo.addons.base.models.ir_cron: Job 'Notification: Notify scheduled messages' (8) done in 0.065s 
2026-07-10 00:41:01,056 50814 INFO odoo18 odoo.addons.base.models.ir_cron: Job 'Notification: Notify scheduled messages' (8) processed 0 records, 0 records remaining 
2026-07-10 00:41:01,068 50814 INFO odoo18 odoo.addons.base.models.ir_cron: Job 'Notification: Notify scheduled messages' (8) completed 
2026-07-10 00:41:01,078 50814 INFO odoo18 odoo.addons.base.models.ir_cron: Job 'SMS: SMS Queue Manager' (14) starting 
2026-07-10 00:41:01,080 50814 INFO odoo18 odoo.addons.base.models.ir_cron: Job 'SMS: SMS Queue Manager' (14) done in 0.002s 
2026-07-10 00:41:01,081 50814 INFO odoo18 odoo.addons.base.models.ir_cron: Job 'SMS: SMS Queue Manager' (14) processed 0 records, 0 records remaining 
2026-07-10 00:41:01,083 50814 INFO odoo18 odoo.addons.base.models.ir_cron: Job 'SMS: SMS Queue Manager' (14) completed 
2026-07-10 00:41:01,085 50814 INFO odoo18 odoo.addons.base.models.ir_cron: Job 'Snailmail: process letters queue' (15) starting 
2026-07-10 00:41:01,087 50814 INFO odoo18 odoo.addons.base.models.ir_cron: Job 'Snailmail: process letters queue' (15) done in 0.002s 
2026-07-10 00:41:01,088 50814 INFO odoo18 odoo.addons.base.models.ir_cron: Job 'Snailmail: process letters queue' (15) processed 0 records, 0 records remaining 
2026-07-10 00:41:01,090 50814 INFO odoo18 odoo.addons.base.models.ir_cron: Job 'Snailmail: process letters queue' (15) completed 
2026-07-10 00:41:01,093 50814 INFO odoo18 odoo.addons.base.models.ir_cron: Job 'Mail: Email Queue Manager' (3) starting 
2026-07-10 00:41:01,126 50814 INFO odoo18 odoo.addons.base.models.ir_cron: Job 'Mail: Email Queue Manager' (3) done in 0.033s 
2026-07-10 00:41:01,127 50814 INFO odoo18 odoo.addons.base.models.ir_cron: Job 'Mail: Email Queue Manager' (3) processed 0 records, 0 records remaining 
2026-07-10 00:41:01,129 50814 INFO odoo18 odoo.addons.base.models.ir_cron: Job 'Mail: Email Queue Manager' (3) completed 
2026-07-10 00:41:01,132 50814 INFO odoo18 odoo.addons.base.models.ir_cron: Job 'Partner Autocomplete: Sync with remote DB' (13) starting 
2026-07-10 00:41:01,133 50814 INFO odoo18 odoo.addons.base.models.ir_cron: Job 'Partner Autocomplete: Sync with remote DB' (13) done in 0.001s 
2026-07-10 00:41:01,135 50814 INFO odoo18 odoo.addons.base.models.ir_cron: Job 'Partner Autocomplete: Sync with remote DB' (13) processed 0 records, 0 records remaining 
2026-07-10 00:41:01,138 50814 INFO odoo18 odoo.addons.base.models.ir_cron: Job 'Partner Autocomplete: Sync with remote DB' (13) completed 
2026-07-10 00:58:05,535 50814 INFO odoo18 odoo.addons.base.models.ir_cron: Job 'CRM: enrich leads (IAP)' (26) starting 
2026-07-10 00:58:05,554 50814 INFO odoo18 odoo.addons.base.models.ir_cron: Job 'CRM: enrich leads (IAP)' (26) done in 0.019s 
2026-07-10 00:58:05,559 50814 INFO odoo18 odoo.addons.base.models.ir_cron: Job 'CRM: enrich leads (IAP)' (26) processed 0 records, 0 records remaining 
2026-07-10 00:58:05,571 50814 INFO odoo18 odoo.addons.base.models.ir_cron: Job 'CRM: enrich leads (IAP)' (26) completed 
2026-07-10 01:40:32,031 50814 INFO odoo18 odoo.addons.base.models.ir_cron: Job 'Notification: Notify scheduled messages' (8) starting 
2026-07-10 01:40:32,052 50814 INFO odoo18 odoo.addons.base.models.ir_cron: Job 'Notification: Notify scheduled messages' (8) done in 0.021s 
2026-07-10 01:40:32,061 50814 INFO odoo18 odoo.addons.base.models.ir_cron: Job 'Notification: Notify scheduled messages' (8) processed 0 records, 0 records remaining 
2026-07-10 01:40:32,082 50814 INFO odoo18 odoo.addons.base.models.ir_cron: Job 'Notification: Notify scheduled messages' (8) completed 
2026-07-10 01:40:32,098 50814 INFO odoo18 odoo.addons.base.models.ir_cron: Job 'SMS: SMS Queue Manager' (14) starting 
2026-07-10 01:40:32,107 50814 INFO odoo18 odoo.addons.base.models.ir_cron: Job 'SMS: SMS Queue Manager' (14) done in 0.008s 
2026-07-10 01:40:32,112 50814 INFO odoo18 odoo.addons.base.models.ir_cron: Job 'SMS: SMS Queue Manager' (14) processed 0 records, 0 records remaining 
2026-07-10 01:40:32,119 50814 INFO odoo18 odoo.addons.base.models.ir_cron: Job 'SMS: SMS Queue Manager' (14) completed 
2026-07-10 01:40:32,135 50814 INFO odoo18 odoo.addons.base.models.ir_cron: Job 'Snailmail: process letters queue' (15) starting 
2026-07-10 01:40:32,146 50814 INFO odoo18 odoo.addons.base.models.ir_cron: Job 'Snailmail: process letters queue' (15) done in 0.011s 
2026-07-10 01:40:32,153 50814 INFO odoo18 odoo.addons.base.models.ir_cron: Job 'Snailmail: process letters queue' (15) processed 0 records, 0 records remaining 
2026-07-10 01:40:32,164 50814 INFO odoo18 odoo.addons.base.models.ir_cron: Job 'Snailmail: process letters queue' (15) completed 
2026-07-10 01:40:32,183 50814 INFO odoo18 odoo.addons.base.models.ir_cron: Job 'Mail: Email Queue Manager' (3) starting 
2026-07-10 01:40:32,199 50814 INFO odoo18 odoo.addons.base.models.ir_cron: Job 'Mail: Email Queue Manager' (3) done in 0.015s 
2026-07-10 01:40:32,206 50814 INFO odoo18 odoo.addons.base.models.ir_cron: Job 'Mail: Email Queue Manager' (3) processed 0 records, 0 records remaining 
2026-07-10 01:40:32,217 50814 INFO odoo18 odoo.addons.base.models.ir_cron: Job 'Mail: Email Queue Manager' (3) completed 
2026-07-10 01:40:32,236 50814 INFO odoo18 odoo.addons.base.models.ir_cron: Job 'Partner Autocomplete: Sync with remote DB' (13) starting 
2026-07-10 01:40:32,244 50814 INFO odoo18 odoo.addons.base.models.ir_cron: Job 'Partner Autocomplete: Sync with remote DB' (13) done in 0.007s 
2026-07-10 01:40:32,251 50814 INFO odoo18 odoo.addons.base.models.ir_cron: Job 'Partner Autocomplete: Sync with remote DB' (13) processed 0 records, 0 records remaining 
2026-07-10 01:40:32,261 50814 INFO odoo18 odoo.addons.base.models.ir_cron: Job 'Partner Autocomplete: Sync with remote DB' (13) completed 
2026-07-10 01:49:37,926 50814 INFO odoo18 odoo.addons.base.models.ir_cron: Job 'CRM: enrich leads (IAP)' (26) starting 
2026-07-10 01:49:37,944 50814 INFO odoo18 odoo.addons.base.models.ir_cron: Job 'CRM: enrich leads (IAP)' (26) done in 0.017s 
2026-07-10 01:49:37,950 50814 INFO odoo18 odoo.addons.base.models.ir_cron: Job 'CRM: enrich leads (IAP)' (26) processed 0 records, 0 records remaining 
2026-07-10 01:49:37,959 50814 INFO odoo18 odoo.addons.base.models.ir_cron: Job 'CRM: enrich leads (IAP)' (26) completed 
2026-07-10 02:01:50,230 50814 INFO odoo18 odoo.addons.base.models.ir_cron: Job 'Account: Post draft entries with auto_post enabled and accounting date up to today' (18) starting 
2026-07-10 02:01:50,284 50814 INFO odoo18 odoo.addons.base.models.ir_cron: Job 'Account: Post draft entries with auto_post enabled and accounting date up to today' (18) done in 0.053s 
2026-07-10 02:01:50,289 50814 INFO odoo18 odoo.addons.base.models.ir_cron: Job 'Account: Post draft entries with auto_post enabled and accounting date up to today' (18) processed 0 records, 0 records remaining 
2026-07-10 02:01:50,295 50814 INFO odoo18 odoo.addons.base.models.ir_cron: Job 'Account: Post draft entries with auto_post enabled and accounting date up to today' (18) completed 
2026-07-10 02:32:53,819 50814 INFO odoo18 odoo.addons.base.models.ir_cron: Job 'Notification: Notify scheduled messages' (8) starting 
2026-07-10 02:32:53,829 50814 INFO odoo18 odoo.addons.base.models.ir_cron: Job 'Notification: Notify scheduled messages' (8) done in 0.010s 
2026-07-10 02:32:53,833 50814 INFO odoo18 odoo.addons.base.models.ir_cron: Job 'Notification: Notify scheduled messages' (8) processed 0 records, 0 records remaining 
2026-07-10 02:32:53,838 50814 INFO odoo18 odoo.addons.base.models.ir_cron: Job 'Notification: Notify scheduled messages' (8) completed 
2026-07-10 02:32:53,846 50814 INFO odoo18 odoo.addons.base.models.ir_cron: Job 'SMS: SMS Queue Manager' (14) starting 
2026-07-10 02:32:53,856 50814 INFO odoo18 odoo.addons.base.models.ir_cron: Job 'SMS: SMS Queue Manager' (14) done in 0.010s 
2026-07-10 02:32:53,858 50814 INFO odoo18 odoo.addons.base.models.ir_cron: Job 'SMS: SMS Queue Manager' (14) processed 0 records, 0 records remaining 
2026-07-10 02:32:53,862 50814 INFO odoo18 odoo.addons.base.models.ir_cron: Job 'SMS: SMS Queue Manager' (14) completed 
2026-07-10 02:32:53,869 50814 INFO odoo18 odoo.addons.base.models.ir_cron: Job 'Snailmail: process letters queue' (15) starting 
2026-07-10 02:32:53,875 50814 INFO odoo18 odoo.addons.base.models.ir_cron: Job 'Snailmail: process letters queue' (15) done in 0.006s 
2026-07-10 02:32:53,877 50814 INFO odoo18 odoo.addons.base.models.ir_cron: Job 'Snailmail: process letters queue' (15) processed 0 records, 0 records remaining 
2026-07-10 02:32:53,883 50814 INFO odoo18 odoo.addons.base.models.ir_cron: Job 'Snailmail: process letters queue' (15) completed 
2026-07-10 02:32:53,896 50814 INFO odoo18 odoo.addons.base.models.ir_cron: Job 'Mail: Email Queue Manager' (3) starting 
2026-07-10 02:32:53,907 50814 INFO odoo18 odoo.addons.base.models.ir_cron: Job 'Mail: Email Queue Manager' (3) done in 0.011s 
2026-07-10 02:32:53,910 50814 INFO odoo18 odoo.addons.base.models.ir_cron: Job 'Mail: Email Queue Manager' (3) processed 0 records, 0 records remaining 
2026-07-10 02:32:53,914 50814 INFO odoo18 odoo.addons.base.models.ir_cron: Job 'Mail: Email Queue Manager' (3) completed 
2026-07-10 02:32:53,922 50814 INFO odoo18 odoo.addons.base.models.ir_cron: Job 'Partner Autocomplete: Sync with remote DB' (13) starting 
2026-07-10 02:32:53,926 50814 INFO odoo18 odoo.addons.base.models.ir_cron: Job 'Partner Autocomplete: Sync with remote DB' (13) done in 0.003s 
2026-07-10 02:32:53,929 50814 INFO odoo18 odoo.addons.base.models.ir_cron: Job 'Partner Autocomplete: Sync with remote DB' (13) processed 0 records, 0 records remaining 
2026-07-10 02:32:53,933 50814 INFO odoo18 odoo.addons.base.models.ir_cron: Job 'Partner Autocomplete: Sync with remote DB' (13) completed 
2026-07-10 02:46:35,138 50814 INFO odoo18 odoo.addons.base.models.ir_cron: Job 'CRM: enrich leads (IAP)' (26) starting 
2026-07-10 02:46:35,167 50814 INFO odoo18 odoo.addons.base.models.ir_cron: Job 'CRM: enrich leads (IAP)' (26) done in 0.028s 
2026-07-10 02:46:35,172 50814 INFO odoo18 odoo.addons.base.models.ir_cron: Job 'CRM: enrich leads (IAP)' (26) processed 0 records, 0 records remaining 
2026-07-10 02:46:35,181 50814 INFO odoo18 odoo.addons.base.models.ir_cron: Job 'CRM: enrich leads (IAP)' (26) completed 
2026-07-10 03:01:17,045 50814 INFO odoo18 werkzeug: 127.0.0.1 - - [10/Jul/2026 03:01:17] "GET /web/login HTTP/1.1" 200 - 29 0.049 0.069
2026-07-10 03:01:17,081 50814 INFO odoo18 werkzeug: 127.0.0.1 - - [10/Jul/2026 03:01:17] "GET /web/binary/company_logo HTTP/1.1" 304 - 3 0.007 0.011
2026-07-10 03:01:17,124 50814 INFO odoo18 werkzeug: 127.0.0.1 - - [10/Jul/2026 03:01:17] "GET /website/translations/5a8c1160f0eccbeb7d885c11552b650e53626fb2 HTTP/1.1" 303 - 6 0.009 0.007
2026-07-10 03:01:29,981 50814 INFO odoo18 odoo.addons.base.models.res_users: Login successful for db:odoo18 login:admin from 127.0.0.1 
2026-07-10 03:01:29,995 50814 INFO odoo18 werkzeug: 127.0.0.1 - - [10/Jul/2026 03:01:29] "POST /web/login HTTP/1.1" 303 - 35 0.050 0.257
2026-07-10 03:01:30,003 50814 INFO odoo18 odoo.addons.base.models.res_device: User 2 inserts device log (Fe9AqtiZBKZzJm_uwVNA2H4vGN4x96nLUfH-veDJFC) 
2026-07-10 03:01:30,689 50814 INFO odoo18 werkzeug: 127.0.0.1 - - [10/Jul/2026 03:01:30] "GET /odoo HTTP/1.1" 200 - 80 0.070 0.622
2026-07-10 03:01:30,722 50814 INFO odoo18 werkzeug: 127.0.0.1 - - [10/Jul/2026 03:01:30] "GET /web/webclient/translations/5e56e0b8742c8b8cd60e13b7dd106e817d126e90?lang=zh_CN HTTP/1.1" 200 - 1 0.002 0.023
2026-07-10 03:01:30,730 50814 INFO odoo18 werkzeug: 127.0.0.1 - - [10/Jul/2026 03:01:30] "GET /web/webclient/load_menus/3c8f31556bbb0470228d38403fe15d9958d4d98abdf14cf0b12fdd50f446c3e8 HTTP/1.1" 200 - 24 0.021 0.012
2026-07-10 03:01:31,325 50814 INFO odoo18 odoo.addons.base.models.assetsbundle: Generating a new asset bundle attachment /web/assets/363e11a/web.assets_web.min.css (id:854) 
2026-07-10 03:01:31,326 50814 INFO odoo18 odoo.addons.base.models.assetsbundle: Deleting attachments [848] (matching /web/assets/_______/web.assets_web.min.css) because it was replaced with /web/assets/363e11a/web.assets_web.min.css 
2026-07-10 03:01:31,385 50814 INFO odoo18 werkzeug: 127.0.0.1 - - [10/Jul/2026 03:01:31] "GET /web/assets/363e11a/web.assets_web.min.css HTTP/1.1" 200 - 16 0.070 0.623
2026-07-10 03:01:32,146 50814 INFO odoo18 odoo.addons.base.models.assetsbundle: Generating a new asset bundle attachment /web/assets/fc5950a/web.assets_web_print.min.css (id:855) 
2026-07-10 03:01:32,148 50814 INFO odoo18 odoo.addons.base.models.assetsbundle: Deleting attachments [849] (matching /web/assets/_______/web.assets_web_print.min.css) because it was replaced with /web/assets/fc5950a/web.assets_web_print.min.css 
2026-07-10 03:01:32,169 50814 INFO odoo18 werkzeug: 127.0.0.1 - - [10/Jul/2026 03:01:32] "GET /web/assets/fc5950a/web.assets_web_print.min.css HTTP/1.1" 200 - 10 0.047 0.725
2026-07-10 03:01:33,288 50814 INFO odoo18 odoo.addons.base.models.assetsbundle: Generating a new asset bundle attachment /web/assets/58708e2/web.assets_web.min.js (id:856) 
2026-07-10 03:01:33,289 50814 INFO odoo18 odoo.addons.base.models.assetsbundle: Deleting attachments [850] (matching /web/assets/_______/web.assets_web.min.js) because it was replaced with /web/assets/58708e2/web.assets_web.min.js 
2026-07-10 03:01:33,311 50814 INFO odoo18 werkzeug: 127.0.0.1 - - [10/Jul/2026 03:01:33] "GET /web/assets/58708e2/web.assets_web.min.js HTTP/1.1" 200 - 13 0.022 2.597
2026-07-10 03:01:33,436 50814 INFO odoo18 odoo.addons.base.models.assetsbundle: Generating a new asset bundle attachment /web/assets/6404921/bus.websocket_worker_assets.min.js (id:857) 
2026-07-10 03:01:33,437 50814 INFO odoo18 odoo.addons.base.models.assetsbundle: Deleting attachments [200] (matching /web/assets/_______/bus.websocket_worker_assets.min.js) because it was replaced with /web/assets/6404921/bus.websocket_worker_assets.min.js 
2026-07-10 03:01:33,442 50814 INFO odoo18 werkzeug: 127.0.0.1 - - [10/Jul/2026 03:01:33] "GET /bus/websocket_worker_bundle?v=18.0-4 HTTP/1.1" 200 - 10 0.007 0.014
2026-07-10 03:01:33,474 50814 INFO ? werkzeug: 127.0.0.1 - - [10/Jul/2026 03:01:33] "GET /web/static/lib/odoo_ui_icons/fonts/odoo_ui_icons.woff2 HTTP/1.1" 200 - 0 0.000 0.003
2026-07-10 03:01:33,479 50814 INFO odoo18 werkzeug: 127.0.0.1 - - [10/Jul/2026 03:01:33] "POST /web/action/load HTTP/1.1" 200 - 6 0.008 0.006
2026-07-10 03:01:33,483 50814 INFO odoo18 werkzeug: 127.0.0.1 - - [10/Jul/2026 03:01:33] "GET /web/image?model=res.users&field=avatar_128&id=2 HTTP/1.1" 200 - 9 0.008 0.009
2026-07-10 03:01:33,484 50814 INFO odoo18 werkzeug: 127.0.0.1 - - [10/Jul/2026 03:01:33] "GET /web/service-worker.js HTTP/1.1" 200 - 1 0.001 0.004
2026-07-10 03:01:33,486 50814 INFO odoo18 werkzeug: 127.0.0.1 - - [10/Jul/2026 03:01:33] "GET /websocket?version=18.0-4 HTTP/1.1" 101 - 1 0.001 0.002
2026-07-10 03:01:33,489 50814 INFO odoo18 werkzeug: 127.0.0.1 - - [10/Jul/2026 03:01:33] "GET /web/image/res.partner/3/avatar_128?unique=1783583213000 HTTP/1.1" 200 - 8 0.015 0.008
2026-07-10 03:01:33,506 50814 INFO odoo18 werkzeug: 127.0.0.1 - - [10/Jul/2026 03:01:33] "GET /odoo/offline HTTP/1.1" 200 - 6 0.005 0.005
2026-07-10 03:01:33,618 50814 INFO odoo18 werkzeug: 127.0.0.1 - - [10/Jul/2026 03:01:33] "POST /mail/data HTTP/1.1" 200 - 43 0.095 0.050
2026-07-10 03:01:33,629 50814 INFO odoo18 werkzeug: 127.0.0.1 - - [10/Jul/2026 03:01:33] "POST /mail/data HTTP/1.1" 200 - 63 0.097 0.020
2026-07-10 03:01:33,680 50814 INFO odoo18 werkzeug: 127.0.0.1 - - [10/Jul/2026 03:01:33] "POST /mail/inbox/messages HTTP/1.1" 200 - 5 0.010 0.005
2026-07-10 03:01:33,681 50814 INFO odoo18 werkzeug: 127.0.0.1 - - [10/Jul/2026 03:01:33] "GET /web/image/discuss.channel/2/avatar_128?unique=c1dfa795c79c7c1422a3d332cdb8ea975279dc5c74948293e7281847867b4998a2caa95c133ee0acbd78a79a72781b0886ea7c76e80d871bfb8b0f4580b781b3 HTTP/1.1" 200 - 9 0.010 0.006
2026-07-10 03:01:33,697 50814 INFO odoo18 werkzeug: 127.0.0.1 - - [10/Jul/2026 03:01:33] "GET /web/image/discuss.channel/1/avatar_128?unique=0a57991040714629d8160b37599c7bcc66d3265bcbc49024a4179e1c8aaf8ba0c14081b49e09b6672997282685a34c0b23b47277baee214792f95a25371a132a HTTP/1.1" 200 - 9 0.024 0.006
2026-07-10 03:01:33,698 50814 INFO odoo18 werkzeug: 127.0.0.1 - - [10/Jul/2026 03:01:33] "GET /web/image/discuss.channel/10/avatar_128?unique=78775286ccdb386a363b647d517f13646df5a73581bfa283cdf46ad7540d66af5b26c60cdec29c982537ccb9cd0407d5fb45e35c38bc25126e14de89b173845f HTTP/1.1" 200 - 4 0.015 0.016
2026-07-10 03:01:33,699 50814 INFO odoo18 werkzeug: 127.0.0.1 - - [10/Jul/2026 03:01:33] "GET /web/image/res.partner/2/avatar_128?unique=1783612013000 HTTP/1.1" 200 - 7 0.018 0.014
2026-07-10 03:01:33,965 50814 INFO ? odoo.addons.bus.models.bus: Bus.loop listen imbus on db postgres 
2026-07-10 03:32:54,258 50814 INFO odoo18 odoo.addons.base.models.ir_cron: Job 'Notification: Notify scheduled messages' (8) starting 
2026-07-10 03:32:54,271 50814 INFO odoo18 odoo.addons.base.models.ir_cron: Job 'Notification: Notify scheduled messages' (8) done in 0.013s 
2026-07-10 03:32:54,274 50814 INFO odoo18 odoo.addons.base.models.ir_cron: Job 'Notification: Notify scheduled messages' (8) processed 0 records, 0 records remaining 
2026-07-10 03:32:54,282 50814 INFO odoo18 odoo.addons.base.models.ir_cron: Job 'Notification: Notify scheduled messages' (8) completed 
2026-07-10 03:32:54,294 50814 INFO odoo18 odoo.addons.base.models.ir_cron: Job 'SMS: SMS Queue Manager' (14) starting 
2026-07-10 03:32:54,300 50814 INFO odoo18 odoo.addons.base.models.ir_cron: Job 'SMS: SMS Queue Manager' (14) done in 0.005s 
2026-07-10 03:32:54,303 50814 INFO odoo18 odoo.addons.base.models.ir_cron: Job 'SMS: SMS Queue Manager' (14) processed 0 records, 0 records remaining 
2026-07-10 03:32:54,307 50814 INFO odoo18 odoo.addons.base.models.ir_cron: Job 'SMS: SMS Queue Manager' (14) completed 
2026-07-10 03:32:54,313 50814 INFO odoo18 odoo.addons.base.models.ir_cron: Job 'Snailmail: process letters queue' (15) starting 
2026-07-10 03:32:54,317 50814 INFO odoo18 odoo.addons.base.models.ir_cron: Job 'Snailmail: process letters queue' (15) done in 0.004s 
2026-07-10 03:32:54,319 50814 INFO odoo18 odoo.addons.base.models.ir_cron: Job 'Snailmail: process letters queue' (15) processed 0 records, 0 records remaining 
2026-07-10 03:32:54,323 50814 INFO odoo18 odoo.addons.base.models.ir_cron: Job 'Snailmail: process letters queue' (15) completed 
2026-07-10 03:32:54,330 50814 INFO odoo18 odoo.addons.base.models.ir_cron: Job 'Mail: Email Queue Manager' (3) starting 
2026-07-10 03:32:54,351 50814 INFO odoo18 odoo.addons.base.models.ir_cron: Job 'Mail: Email Queue Manager' (3) done in 0.021s 
2026-07-10 03:32:54,353 50814 INFO odoo18 odoo.addons.base.models.ir_cron: Job 'Mail: Email Queue Manager' (3) processed 0 records, 0 records remaining 
2026-07-10 03:32:54,359 50814 INFO odoo18 odoo.addons.base.models.ir_cron: Job 'Mail: Email Queue Manager' (3) completed 
2026-07-10 03:32:54,367 50814 INFO odoo18 odoo.addons.base.models.ir_cron: Job 'Partner Autocomplete: Sync with remote DB' (13) starting 
2026-07-10 03:32:54,370 50814 INFO odoo18 odoo.addons.base.models.ir_cron: Job 'Partner Autocomplete: Sync with remote DB' (13) done in 0.004s 
2026-07-10 03:32:54,373 50814 INFO odoo18 odoo.addons.base.models.ir_cron: Job 'Partner Autocomplete: Sync with remote DB' (13) processed 0 records, 0 records remaining 
2026-07-10 03:32:54,377 50814 INFO odoo18 odoo.addons.base.models.ir_cron: Job 'Partner Autocomplete: Sync with remote DB' (13) completed 
2026-07-10 03:46:35,288 50814 INFO odoo18 odoo.addons.base.models.ir_cron: Job 'CRM: enrich leads (IAP)' (26) starting 
2026-07-10 03:46:35,313 50814 INFO odoo18 odoo.addons.base.models.ir_cron: Job 'CRM: enrich leads (IAP)' (26) done in 0.025s 
2026-07-10 03:46:35,318 50814 INFO odoo18 odoo.addons.base.models.ir_cron: Job 'CRM: enrich leads (IAP)' (26) processed 0 records, 0 records remaining 
2026-07-10 03:46:35,324 50814 INFO odoo18 odoo.addons.base.models.ir_cron: Job 'CRM: enrich leads (IAP)' (26) completed 
2026-07-10 04:32:38,111 50814 INFO odoo18 odoo.addons.base.models.ir_cron: Job 'Notification: Notify scheduled messages' (8) starting 
2026-07-10 04:32:38,128 50814 INFO odoo18 odoo.addons.base.models.ir_cron: Job 'Notification: Notify scheduled messages' (8) done in 0.016s 
2026-07-10 04:32:38,135 50814 INFO odoo18 odoo.addons.base.models.ir_cron: Job 'Notification: Notify scheduled messages' (8) processed 0 records, 0 records remaining 
2026-07-10 04:32:38,144 50814 INFO odoo18 odoo.addons.base.models.ir_cron: Job 'Notification: Notify scheduled messages' (8) completed 
2026-07-10 04:32:38,156 50814 INFO odoo18 odoo.addons.base.models.ir_cron: Job 'Mail: Email Queue Manager' (3) starting 
2026-07-10 04:32:38,169 50814 INFO odoo18 odoo.addons.base.models.ir_cron: Job 'Mail: Email Queue Manager' (3) done in 0.013s 
2026-07-10 04:32:38,173 50814 INFO odoo18 odoo.addons.base.models.ir_cron: Job 'Mail: Email Queue Manager' (3) processed 0 records, 0 records remaining 
2026-07-10 04:32:38,183 50814 INFO odoo18 odoo.addons.base.models.ir_cron: Job 'Mail: Email Queue Manager' (3) completed 
2026-07-10 04:33:03,473 50814 INFO odoo18 odoo.addons.base.models.ir_cron: Job 'SMS: SMS Queue Manager' (14) starting 
2026-07-10 04:33:03,484 50814 INFO odoo18 odoo.addons.base.models.ir_cron: Job 'SMS: SMS Queue Manager' (14) done in 0.010s 
2026-07-10 04:33:03,489 50814 INFO odoo18 odoo.addons.base.models.ir_cron: Job 'SMS: SMS Queue Manager' (14) processed 0 records, 0 records remaining 
2026-07-10 04:33:03,497 50814 INFO odoo18 odoo.addons.base.models.ir_cron: Job 'SMS: SMS Queue Manager' (14) completed 
2026-07-10 04:33:03,512 50814 INFO odoo18 odoo.addons.base.models.ir_cron: Job 'Snailmail: process letters queue' (15) starting 
2026-07-10 04:33:03,523 50814 INFO odoo18 odoo.addons.base.models.ir_cron: Job 'Snailmail: process letters queue' (15) done in 0.010s 
2026-07-10 04:33:03,529 50814 INFO odoo18 odoo.addons.base.models.ir_cron: Job 'Snailmail: process letters queue' (15) processed 0 records, 0 records remaining 
2026-07-10 04:33:03,537 50814 INFO odoo18 odoo.addons.base.models.ir_cron: Job 'Snailmail: process letters queue' (15) completed 
2026-07-10 04:33:03,553 50814 INFO odoo18 odoo.addons.base.models.ir_cron: Job 'Partner Autocomplete: Sync with remote DB' (13) starting 
2026-07-10 04:33:03,558 50814 INFO odoo18 odoo.addons.base.models.ir_cron: Job 'Partner Autocomplete: Sync with remote DB' (13) done in 0.005s 
2026-07-10 04:33:03,564 50814 INFO odoo18 odoo.addons.base.models.ir_cron: Job 'Partner Autocomplete: Sync with remote DB' (13) processed 0 records, 0 records remaining 
2026-07-10 04:33:03,570 50814 INFO odoo18 odoo.addons.base.models.ir_cron: Job 'Partner Autocomplete: Sync with remote DB' (13) completed 
2026-07-10 04:51:54,022 50814 INFO odoo18 odoo.addons.base.models.ir_cron: Job 'CRM: enrich leads (IAP)' (26) starting 
2026-07-10 04:51:54,042 50814 INFO odoo18 odoo.addons.base.models.ir_cron: Job 'CRM: enrich leads (IAP)' (26) done in 0.020s 
2026-07-10 04:51:54,047 50814 INFO odoo18 odoo.addons.base.models.ir_cron: Job 'CRM: enrich leads (IAP)' (26) processed 0 records, 0 records remaining 
2026-07-10 04:51:54,058 50814 INFO odoo18 odoo.addons.base.models.ir_cron: Job 'CRM: enrich leads (IAP)' (26) completed 
2026-07-10 05:36:19,263 50814 INFO odoo18 odoo.addons.base.models.ir_cron: Job 'Notification: Notify scheduled messages' (8) starting 
2026-07-10 05:36:19,281 50814 INFO odoo18 odoo.addons.base.models.ir_cron: Job 'Notification: Notify scheduled messages' (8) done in 0.017s 
2026-07-10 05:36:19,289 50814 INFO odoo18 odoo.addons.base.models.ir_cron: Job 'Notification: Notify scheduled messages' (8) processed 0 records, 0 records remaining 
2026-07-10 05:36:19,307 50814 INFO odoo18 odoo.addons.base.models.ir_cron: Job 'Notification: Notify scheduled messages' (8) completed 
2026-07-10 05:36:19,318 50814 INFO odoo18 odoo.addons.base.models.ir_cron: Job 'SMS: SMS Queue Manager' (14) starting 
2026-07-10 05:36:19,327 50814 INFO odoo18 odoo.addons.base.models.ir_cron: Job 'SMS: SMS Queue Manager' (14) done in 0.009s 
2026-07-10 05:36:19,333 50814 INFO odoo18 odoo.addons.base.models.ir_cron: Job 'SMS: SMS Queue Manager' (14) processed 0 records, 0 records remaining 
2026-07-10 05:36:19,338 50814 INFO odoo18 odoo.addons.base.models.ir_cron: Job 'SMS: SMS Queue Manager' (14) completed 
2026-07-10 05:36:19,345 50814 INFO odoo18 odoo.addons.base.models.ir_cron: Job 'Snailmail: process letters queue' (15) starting 
2026-07-10 05:36:19,350 50814 INFO odoo18 odoo.addons.base.models.ir_cron: Job 'Snailmail: process letters queue' (15) done in 0.005s 
2026-07-10 05:36:19,353 50814 INFO odoo18 odoo.addons.base.models.ir_cron: Job 'Snailmail: process letters queue' (15) processed 0 records, 0 records remaining 
2026-07-10 05:36:19,358 50814 INFO odoo18 odoo.addons.base.models.ir_cron: Job 'Snailmail: process letters queue' (15) completed 
2026-07-10 05:36:19,366 50814 INFO odoo18 odoo.addons.base.models.ir_cron: Job 'Mail: Email Queue Manager' (3) starting 
2026-07-10 05:36:19,372 50814 INFO odoo18 odoo.addons.base.models.ir_cron: Job 'Mail: Email Queue Manager' (3) done in 0.006s 
2026-07-10 05:36:19,376 50814 INFO odoo18 odoo.addons.base.models.ir_cron: Job 'Mail: Email Queue Manager' (3) processed 0 records, 0 records remaining 
2026-07-10 05:36:19,381 50814 INFO odoo18 odoo.addons.base.models.ir_cron: Job 'Mail: Email Queue Manager' (3) completed 
2026-07-10 05:36:19,393 50814 INFO odoo18 odoo.addons.base.models.ir_cron: Job 'Partner Autocomplete: Sync with remote DB' (13) starting 
2026-07-10 05:36:19,397 50814 INFO odoo18 odoo.addons.base.models.ir_cron: Job 'Partner Autocomplete: Sync with remote DB' (13) done in 0.004s 
2026-07-10 05:36:19,402 50814 INFO odoo18 odoo.addons.base.models.ir_cron: Job 'Partner Autocomplete: Sync with remote DB' (13) processed 0 records, 0 records remaining 
2026-07-10 05:36:19,408 50814 INFO odoo18 odoo.addons.base.models.ir_cron: Job 'Partner Autocomplete: Sync with remote DB' (13) completed 
2026-07-10 05:51:52,344 50814 INFO odoo18 odoo.addons.base.models.ir_cron: Job 'CRM: enrich leads (IAP)' (26) starting 
2026-07-10 05:51:52,363 50814 INFO odoo18 odoo.addons.base.models.ir_cron: Job 'CRM: enrich leads (IAP)' (26) done in 0.019s 
2026-07-10 05:51:52,367 50814 INFO odoo18 odoo.addons.base.models.ir_cron: Job 'CRM: enrich leads (IAP)' (26) processed 0 records, 0 records remaining 
2026-07-10 05:51:52,380 50814 INFO odoo18 odoo.addons.base.models.ir_cron: Job 'CRM: enrich leads (IAP)' (26) completed 
2026-07-10 06:27:35,602 50814 INFO odoo18 odoo.addons.base.models.ir_cron: Job 'Base: Auto-vacuum internal data' (1) starting 
2026-07-10 06:27:35,661 50814 INFO odoo18 odoo.addons.base.models.ir_attachment: filestore gc 4 checked, 0 removed 
2026-07-10 06:27:35,709 50814 INFO odoo18 odoo.addons.base.models.res_users: GC'd 1 user log entries 
2026-07-10 06:27:35,722 50814 INFO odoo18 odoo.addons.base.models.res_users: GC 'res.users.apikeys' delete 0 entries 
2026-07-10 06:27:35,730 50814 INFO odoo18 odoo.addons.base.models.res_device: GC device logs delete 0 entries 
2026-07-10 06:27:35,731 50814 INFO odoo18 odoo.addons.base.models.res_device: GC device logs delete 0 entries 
2026-07-10 06:27:35,753 50814 INFO odoo18 odoo.addons.base.models.res_users: GC 'auth_totp.device' delete 0 entries 
2026-07-10 06:27:35,772 50814 INFO odoo18 odoo.models.unlink: User #1 deleted bus.bus records with IDs: [57, 58, 59, 60, 61, 62, 63, 64, 65, 66, 67, 68, 69, 70, 71] 
2026-07-10 06:27:35,881 50814 INFO odoo18 odoo.addons.sms.models.sms_sms: GC'd 0 sms marked for deletion 
2026-07-10 06:27:35,959 50814 INFO odoo18 odoo.addons.base.models.ir_cron: Job 'Base: Auto-vacuum internal data' (1) done in 0.355s 
2026-07-10 06:27:35,962 50814 INFO odoo18 odoo.addons.base.models.ir_cron: Job 'Base: Auto-vacuum internal data' (1) processed 0 records, 0 records remaining 
2026-07-10 06:27:35,972 50814 INFO odoo18 odoo.addons.base.models.ir_cron: Job 'Base: Auto-vacuum internal data' (1) completed 
2026-07-10 06:27:35,980 50814 INFO odoo18 odoo.addons.base.models.ir_cron: Job 'Base: Portal Users Deletion' (2) starting 
2026-07-10 06:27:35,988 50814 INFO odoo18 odoo.addons.base.models.ir_cron: Job 'Base: Portal Users Deletion' (2) done in 0.007s 
2026-07-10 06:27:35,990 50814 INFO odoo18 odoo.addons.base.models.ir_cron: Job 'Base: Portal Users Deletion' (2) processed 0 records, 0 records remaining 
2026-07-10 06:27:35,994 50814 INFO odoo18 odoo.addons.base.models.ir_cron: Job 'Base: Portal Users Deletion' (2) completed 
2026-07-10 06:32:41,093 50814 INFO odoo18 odoo.addons.base.models.ir_cron: Job 'Notification: Delete Notifications older than 6 Month' (5) starting 
2026-07-10 06:32:41,115 50814 INFO odoo18 odoo.addons.base.models.ir_cron: Job 'Notification: Delete Notifications older than 6 Month' (5) done in 0.021s 
2026-07-10 06:32:41,118 50814 INFO odoo18 odoo.addons.base.models.ir_cron: Job 'Notification: Delete Notifications older than 6 Month' (5) processed 0 records, 0 records remaining 
2026-07-10 06:32:41,125 50814 INFO odoo18 odoo.addons.base.models.ir_cron: Job 'Notification: Delete Notifications older than 6 Month' (5) completed 
2026-07-10 06:32:41,132 50814 INFO odoo18 odoo.addons.base.models.ir_cron: Job 'Mail: Post scheduled messages' (7) starting 
2026-07-10 06:32:41,140 50814 INFO odoo18 odoo.addons.mail.models.mail_scheduled_message: Posting 0 scheduled messages 
2026-07-10 06:32:41,140 50814 INFO odoo18 odoo.addons.base.models.ir_cron: Job 'Mail: Post scheduled messages' (7) done in 0.008s 
2026-07-10 06:32:41,144 50814 INFO odoo18 odoo.addons.base.models.ir_cron: Job 'Mail: Post scheduled messages' (7) processed 0 records, 0 records remaining 
2026-07-10 06:32:41,150 50814 INFO odoo18 odoo.addons.base.models.ir_cron: Job 'Mail: Post scheduled messages' (7) completed 
2026-07-10 06:32:41,159 50814 INFO odoo18 odoo.addons.base.models.ir_cron: Job 'Notification: Notify scheduled messages' (8) starting 
2026-07-10 06:32:41,163 50814 INFO odoo18 odoo.addons.base.models.ir_cron: Job 'Notification: Notify scheduled messages' (8) done in 0.005s 
2026-07-10 06:32:41,166 50814 INFO odoo18 odoo.addons.base.models.ir_cron: Job 'Notification: Notify scheduled messages' (8) processed 0 records, 0 records remaining 
2026-07-10 06:32:41,172 50814 INFO odoo18 odoo.addons.base.models.ir_cron: Job 'Notification: Notify scheduled messages' (8) completed 
2026-07-10 06:32:41,181 50814 INFO odoo18 odoo.addons.base.models.ir_cron: Job 'Mail: send web push notification' (9) starting 
2026-07-10 06:32:41,187 50814 INFO odoo18 odoo.addons.base.models.ir_cron: Job 'Mail: send web push notification' (9) done in 0.006s 
2026-07-10 06:32:41,190 50814 INFO odoo18 odoo.addons.base.models.ir_cron: Job 'Mail: send web push notification' (9) processed 0 records, 0 records remaining 
2026-07-10 06:32:41,196 50814 INFO odoo18 odoo.addons.base.models.ir_cron: Job 'Mail: send web push notification' (9) completed 
2026-07-10 06:32:41,204 50814 INFO odoo18 odoo.addons.base.models.ir_cron: Job 'Discuss: channel member unmute' (10) starting 
2026-07-10 06:32:41,208 50814 INFO odoo18 odoo.addons.base.models.ir_cron: Job 'Discuss: channel member unmute' (10) done in 0.004s 
2026-07-10 06:32:41,211 50814 INFO odoo18 odoo.addons.base.models.ir_cron: Job 'Discuss: channel member unmute' (10) processed 0 records, 0 records remaining 
2026-07-10 06:32:41,215 50814 INFO odoo18 odoo.addons.base.models.ir_cron: Job 'Discuss: channel member unmute' (10) completed 
2026-07-10 06:32:41,223 50814 INFO odoo18 odoo.addons.base.models.ir_cron: Job 'Discuss: users settings unmute' (11) starting 
2026-07-10 06:32:41,229 50814 INFO odoo18 odoo.addons.base.models.ir_cron: Job 'Discuss: users settings unmute' (11) done in 0.006s 
2026-07-10 06:32:41,231 50814 INFO odoo18 odoo.addons.base.models.ir_cron: Job 'Discuss: users settings unmute' (11) processed 0 records, 0 records remaining 
2026-07-10 06:32:41,235 50814 INFO odoo18 odoo.addons.base.models.ir_cron: Job 'Discuss: users settings unmute' (11) completed 
2026-07-10 06:32:41,243 50814 INFO odoo18 odoo.addons.base.models.ir_cron: Job 'Mail: Email Queue Manager' (3) starting 
2026-07-10 06:32:41,251 50814 INFO odoo18 odoo.addons.base.models.ir_cron: Job 'Mail: Email Queue Manager' (3) done in 0.008s 
2026-07-10 06:32:41,254 50814 INFO odoo18 odoo.addons.base.models.ir_cron: Job 'Mail: Email Queue Manager' (3) processed 0 records, 0 records remaining 
2026-07-10 06:32:41,260 50814 INFO odoo18 odoo.addons.base.models.ir_cron: Job 'Mail: Email Queue Manager' (3) completed 
2026-07-10 06:32:41,266 50814 INFO odoo18 odoo.addons.base.models.ir_cron: Job 'Users: Notify About Unregistered Users' (12) starting 
2026-07-10 06:32:41,276 50814 INFO odoo18 odoo.addons.base.models.ir_cron: Job 'Users: Notify About Unregistered Users' (12) done in 0.010s 
2026-07-10 06:32:41,279 50814 INFO odoo18 odoo.addons.base.models.ir_cron: Job 'Users: Notify About Unregistered Users' (12) processed 0 records, 0 records remaining 
2026-07-10 06:32:41,283 50814 INFO odoo18 odoo.addons.base.models.ir_cron: Job 'Users: Notify About Unregistered Users' (12) completed 
2026-07-10 06:33:42,307 50814 INFO odoo18 odoo.addons.base.models.ir_cron: Job 'SMS: SMS Queue Manager' (14) starting 
2026-07-10 06:33:42,311 50814 INFO odoo18 odoo.addons.base.models.ir_cron: Job 'SMS: SMS Queue Manager' (14) done in 0.004s 
2026-07-10 06:33:42,314 50814 INFO odoo18 odoo.addons.base.models.ir_cron: Job 'SMS: SMS Queue Manager' (14) processed 0 records, 0 records remaining 
2026-07-10 06:33:42,319 50814 INFO odoo18 odoo.addons.base.models.ir_cron: Job 'SMS: SMS Queue Manager' (14) completed 
2026-07-10 06:33:42,325 50814 INFO odoo18 odoo.addons.base.models.ir_cron: Job 'Snailmail: process letters queue' (15) starting 
2026-07-10 06:33:42,331 50814 INFO odoo18 odoo.addons.base.models.ir_cron: Job 'Snailmail: process letters queue' (15) done in 0.005s 
2026-07-10 06:33:42,334 50814 INFO odoo18 odoo.addons.base.models.ir_cron: Job 'Snailmail: process letters queue' (15) processed 0 records, 0 records remaining 
2026-07-10 06:33:42,339 50814 INFO odoo18 odoo.addons.base.models.ir_cron: Job 'Snailmail: process letters queue' (15) completed 
2026-07-10 06:33:42,346 50814 INFO odoo18 odoo.addons.base.models.ir_cron: Job 'Send invoices automatically' (19) starting 
2026-07-10 06:33:42,356 50814 INFO odoo18 odoo.addons.base.models.ir_cron: Job 'Send invoices automatically' (19) done in 0.009s 
2026-07-10 06:33:42,359 50814 INFO odoo18 odoo.addons.base.models.ir_cron: Job 'Send invoices automatically' (19) processed 0 records, 0 records remaining 
2026-07-10 06:33:42,368 50814 INFO odoo18 odoo.addons.base.models.ir_cron: Job 'Send invoices automatically' (19) completed 
2026-07-10 06:33:42,379 50814 INFO odoo18 odoo.addons.base.models.ir_cron: Job 'Sales: Send pending emails' (21) starting 
2026-07-10 06:33:42,388 50814 INFO odoo18 odoo.addons.base.models.ir_cron: Job 'Sales: Send pending emails' (21) done in 0.009s 
2026-07-10 06:33:42,393 50814 INFO odoo18 odoo.addons.base.models.ir_cron: Job 'Sales: Send pending emails' (21) processed 0 records, 0 records remaining 
2026-07-10 06:33:42,398 50814 INFO odoo18 odoo.addons.base.models.ir_cron: Job 'Sales: Send pending emails' (21) completed 
2026-07-10 06:33:42,409 50814 INFO odoo18 odoo.addons.base.models.ir_cron: Job 'Partner Autocomplete: Sync with remote DB' (13) starting 
2026-07-10 06:33:42,415 50814 INFO odoo18 odoo.addons.base.models.ir_cron: Job 'Partner Autocomplete: Sync with remote DB' (13) done in 0.006s 
2026-07-10 06:33:42,418 50814 INFO odoo18 odoo.addons.base.models.ir_cron: Job 'Partner Autocomplete: Sync with remote DB' (13) processed 0 records, 0 records remaining 
2026-07-10 06:33:42,422 50814 INFO odoo18 odoo.addons.base.models.ir_cron: Job 'Partner Autocomplete: Sync with remote DB' (13) completed 
2026-07-10 06:46:45,235 50814 INFO odoo18 odoo.addons.base.models.ir_cron: Job 'CRM: enrich leads (IAP)' (26) starting 
2026-07-10 06:46:45,253 50814 INFO odoo18 odoo.addons.base.models.ir_cron: Job 'CRM: enrich leads (IAP)' (26) done in 0.018s 
2026-07-10 06:46:45,256 50814 INFO odoo18 odoo.addons.base.models.ir_cron: Job 'CRM: enrich leads (IAP)' (26) processed 0 records, 0 records remaining 
2026-07-10 06:46:45,261 50814 INFO odoo18 odoo.addons.base.models.ir_cron: Job 'CRM: enrich leads (IAP)' (26) completed 
2026-07-10 07:32:41,510 50814 INFO odoo18 odoo.addons.base.models.ir_cron: Job 'Notification: Notify scheduled messages' (8) starting 
2026-07-10 07:32:41,526 50814 INFO odoo18 odoo.addons.base.models.ir_cron: Job 'Notification: Notify scheduled messages' (8) done in 0.015s 
2026-07-10 07:32:41,531 50814 INFO odoo18 odoo.addons.base.models.ir_cron: Job 'Notification: Notify scheduled messages' (8) processed 0 records, 0 records remaining 
2026-07-10 07:32:41,541 50814 INFO odoo18 odoo.addons.base.models.ir_cron: Job 'Notification: Notify scheduled messages' (8) completed 
2026-07-10 07:32:41,550 50814 INFO odoo18 odoo.addons.base.models.ir_cron: Job 'Mail: Email Queue Manager' (3) starting 
2026-07-10 07:32:41,560 50814 INFO odoo18 odoo.addons.base.models.ir_cron: Job 'Mail: Email Queue Manager' (3) done in 0.010s 
2026-07-10 07:32:41,565 50814 INFO odoo18 odoo.addons.base.models.ir_cron: Job 'Mail: Email Queue Manager' (3) processed 0 records, 0 records remaining 
2026-07-10 07:32:41,573 50814 INFO odoo18 odoo.addons.base.models.ir_cron: Job 'Mail: Email Queue Manager' (3) completed 
2026-07-10 07:33:42,599 50814 INFO odoo18 odoo.addons.base.models.ir_cron: Job 'SMS: SMS Queue Manager' (14) starting 
2026-07-10 07:33:42,603 50814 INFO odoo18 odoo.addons.base.models.ir_cron: Job 'SMS: SMS Queue Manager' (14) done in 0.004s 
2026-07-10 07:33:42,607 50814 INFO odoo18 odoo.addons.base.models.ir_cron: Job 'SMS: SMS Queue Manager' (14) processed 0 records, 0 records remaining 
2026-07-10 07:33:42,612 50814 INFO odoo18 odoo.addons.base.models.ir_cron: Job 'SMS: SMS Queue Manager' (14) completed 
2026-07-10 07:33:42,618 50814 INFO odoo18 odoo.addons.base.models.ir_cron: Job 'Snailmail: process letters queue' (15) starting 
2026-07-10 07:33:42,624 50814 INFO odoo18 odoo.addons.base.models.ir_cron: Job 'Snailmail: process letters queue' (15) done in 0.006s 
2026-07-10 07:33:42,627 50814 INFO odoo18 odoo.addons.base.models.ir_cron: Job 'Snailmail: process letters queue' (15) processed 0 records, 0 records remaining 
2026-07-10 07:33:42,630 50814 INFO odoo18 odoo.addons.base.models.ir_cron: Job 'Snailmail: process letters queue' (15) completed 
2026-07-10 07:33:42,636 50814 INFO odoo18 odoo.addons.base.models.ir_cron: Job 'Partner Autocomplete: Sync with remote DB' (13) starting 
2026-07-10 07:33:42,639 50814 INFO odoo18 odoo.addons.base.models.ir_cron: Job 'Partner Autocomplete: Sync with remote DB' (13) done in 0.003s 
2026-07-10 07:33:42,642 50814 INFO odoo18 odoo.addons.base.models.ir_cron: Job 'Partner Autocomplete: Sync with remote DB' (13) processed 0 records, 0 records remaining 
2026-07-10 07:33:42,645 50814 INFO odoo18 odoo.addons.base.models.ir_cron: Job 'Partner Autocomplete: Sync with remote DB' (13) completed 
2026-07-10 07:46:45,673 50814 INFO odoo18 odoo.addons.base.models.ir_cron: Job 'CRM: enrich leads (IAP)' (26) starting 
2026-07-10 07:46:45,688 50814 INFO odoo18 odoo.addons.base.models.ir_cron: Job 'CRM: enrich leads (IAP)' (26) done in 0.015s 
2026-07-10 07:46:45,691 50814 INFO odoo18 odoo.addons.base.models.ir_cron: Job 'CRM: enrich leads (IAP)' (26) processed 0 records, 0 records remaining 
2026-07-10 07:46:45,694 50814 INFO odoo18 odoo.addons.base.models.ir_cron: Job 'CRM: enrich leads (IAP)' (26) completed 
2026-07-10 08:32:55,813 50814 INFO odoo18 odoo.addons.base.models.ir_cron: Job 'Notification: Notify scheduled messages' (8) starting 
2026-07-10 08:32:55,827 50814 INFO odoo18 odoo.addons.base.models.ir_cron: Job 'Notification: Notify scheduled messages' (8) done in 0.013s 
2026-07-10 08:32:55,833 50814 INFO odoo18 odoo.addons.base.models.ir_cron: Job 'Notification: Notify scheduled messages' (8) processed 0 records, 0 records remaining 
2026-07-10 08:32:55,847 50814 INFO odoo18 odoo.addons.base.models.ir_cron: Job 'Notification: Notify scheduled messages' (8) completed 
2026-07-10 08:32:55,856 50814 INFO odoo18 odoo.addons.base.models.ir_cron: Job 'SMS: SMS Queue Manager' (14) starting 
2026-07-10 08:32:55,863 50814 INFO odoo18 odoo.addons.base.models.ir_cron: Job 'SMS: SMS Queue Manager' (14) done in 0.007s 
2026-07-10 08:32:55,867 50814 INFO odoo18 odoo.addons.base.models.ir_cron: Job 'SMS: SMS Queue Manager' (14) processed 0 records, 0 records remaining 
2026-07-10 08:32:55,872 50814 INFO odoo18 odoo.addons.base.models.ir_cron: Job 'SMS: SMS Queue Manager' (14) completed 
2026-07-10 08:32:55,880 50814 INFO odoo18 odoo.addons.base.models.ir_cron: Job 'Snailmail: process letters queue' (15) starting 
2026-07-10 08:32:55,885 50814 INFO odoo18 odoo.addons.base.models.ir_cron: Job 'Snailmail: process letters queue' (15) done in 0.005s 
2026-07-10 08:32:55,889 50814 INFO odoo18 odoo.addons.base.models.ir_cron: Job 'Snailmail: process letters queue' (15) processed 0 records, 0 records remaining 
2026-07-10 08:32:55,895 50814 INFO odoo18 odoo.addons.base.models.ir_cron: Job 'Snailmail: process letters queue' (15) completed 
2026-07-10 08:32:55,903 50814 INFO odoo18 odoo.addons.base.models.ir_cron: Job 'Digest Emails' (16) starting 
2026-07-10 08:32:55,909 50814 INFO odoo18 odoo.addons.base.models.ir_cron: Job 'Digest Emails' (16) done in 0.006s 
2026-07-10 08:32:55,912 50814 INFO odoo18 odoo.addons.base.models.ir_cron: Job 'Digest Emails' (16) processed 0 records, 0 records remaining 
2026-07-10 08:32:55,918 50814 INFO odoo18 odoo.addons.base.models.ir_cron: Job 'Digest Emails' (16) completed 
2026-07-10 08:32:55,926 50814 INFO odoo18 odoo.addons.base.models.ir_cron: Job 'Mail: Email Queue Manager' (3) starting 
2026-07-10 08:32:55,934 50814 INFO odoo18 odoo.addons.base.models.ir_cron: Job 'Mail: Email Queue Manager' (3) done in 0.008s 
2026-07-10 08:32:55,938 50814 INFO odoo18 odoo.addons.base.models.ir_cron: Job 'Mail: Email Queue Manager' (3) processed 0 records, 0 records remaining 
2026-07-10 08:32:55,946 50814 INFO odoo18 odoo.addons.base.models.ir_cron: Job 'Mail: Email Queue Manager' (3) completed 
2026-07-10 08:32:55,954 50814 INFO odoo18 odoo.addons.base.models.ir_cron: Job 'Partner Autocomplete: Sync with remote DB' (13) starting 
2026-07-10 08:32:55,957 50814 INFO odoo18 odoo.addons.base.models.ir_cron: Job 'Partner Autocomplete: Sync with remote DB' (13) done in 0.004s 
2026-07-10 08:32:55,961 50814 INFO odoo18 odoo.addons.base.models.ir_cron: Job 'Partner Autocomplete: Sync with remote DB' (13) processed 0 records, 0 records remaining 
2026-07-10 08:32:55,967 50814 INFO odoo18 odoo.addons.base.models.ir_cron: Job 'Partner Autocomplete: Sync with remote DB' (13) completed 
2026-07-10 08:46:45,515 50814 INFO odoo18 odoo.addons.base.models.ir_cron: Job 'Calendar: Event Reminder' (23) starting 
2026-07-10 08:46:45,536 50814 INFO odoo18 odoo.addons.base.models.ir_cron: Job 'Calendar: Event Reminder' (23) done in 0.020s 
2026-07-10 08:46:45,539 50814 INFO odoo18 odoo.addons.base.models.ir_cron: Job 'Calendar: Event Reminder' (23) processed 0 records, 0 records remaining 
2026-07-10 08:46:45,546 50814 INFO odoo18 odoo.addons.base.models.ir_cron: Job 'Calendar: Event Reminder' (23) completed 
2026-07-10 08:46:45,556 50814 INFO odoo18 odoo.addons.base.models.ir_cron: Job 'CRM: enrich leads (IAP)' (26) starting 
2026-07-10 08:46:45,569 50814 INFO odoo18 odoo.addons.base.models.ir_cron: Job 'CRM: enrich leads (IAP)' (26) done in 0.013s 
2026-07-10 08:46:45,573 50814 INFO odoo18 odoo.addons.base.models.ir_cron: Job 'CRM: enrich leads (IAP)' (26) processed 0 records, 0 records remaining 
2026-07-10 08:46:45,580 50814 INFO odoo18 odoo.addons.base.models.ir_cron: Job 'CRM: enrich leads (IAP)' (26) completed 
2026-07-10 09:32:56,429 50814 INFO odoo18 odoo.addons.base.models.ir_cron: Job 'Notification: Notify scheduled messages' (8) starting 
2026-07-10 09:32:56,443 50814 INFO odoo18 odoo.addons.base.models.ir_cron: Job 'Notification: Notify scheduled messages' (8) done in 0.013s 
2026-07-10 09:32:56,448 50814 INFO odoo18 odoo.addons.base.models.ir_cron: Job 'Notification: Notify scheduled messages' (8) processed 0 records, 0 records remaining 
2026-07-10 09:32:56,454 50814 INFO odoo18 odoo.addons.base.models.ir_cron: Job 'Notification: Notify scheduled messages' (8) completed 
2026-07-10 09:32:56,461 50814 INFO odoo18 odoo.addons.base.models.ir_cron: Job 'SMS: SMS Queue Manager' (14) starting 
2026-07-10 09:32:56,468 50814 INFO odoo18 odoo.addons.base.models.ir_cron: Job 'SMS: SMS Queue Manager' (14) done in 0.006s 
2026-07-10 09:32:56,471 50814 INFO odoo18 odoo.addons.base.models.ir_cron: Job 'SMS: SMS Queue Manager' (14) processed 0 records, 0 records remaining 
2026-07-10 09:32:56,477 50814 INFO odoo18 odoo.addons.base.models.ir_cron: Job 'SMS: SMS Queue Manager' (14) completed 
2026-07-10 09:32:56,484 50814 INFO odoo18 odoo.addons.base.models.ir_cron: Job 'Snailmail: process letters queue' (15) starting 
2026-07-10 09:32:56,489 50814 INFO odoo18 odoo.addons.base.models.ir_cron: Job 'Snailmail: process letters queue' (15) done in 0.004s 
2026-07-10 09:32:56,492 50814 INFO odoo18 odoo.addons.base.models.ir_cron: Job 'Snailmail: process letters queue' (15) processed 0 records, 0 records remaining 
2026-07-10 09:32:56,499 50814 INFO odoo18 odoo.addons.base.models.ir_cron: Job 'Snailmail: process letters queue' (15) completed 
2026-07-10 09:32:56,506 50814 INFO odoo18 odoo.addons.base.models.ir_cron: Job 'Mail: Email Queue Manager' (3) starting 
2026-07-10 09:32:56,514 50814 INFO odoo18 odoo.addons.base.models.ir_cron: Job 'Mail: Email Queue Manager' (3) done in 0.007s 
2026-07-10 09:32:56,516 50814 INFO odoo18 odoo.addons.base.models.ir_cron: Job 'Mail: Email Queue Manager' (3) processed 0 records, 0 records remaining 
2026-07-10 09:32:56,522 50814 INFO odoo18 odoo.addons.base.models.ir_cron: Job 'Mail: Email Queue Manager' (3) completed 
2026-07-10 09:32:56,529 50814 INFO odoo18 odoo.addons.base.models.ir_cron: Job 'Partner Autocomplete: Sync with remote DB' (13) starting 
2026-07-10 09:32:56,532 50814 INFO odoo18 odoo.addons.base.models.ir_cron: Job 'Partner Autocomplete: Sync with remote DB' (13) done in 0.003s 
2026-07-10 09:32:56,535 50814 INFO odoo18 odoo.addons.base.models.ir_cron: Job 'Partner Autocomplete: Sync with remote DB' (13) processed 0 records, 0 records remaining 
2026-07-10 09:32:56,539 50814 INFO odoo18 odoo.addons.base.models.ir_cron: Job 'Partner Autocomplete: Sync with remote DB' (13) completed 
2026-07-10 09:57:08,870 50814 INFO odoo18 odoo.addons.base.models.ir_cron: Job 'CRM: enrich leads (IAP)' (26) starting 
2026-07-10 09:57:08,883 50814 INFO odoo18 odoo.addons.base.models.ir_cron: Job 'CRM: enrich leads (IAP)' (26) done in 0.013s 
2026-07-10 09:57:08,886 50814 INFO odoo18 odoo.addons.base.models.ir_cron: Job 'CRM: enrich leads (IAP)' (26) processed 0 records, 0 records remaining 
2026-07-10 09:57:08,896 50814 INFO odoo18 odoo.addons.base.models.ir_cron: Job 'CRM: enrich leads (IAP)' (26) completed 
2026-07-10 10:57:32,965 50814 INFO odoo18 odoo.addons.base.models.ir_cron: Job 'Notification: Notify scheduled messages' (8) starting 
2026-07-10 10:57:32,980 50814 INFO odoo18 odoo.addons.base.models.ir_cron: Job 'Notification: Notify scheduled messages' (8) done in 0.014s 
2026-07-10 10:57:32,992 50814 INFO odoo18 odoo.addons.base.models.ir_cron: Job 'Notification: Notify scheduled messages' (8) processed 0 records, 0 records remaining 
2026-07-10 10:57:33,029 50814 INFO odoo18 odoo.addons.base.models.ir_cron: Job 'Notification: Notify scheduled messages' (8) completed 
2026-07-10 10:57:33,043 50814 INFO odoo18 odoo.addons.base.models.ir_cron: Job 'SMS: SMS Queue Manager' (14) starting 
2026-07-10 10:57:33,054 50814 INFO odoo18 odoo.addons.base.models.ir_cron: Job 'SMS: SMS Queue Manager' (14) done in 0.010s 
2026-07-10 10:57:33,056 50814 INFO odoo18 odoo.addons.base.models.ir_cron: Job 'SMS: SMS Queue Manager' (14) processed 0 records, 0 records remaining 
2026-07-10 10:57:33,060 50814 INFO odoo18 odoo.addons.base.models.ir_cron: Job 'SMS: SMS Queue Manager' (14) completed 
2026-07-10 10:57:33,066 50814 INFO odoo18 odoo.addons.base.models.ir_cron: Job 'Snailmail: process letters queue' (15) starting 
2026-07-10 10:57:33,071 50814 INFO odoo18 odoo.addons.base.models.ir_cron: Job 'Snailmail: process letters queue' (15) done in 0.004s 
2026-07-10 10:57:33,073 50814 INFO odoo18 odoo.addons.base.models.ir_cron: Job 'Snailmail: process letters queue' (15) processed 0 records, 0 records remaining 
2026-07-10 10:57:33,077 50814 INFO odoo18 odoo.addons.base.models.ir_cron: Job 'Snailmail: process letters queue' (15) completed 
2026-07-10 10:57:33,083 50814 INFO odoo18 odoo.addons.base.models.ir_cron: Job 'CRM: enrich leads (IAP)' (26) starting 
2026-07-10 10:57:33,091 50814 INFO odoo18 odoo.addons.base.models.ir_cron: Job 'CRM: enrich leads (IAP)' (26) done in 0.008s 
2026-07-10 10:57:33,113 50814 INFO odoo18 odoo.addons.base.models.ir_cron: Job 'CRM: enrich leads (IAP)' (26) processed 0 records, 0 records remaining 
2026-07-10 10:57:33,128 50814 INFO odoo18 odoo.addons.base.models.ir_cron: Job 'CRM: enrich leads (IAP)' (26) completed 
2026-07-10 10:57:33,143 50814 INFO odoo18 odoo.addons.base.models.ir_cron: Job 'Mail: Email Queue Manager' (3) starting 
2026-07-10 10:57:33,156 50814 INFO odoo18 odoo.addons.base.models.ir_cron: Job 'Mail: Email Queue Manager' (3) done in 0.013s 
2026-07-10 10:57:33,159 50814 INFO odoo18 odoo.addons.base.models.ir_cron: Job 'Mail: Email Queue Manager' (3) processed 0 records, 0 records remaining 
2026-07-10 10:57:33,163 50814 INFO odoo18 odoo.addons.base.models.ir_cron: Job 'Mail: Email Queue Manager' (3) completed 
2026-07-10 10:57:33,170 50814 INFO odoo18 odoo.addons.base.models.ir_cron: Job 'Partner Autocomplete: Sync with remote DB' (13) starting 
2026-07-10 10:57:33,173 50814 INFO odoo18 odoo.addons.base.models.ir_cron: Job 'Partner Autocomplete: Sync with remote DB' (13) done in 0.003s 
2026-07-10 10:57:33,176 50814 INFO odoo18 odoo.addons.base.models.ir_cron: Job 'Partner Autocomplete: Sync with remote DB' (13) processed 0 records, 0 records remaining 
2026-07-10 10:57:33,180 50814 INFO odoo18 odoo.addons.base.models.ir_cron: Job 'Partner Autocomplete: Sync with remote DB' (13) completed 
2026-07-10 12:40:50,968 50814 INFO odoo18 odoo.addons.base.models.ir_cron: Job 'Notification: Notify scheduled messages' (8) starting 
2026-07-10 12:40:50,977 50814 INFO odoo18 odoo.addons.base.models.ir_cron: Job 'Notification: Notify scheduled messages' (8) done in 0.008s 
2026-07-10 12:40:50,981 50814 INFO odoo18 odoo.addons.base.models.ir_cron: Job 'Notification: Notify scheduled messages' (8) processed 0 records, 0 records remaining 
2026-07-10 12:40:50,990 50814 INFO odoo18 odoo.addons.base.models.ir_cron: Job 'Notification: Notify scheduled messages' (8) completed 
2026-07-10 12:40:51,017 50814 INFO odoo18 odoo.addons.base.models.ir_cron: Job 'SMS: SMS Queue Manager' (14) starting 
2026-07-10 12:40:51,026 50814 INFO odoo18 odoo.addons.base.models.ir_cron: Job 'SMS: SMS Queue Manager' (14) done in 0.009s 
2026-07-10 12:40:51,031 50814 INFO odoo18 odoo.addons.base.models.ir_cron: Job 'SMS: SMS Queue Manager' (14) processed 0 records, 0 records remaining 
2026-07-10 12:40:51,034 50814 INFO odoo18 odoo.addons.base.models.ir_cron: Job 'SMS: SMS Queue Manager' (14) completed 
2026-07-10 12:40:51,047 50814 INFO odoo18 odoo.addons.base.models.ir_cron: Job 'Snailmail: process letters queue' (15) starting 
2026-07-10 12:40:51,055 50814 INFO odoo18 odoo.addons.base.models.ir_cron: Job 'Snailmail: process letters queue' (15) done in 0.008s 
2026-07-10 12:40:51,058 50814 INFO odoo18 odoo.addons.base.models.ir_cron: Job 'Snailmail: process letters queue' (15) processed 0 records, 0 records remaining 
2026-07-10 12:40:51,062 50814 INFO odoo18 odoo.addons.base.models.ir_cron: Job 'Snailmail: process letters queue' (15) completed 
2026-07-10 12:40:51,074 50814 INFO odoo18 odoo.addons.base.models.ir_cron: Job 'CRM: enrich leads (IAP)' (26) starting 
2026-07-10 12:40:51,085 50814 INFO odoo18 odoo.addons.base.models.ir_cron: Job 'CRM: enrich leads (IAP)' (26) done in 0.010s 
2026-07-10 12:40:51,090 50814 INFO odoo18 odoo.addons.base.models.ir_cron: Job 'CRM: enrich leads (IAP)' (26) processed 0 records, 0 records remaining 
2026-07-10 12:40:51,110 50814 INFO odoo18 odoo.addons.base.models.ir_cron: Job 'CRM: enrich leads (IAP)' (26) completed 
2026-07-10 12:40:51,152 50814 INFO odoo18 odoo.addons.base.models.ir_cron: Job 'Mail: Email Queue Manager' (3) starting 
2026-07-10 12:40:51,177 50814 INFO odoo18 odoo.addons.base.models.ir_cron: Job 'Mail: Email Queue Manager' (3) done in 0.024s 
2026-07-10 12:40:51,186 50814 INFO odoo18 odoo.addons.base.models.ir_cron: Job 'Mail: Email Queue Manager' (3) processed 0 records, 0 records remaining 
2026-07-10 12:40:51,194 50814 INFO odoo18 odoo.addons.base.models.ir_cron: Job 'Mail: Email Queue Manager' (3) completed 
2026-07-10 12:40:51,208 50814 INFO odoo18 odoo.addons.base.models.ir_cron: Job 'Partner Autocomplete: Sync with remote DB' (13) starting 
2026-07-10 12:40:51,215 50814 INFO odoo18 odoo.addons.base.models.ir_cron: Job 'Partner Autocomplete: Sync with remote DB' (13) done in 0.006s 
2026-07-10 12:40:51,220 50814 INFO odoo18 odoo.addons.base.models.ir_cron: Job 'Partner Autocomplete: Sync with remote DB' (13) processed 0 records, 0 records remaining 
2026-07-10 12:40:51,228 50814 INFO odoo18 odoo.addons.base.models.ir_cron: Job 'Partner Autocomplete: Sync with remote DB' (13) completed 
2026-07-10 12:46:53,450 50814 INFO odoo18 odoo.addons.base.models.ir_cron: Job 'CRM: enrich leads (IAP)' (26) starting 
2026-07-10 12:46:53,459 50814 INFO odoo18 odoo.addons.base.models.ir_cron: Job 'CRM: enrich leads (IAP)' (26) done in 0.008s 
2026-07-10 12:46:53,464 50814 INFO odoo18 odoo.addons.base.models.ir_cron: Job 'CRM: enrich leads (IAP)' (26) processed 0 records, 0 records remaining 
2026-07-10 12:46:53,472 50814 INFO odoo18 odoo.addons.base.models.ir_cron: Job 'CRM: enrich leads (IAP)' (26) completed 
2026-07-10 13:32:43,367 50814 INFO odoo18 odoo.addons.base.models.ir_cron: Job 'Notification: Notify scheduled messages' (8) starting 
2026-07-10 13:32:43,385 50814 INFO odoo18 odoo.addons.base.models.ir_cron: Job 'Notification: Notify scheduled messages' (8) done in 0.016s 
2026-07-10 13:32:43,390 50814 INFO odoo18 odoo.addons.base.models.ir_cron: Job 'Notification: Notify scheduled messages' (8) processed 0 records, 0 records remaining 
2026-07-10 13:32:43,394 50814 INFO odoo18 odoo.addons.base.models.ir_cron: Job 'Notification: Notify scheduled messages' (8) completed 
2026-07-10 13:32:43,406 50814 INFO odoo18 odoo.addons.base.models.ir_cron: Job 'Mail: Email Queue Manager' (3) starting 
2026-07-10 13:32:43,417 50814 INFO odoo18 odoo.addons.base.models.ir_cron: Job 'Mail: Email Queue Manager' (3) done in 0.010s 
2026-07-10 13:32:43,421 50814 INFO odoo18 odoo.addons.base.models.ir_cron: Job 'Mail: Email Queue Manager' (3) processed 0 records, 0 records remaining 
2026-07-10 13:32:43,426 50814 INFO odoo18 odoo.addons.base.models.ir_cron: Job 'Mail: Email Queue Manager' (3) completed 
2026-07-10 13:32:53,888 50814 INFO odoo18 odoo.addons.base.models.ir_cron: Job 'SMS: SMS Queue Manager' (14) starting 
2026-07-10 13:32:53,895 50814 INFO odoo18 odoo.addons.base.models.ir_cron: Job 'SMS: SMS Queue Manager' (14) done in 0.007s 
2026-07-10 13:32:53,901 50814 INFO odoo18 odoo.addons.base.models.ir_cron: Job 'SMS: SMS Queue Manager' (14) processed 0 records, 0 records remaining 
2026-07-10 13:32:53,909 50814 INFO odoo18 odoo.addons.base.models.ir_cron: Job 'SMS: SMS Queue Manager' (14) completed 
2026-07-10 13:32:53,921 50814 INFO odoo18 odoo.addons.base.models.ir_cron: Job 'Snailmail: process letters queue' (15) starting 
2026-07-10 13:32:53,928 50814 INFO odoo18 odoo.addons.base.models.ir_cron: Job 'Snailmail: process letters queue' (15) done in 0.008s 
2026-07-10 13:32:53,933 50814 INFO odoo18 odoo.addons.base.models.ir_cron: Job 'Snailmail: process letters queue' (15) processed 0 records, 0 records remaining 
2026-07-10 13:32:53,938 50814 INFO odoo18 odoo.addons.base.models.ir_cron: Job 'Snailmail: process letters queue' (15) completed 
2026-07-10 13:32:53,949 50814 INFO odoo18 odoo.addons.base.models.ir_cron: Job 'Partner Autocomplete: Sync with remote DB' (13) starting 
2026-07-10 13:32:53,954 50814 INFO odoo18 odoo.addons.base.models.ir_cron: Job 'Partner Autocomplete: Sync with remote DB' (13) done in 0.004s 
2026-07-10 13:32:53,959 50814 INFO odoo18 odoo.addons.base.models.ir_cron: Job 'Partner Autocomplete: Sync with remote DB' (13) processed 0 records, 0 records remaining 
2026-07-10 13:32:53,964 50814 INFO odoo18 odoo.addons.base.models.ir_cron: Job 'Partner Autocomplete: Sync with remote DB' (13) completed 
2026-07-10 13:46:54,001 50814 INFO odoo18 odoo.addons.base.models.ir_cron: Job 'CRM: enrich leads (IAP)' (26) starting 
2026-07-10 13:46:54,019 50814 INFO odoo18 odoo.addons.base.models.ir_cron: Job 'CRM: enrich leads (IAP)' (26) done in 0.018s 
2026-07-10 13:46:54,023 50814 INFO odoo18 odoo.addons.base.models.ir_cron: Job 'CRM: enrich leads (IAP)' (26) processed 0 records, 0 records remaining 
2026-07-10 13:46:54,028 50814 INFO odoo18 odoo.addons.base.models.ir_cron: Job 'CRM: enrich leads (IAP)' (26) completed 
2026-07-10 14:32:43,646 50814 INFO odoo18 odoo.addons.base.models.ir_cron: Job 'Notification: Notify scheduled messages' (8) starting 
2026-07-10 14:32:43,669 50814 INFO odoo18 odoo.addons.base.models.ir_cron: Job 'Notification: Notify scheduled messages' (8) done in 0.022s 
2026-07-10 14:32:43,678 50814 INFO odoo18 odoo.addons.base.models.ir_cron: Job 'Notification: Notify scheduled messages' (8) processed 0 records, 0 records remaining 
2026-07-10 14:32:43,684 50814 INFO odoo18 odoo.addons.base.models.ir_cron: Job 'Notification: Notify scheduled messages' (8) completed 
2026-07-10 14:32:43,696 50814 INFO odoo18 odoo.addons.base.models.ir_cron: Job 'Mail: Email Queue Manager' (3) starting 
2026-07-10 14:32:43,707 50814 INFO odoo18 odoo.addons.base.models.ir_cron: Job 'Mail: Email Queue Manager' (3) done in 0.010s 
2026-07-10 14:32:43,711 50814 INFO odoo18 odoo.addons.base.models.ir_cron: Job 'Mail: Email Queue Manager' (3) processed 0 records, 0 records remaining 
2026-07-10 14:32:43,715 50814 INFO odoo18 odoo.addons.base.models.ir_cron: Job 'Mail: Email Queue Manager' (3) completed 
2026-07-10 14:32:54,339 50814 INFO odoo18 odoo.addons.base.models.ir_cron: Job 'SMS: SMS Queue Manager' (14) starting 
2026-07-10 14:32:54,345 50814 INFO odoo18 odoo.addons.base.models.ir_cron: Job 'SMS: SMS Queue Manager' (14) done in 0.005s 
2026-07-10 14:32:54,348 50814 INFO odoo18 odoo.addons.base.models.ir_cron: Job 'SMS: SMS Queue Manager' (14) processed 0 records, 0 records remaining 
2026-07-10 14:32:54,352 50814 INFO odoo18 odoo.addons.base.models.ir_cron: Job 'SMS: SMS Queue Manager' (14) completed 
2026-07-10 14:32:54,359 50814 INFO odoo18 odoo.addons.base.models.ir_cron: Job 'Snailmail: process letters queue' (15) starting 
2026-07-10 14:32:54,365 50814 INFO odoo18 odoo.addons.base.models.ir_cron: Job 'Snailmail: process letters queue' (15) done in 0.005s 
2026-07-10 14:32:54,368 50814 INFO odoo18 odoo.addons.base.models.ir_cron: Job 'Snailmail: process letters queue' (15) processed 0 records, 0 records remaining 
2026-07-10 14:32:54,371 50814 INFO odoo18 odoo.addons.base.models.ir_cron: Job 'Snailmail: process letters queue' (15) completed 
2026-07-10 14:32:54,378 50814 INFO odoo18 odoo.addons.base.models.ir_cron: Job 'Partner Autocomplete: Sync with remote DB' (13) starting 
2026-07-10 14:32:54,380 50814 INFO odoo18 odoo.addons.base.models.ir_cron: Job 'Partner Autocomplete: Sync with remote DB' (13) done in 0.002s 
2026-07-10 14:32:54,382 50814 INFO odoo18 odoo.addons.base.models.ir_cron: Job 'Partner Autocomplete: Sync with remote DB' (13) processed 0 records, 0 records remaining 
2026-07-10 14:32:54,385 50814 INFO odoo18 odoo.addons.base.models.ir_cron: Job 'Partner Autocomplete: Sync with remote DB' (13) completed 
2026-07-10 14:46:54,509 50814 INFO odoo18 odoo.addons.base.models.ir_cron: Job 'CRM: enrich leads (IAP)' (26) starting 
2026-07-10 14:46:54,535 50814 INFO odoo18 odoo.addons.base.models.ir_cron: Job 'CRM: enrich leads (IAP)' (26) done in 0.025s 
2026-07-10 14:46:54,540 50814 INFO odoo18 odoo.addons.base.models.ir_cron: Job 'CRM: enrich leads (IAP)' (26) processed 0 records, 0 records remaining 
2026-07-10 14:46:54,547 50814 INFO odoo18 odoo.addons.base.models.ir_cron: Job 'CRM: enrich leads (IAP)' (26) completed 
2026-07-10 15:38:01,405 50814 INFO odoo18 odoo.addons.base.models.ir_cron: Job 'Notification: Notify scheduled messages' (8) starting 
2026-07-10 15:38:01,426 50814 INFO odoo18 odoo.addons.base.models.ir_cron: Job 'Notification: Notify scheduled messages' (8) done in 0.018s 
2026-07-10 15:38:01,432 50814 INFO odoo18 odoo.addons.base.models.ir_cron: Job 'Notification: Notify scheduled messages' (8) processed 0 records, 0 records remaining 
2026-07-10 15:38:01,448 50814 INFO odoo18 odoo.addons.base.models.ir_cron: Job 'Notification: Notify scheduled messages' (8) completed 
2026-07-10 15:38:01,462 50814 INFO odoo18 odoo.addons.base.models.ir_cron: Job 'SMS: SMS Queue Manager' (14) starting 
2026-07-10 15:38:01,475 50814 INFO odoo18 odoo.addons.base.models.ir_cron: Job 'SMS: SMS Queue Manager' (14) done in 0.012s 
2026-07-10 15:38:01,478 50814 INFO odoo18 odoo.addons.base.models.ir_cron: Job 'SMS: SMS Queue Manager' (14) processed 0 records, 0 records remaining 
2026-07-10 15:38:01,484 50814 INFO odoo18 odoo.addons.base.models.ir_cron: Job 'SMS: SMS Queue Manager' (14) completed 
2026-07-10 15:38:01,494 50814 INFO odoo18 odoo.addons.base.models.ir_cron: Job 'Snailmail: process letters queue' (15) starting 
2026-07-10 15:38:01,505 50814 INFO odoo18 odoo.addons.base.models.ir_cron: Job 'Snailmail: process letters queue' (15) done in 0.012s 
2026-07-10 15:38:01,509 50814 INFO odoo18 odoo.addons.base.models.ir_cron: Job 'Snailmail: process letters queue' (15) processed 0 records, 0 records remaining 
2026-07-10 15:38:01,516 50814 INFO odoo18 odoo.addons.base.models.ir_cron: Job 'Snailmail: process letters queue' (15) completed 
2026-07-10 15:38:01,527 50814 INFO odoo18 odoo.addons.base.models.ir_cron: Job 'Mail: Email Queue Manager' (3) starting 
2026-07-10 15:38:01,551 50814 INFO odoo18 odoo.addons.base.models.ir_cron: Job 'Mail: Email Queue Manager' (3) done in 0.024s 
2026-07-10 15:38:01,555 50814 INFO odoo18 odoo.addons.base.models.ir_cron: Job 'Mail: Email Queue Manager' (3) processed 0 records, 0 records remaining 
2026-07-10 15:38:01,562 50814 INFO odoo18 odoo.addons.base.models.ir_cron: Job 'Mail: Email Queue Manager' (3) completed 
2026-07-10 15:38:01,578 50814 INFO odoo18 odoo.addons.base.models.ir_cron: Job 'Partner Autocomplete: Sync with remote DB' (13) starting 
2026-07-10 15:38:01,582 50814 INFO odoo18 odoo.addons.base.models.ir_cron: Job 'Partner Autocomplete: Sync with remote DB' (13) done in 0.004s 
2026-07-10 15:38:01,587 50814 INFO odoo18 odoo.addons.base.models.ir_cron: Job 'Partner Autocomplete: Sync with remote DB' (13) processed 0 records, 0 records remaining 
2026-07-10 15:38:01,593 50814 INFO odoo18 odoo.addons.base.models.ir_cron: Job 'Partner Autocomplete: Sync with remote DB' (13) completed 
2026-07-10 15:55:17,645 50814 INFO odoo18 odoo.addons.base.models.ir_cron: Job 'CRM: enrich leads (IAP)' (26) starting 
2026-07-10 15:55:17,659 50814 INFO odoo18 odoo.addons.base.models.ir_cron: Job 'CRM: enrich leads (IAP)' (26) done in 0.014s 
2026-07-10 15:55:17,664 50814 INFO odoo18 odoo.addons.base.models.ir_cron: Job 'CRM: enrich leads (IAP)' (26) processed 0 records, 0 records remaining 
2026-07-10 15:55:17,676 50814 INFO odoo18 odoo.addons.base.models.ir_cron: Job 'CRM: enrich leads (IAP)' (26) completed 
2026-07-10 16:44:33,840 50814 INFO odoo18 odoo.addons.base.models.ir_cron: Job 'Notification: Notify scheduled messages' (8) starting 
2026-07-10 16:44:33,856 50814 INFO odoo18 odoo.addons.base.models.ir_cron: Job 'Notification: Notify scheduled messages' (8) done in 0.015s 
2026-07-10 16:44:33,863 50814 INFO odoo18 odoo.addons.base.models.ir_cron: Job 'Notification: Notify scheduled messages' (8) processed 0 records, 0 records remaining 
2026-07-10 16:44:33,883 50814 INFO odoo18 odoo.addons.base.models.ir_cron: Job 'Notification: Notify scheduled messages' (8) completed 
2026-07-10 16:44:33,900 50814 INFO odoo18 odoo.addons.base.models.ir_cron: Job 'SMS: SMS Queue Manager' (14) starting 
2026-07-10 16:44:33,911 50814 INFO odoo18 odoo.addons.base.models.ir_cron: Job 'SMS: SMS Queue Manager' (14) done in 0.009s 
2026-07-10 16:44:33,916 50814 INFO odoo18 odoo.addons.base.models.ir_cron: Job 'SMS: SMS Queue Manager' (14) processed 0 records, 0 records remaining 
2026-07-10 16:44:33,927 50814 INFO odoo18 odoo.addons.base.models.ir_cron: Job 'SMS: SMS Queue Manager' (14) completed 
2026-07-10 16:44:33,945 50814 INFO odoo18 odoo.addons.base.models.ir_cron: Job 'Snailmail: process letters queue' (15) starting 
2026-07-10 16:44:33,955 50814 INFO odoo18 odoo.addons.base.models.ir_cron: Job 'Snailmail: process letters queue' (15) done in 0.010s 
2026-07-10 16:44:33,962 50814 INFO odoo18 odoo.addons.base.models.ir_cron: Job 'Snailmail: process letters queue' (15) processed 0 records, 0 records remaining 
2026-07-10 16:44:33,970 50814 INFO odoo18 odoo.addons.base.models.ir_cron: Job 'Snailmail: process letters queue' (15) completed 
2026-07-10 16:44:33,985 50814 INFO odoo18 odoo.addons.base.models.ir_cron: Job 'Mail: Email Queue Manager' (3) starting 
2026-07-10 16:44:33,995 50814 INFO odoo18 odoo.addons.base.models.ir_cron: Job 'Mail: Email Queue Manager' (3) done in 0.010s 
2026-07-10 16:44:33,999 50814 INFO odoo18 odoo.addons.base.models.ir_cron: Job 'Mail: Email Queue Manager' (3) processed 0 records, 0 records remaining 
2026-07-10 16:44:34,009 50814 INFO odoo18 odoo.addons.base.models.ir_cron: Job 'Mail: Email Queue Manager' (3) completed 
2026-07-10 16:44:34,025 50814 INFO odoo18 odoo.addons.base.models.ir_cron: Job 'Partner Autocomplete: Sync with remote DB' (13) starting 
2026-07-10 16:44:34,030 50814 INFO odoo18 odoo.addons.base.models.ir_cron: Job 'Partner Autocomplete: Sync with remote DB' (13) done in 0.005s 
2026-07-10 16:44:34,034 50814 INFO odoo18 odoo.addons.base.models.ir_cron: Job 'Partner Autocomplete: Sync with remote DB' (13) processed 0 records, 0 records remaining 
2026-07-10 16:44:34,041 50814 INFO odoo18 odoo.addons.base.models.ir_cron: Job 'Partner Autocomplete: Sync with remote DB' (13) completed 
2026-07-10 18:16:56,983 50814 INFO odoo18 odoo.addons.base.models.ir_cron: Job 'Notification: Notify scheduled messages' (8) starting 
2026-07-10 18:16:56,995 50814 INFO odoo18 odoo.addons.base.models.ir_cron: Job 'Notification: Notify scheduled messages' (8) done in 0.012s 
2026-07-10 18:16:57,003 50814 INFO odoo18 odoo.addons.base.models.ir_cron: Job 'Notification: Notify scheduled messages' (8) processed 0 records, 0 records remaining 
2026-07-10 18:16:57,023 50814 INFO odoo18 odoo.addons.base.models.ir_cron: Job 'Notification: Notify scheduled messages' (8) completed 
2026-07-10 18:16:57,033 50814 INFO odoo18 odoo.addons.base.models.ir_cron: Job 'SMS: SMS Queue Manager' (14) starting 
2026-07-10 18:16:57,039 50814 INFO odoo18 odoo.addons.base.models.ir_cron: Job 'SMS: SMS Queue Manager' (14) done in 0.007s 
2026-07-10 18:16:57,043 50814 INFO odoo18 odoo.addons.base.models.ir_cron: Job 'SMS: SMS Queue Manager' (14) processed 0 records, 0 records remaining 
2026-07-10 18:16:57,049 50814 INFO odoo18 odoo.addons.base.models.ir_cron: Job 'SMS: SMS Queue Manager' (14) completed 
2026-07-10 18:16:57,061 50814 INFO odoo18 odoo.addons.base.models.ir_cron: Job 'Snailmail: process letters queue' (15) starting 
2026-07-10 18:16:57,068 50814 INFO odoo18 odoo.addons.base.models.ir_cron: Job 'Snailmail: process letters queue' (15) done in 0.007s 
2026-07-10 18:16:57,074 50814 INFO odoo18 odoo.addons.base.models.ir_cron: Job 'Snailmail: process letters queue' (15) processed 0 records, 0 records remaining 
2026-07-10 18:16:57,081 50814 INFO odoo18 odoo.addons.base.models.ir_cron: Job 'Snailmail: process letters queue' (15) completed 
2026-07-10 18:16:57,097 50814 INFO odoo18 odoo.addons.base.models.ir_cron: Job 'CRM: enrich leads (IAP)' (26) starting 
2026-07-10 18:16:57,119 50814 INFO odoo18 odoo.addons.base.models.ir_cron: Job 'CRM: enrich leads (IAP)' (26) done in 0.022s 
2026-07-10 18:16:57,128 50814 INFO odoo18 odoo.addons.base.models.ir_cron: Job 'CRM: enrich leads (IAP)' (26) processed 0 records, 0 records remaining 
2026-07-10 18:16:57,136 50814 INFO odoo18 odoo.addons.base.models.ir_cron: Job 'CRM: enrich leads (IAP)' (26) completed 
2026-07-10 18:16:57,156 50814 INFO odoo18 odoo.addons.base.models.ir_cron: Job 'Mail: Email Queue Manager' (3) starting 
2026-07-10 18:16:57,172 50814 INFO odoo18 odoo.addons.base.models.ir_cron: Job 'Mail: Email Queue Manager' (3) done in 0.017s 
2026-07-10 18:16:57,181 50814 INFO odoo18 odoo.addons.base.models.ir_cron: Job 'Mail: Email Queue Manager' (3) processed 0 records, 0 records remaining 
2026-07-10 18:16:57,192 50814 INFO odoo18 odoo.addons.base.models.ir_cron: Job 'Mail: Email Queue Manager' (3) completed 
2026-07-10 18:16:57,215 50814 INFO odoo18 odoo.addons.base.models.ir_cron: Job 'Partner Autocomplete: Sync with remote DB' (13) starting 
2026-07-10 18:16:57,223 50814 INFO odoo18 odoo.addons.base.models.ir_cron: Job 'Partner Autocomplete: Sync with remote DB' (13) done in 0.008s 
2026-07-10 18:16:57,231 50814 INFO odoo18 odoo.addons.base.models.ir_cron: Job 'Partner Autocomplete: Sync with remote DB' (13) processed 0 records, 0 records remaining 
2026-07-10 18:16:57,241 50814 INFO odoo18 odoo.addons.base.models.ir_cron: Job 'Partner Autocomplete: Sync with remote DB' (13) completed 
2026-07-10 18:51:37,138 50814 INFO odoo18 odoo.addons.base.models.ir_cron: Job 'Notification: Notify scheduled messages' (8) starting 
2026-07-10 18:51:37,154 50814 INFO odoo18 odoo.addons.base.models.ir_cron: Job 'Notification: Notify scheduled messages' (8) done in 0.015s 
2026-07-10 18:51:37,161 50814 INFO odoo18 odoo.addons.base.models.ir_cron: Job 'Notification: Notify scheduled messages' (8) processed 0 records, 0 records remaining 
2026-07-10 18:51:37,174 50814 INFO odoo18 odoo.addons.base.models.ir_cron: Job 'Notification: Notify scheduled messages' (8) completed 
2026-07-10 18:51:37,188 50814 INFO odoo18 odoo.addons.base.models.ir_cron: Job 'SMS: SMS Queue Manager' (14) starting 
2026-07-10 18:51:37,196 50814 INFO odoo18 odoo.addons.base.models.ir_cron: Job 'SMS: SMS Queue Manager' (14) done in 0.008s 
2026-07-10 18:51:37,201 50814 INFO odoo18 odoo.addons.base.models.ir_cron: Job 'SMS: SMS Queue Manager' (14) processed 0 records, 0 records remaining 
2026-07-10 18:51:37,207 50814 INFO odoo18 odoo.addons.base.models.ir_cron: Job 'SMS: SMS Queue Manager' (14) completed 
2026-07-10 18:51:37,215 50814 INFO odoo18 odoo.addons.base.models.ir_cron: Job 'Snailmail: process letters queue' (15) starting 
2026-07-10 18:51:37,221 50814 INFO odoo18 odoo.addons.base.models.ir_cron: Job 'Snailmail: process letters queue' (15) done in 0.006s 
2026-07-10 18:51:37,228 50814 INFO odoo18 odoo.addons.base.models.ir_cron: Job 'Snailmail: process letters queue' (15) processed 0 records, 0 records remaining 
2026-07-10 18:51:37,235 50814 INFO odoo18 odoo.addons.base.models.ir_cron: Job 'Snailmail: process letters queue' (15) completed 
2026-07-10 18:51:37,245 50814 INFO odoo18 odoo.addons.base.models.ir_cron: Job 'CRM: enrich leads (IAP)' (26) starting 
2026-07-10 18:51:37,260 50814 INFO odoo18 odoo.addons.base.models.ir_cron: Job 'CRM: enrich leads (IAP)' (26) done in 0.015s 
2026-07-10 18:51:37,266 50814 INFO odoo18 odoo.addons.base.models.ir_cron: Job 'CRM: enrich leads (IAP)' (26) processed 0 records, 0 records remaining 
2026-07-10 18:51:37,274 50814 INFO odoo18 odoo.addons.base.models.ir_cron: Job 'CRM: enrich leads (IAP)' (26) completed 
2026-07-10 18:51:37,286 50814 INFO odoo18 odoo.addons.base.models.ir_cron: Job 'Mail: Email Queue Manager' (3) starting 
2026-07-10 18:51:37,298 50814 INFO odoo18 odoo.addons.base.models.ir_cron: Job 'Mail: Email Queue Manager' (3) done in 0.012s 
2026-07-10 18:51:37,303 50814 INFO odoo18 odoo.addons.base.models.ir_cron: Job 'Mail: Email Queue Manager' (3) processed 0 records, 0 records remaining 
2026-07-10 18:51:37,313 50814 INFO odoo18 odoo.addons.base.models.ir_cron: Job 'Mail: Email Queue Manager' (3) completed 
2026-07-10 18:51:37,328 50814 INFO odoo18 odoo.addons.base.models.ir_cron: Job 'Partner Autocomplete: Sync with remote DB' (13) starting 
2026-07-10 18:51:37,335 50814 INFO odoo18 odoo.addons.base.models.ir_cron: Job 'Partner Autocomplete: Sync with remote DB' (13) done in 0.006s 
2026-07-10 18:51:37,339 50814 INFO odoo18 odoo.addons.base.models.ir_cron: Job 'Partner Autocomplete: Sync with remote DB' (13) processed 0 records, 0 records remaining 
2026-07-10 18:51:37,347 50814 INFO odoo18 odoo.addons.base.models.ir_cron: Job 'Partner Autocomplete: Sync with remote DB' (13) completed 
2026-07-10 19:42:46,091 50814 INFO odoo18 odoo.addons.base.models.ir_cron: Job 'Notification: Notify scheduled messages' (8) starting 
2026-07-10 19:42:46,101 50814 INFO odoo18 odoo.addons.base.models.ir_cron: Job 'Notification: Notify scheduled messages' (8) done in 0.009s 
2026-07-10 19:42:46,104 50814 INFO odoo18 odoo.addons.base.models.ir_cron: Job 'Notification: Notify scheduled messages' (8) processed 0 records, 0 records remaining 
2026-07-10 19:42:46,113 50814 INFO odoo18 odoo.addons.base.models.ir_cron: Job 'Notification: Notify scheduled messages' (8) completed 
2026-07-10 19:42:46,121 50814 INFO odoo18 odoo.addons.base.models.ir_cron: Job 'SMS: SMS Queue Manager' (14) starting 
2026-07-10 19:42:46,126 50814 INFO odoo18 odoo.addons.base.models.ir_cron: Job 'SMS: SMS Queue Manager' (14) done in 0.005s 
2026-07-10 19:42:46,129 50814 INFO odoo18 odoo.addons.base.models.ir_cron: Job 'SMS: SMS Queue Manager' (14) processed 0 records, 0 records remaining 
2026-07-10 19:42:46,133 50814 INFO odoo18 odoo.addons.base.models.ir_cron: Job 'SMS: SMS Queue Manager' (14) completed 
2026-07-10 19:42:46,140 50814 INFO odoo18 odoo.addons.base.models.ir_cron: Job 'Snailmail: process letters queue' (15) starting 
2026-07-10 19:42:46,143 50814 INFO odoo18 odoo.addons.base.models.ir_cron: Job 'Snailmail: process letters queue' (15) done in 0.004s 
2026-07-10 19:42:46,146 50814 INFO odoo18 odoo.addons.base.models.ir_cron: Job 'Snailmail: process letters queue' (15) processed 0 records, 0 records remaining 
2026-07-10 19:42:46,154 50814 INFO odoo18 odoo.addons.base.models.ir_cron: Job 'Snailmail: process letters queue' (15) completed 
2026-07-10 19:42:46,169 50814 INFO odoo18 odoo.addons.base.models.ir_cron: Job 'Mail: Email Queue Manager' (3) starting 
2026-07-10 19:42:46,181 50814 INFO odoo18 odoo.addons.base.models.ir_cron: Job 'Mail: Email Queue Manager' (3) done in 0.012s 
2026-07-10 19:42:46,186 50814 INFO odoo18 odoo.addons.base.models.ir_cron: Job 'Mail: Email Queue Manager' (3) processed 0 records, 0 records remaining 
2026-07-10 19:42:46,196 50814 INFO odoo18 odoo.addons.base.models.ir_cron: Job 'Mail: Email Queue Manager' (3) completed 
2026-07-10 19:42:46,212 50814 INFO odoo18 odoo.addons.base.models.ir_cron: Job 'Partner Autocomplete: Sync with remote DB' (13) starting 
2026-07-10 19:42:46,218 50814 INFO odoo18 odoo.addons.base.models.ir_cron: Job 'Partner Autocomplete: Sync with remote DB' (13) done in 0.007s 
2026-07-10 19:42:46,225 50814 INFO odoo18 odoo.addons.base.models.ir_cron: Job 'Partner Autocomplete: Sync with remote DB' (13) processed 0 records, 0 records remaining 
2026-07-10 19:42:46,234 50814 INFO odoo18 odoo.addons.base.models.ir_cron: Job 'Partner Autocomplete: Sync with remote DB' (13) completed 
2026-07-10 20:13:44,319 50814 INFO odoo18 odoo.addons.base.models.ir_cron: Job 'CRM: enrich leads (IAP)' (26) starting 
2026-07-10 20:13:44,328 50814 INFO odoo18 odoo.addons.base.models.ir_cron: Job 'CRM: enrich leads (IAP)' (26) done in 0.009s 
2026-07-10 20:13:44,331 50814 INFO odoo18 odoo.addons.base.models.ir_cron: Job 'CRM: enrich leads (IAP)' (26) processed 0 records, 0 records remaining 
2026-07-10 20:13:44,339 50814 INFO odoo18 odoo.addons.base.models.ir_cron: Job 'CRM: enrich leads (IAP)' (26) completed 
2026-07-10 21:37:35,143 50814 INFO odoo18 odoo.addons.base.models.ir_cron: Job 'Notification: Notify scheduled messages' (8) starting 
2026-07-10 21:37:35,159 50814 INFO odoo18 odoo.addons.base.models.ir_cron: Job 'Notification: Notify scheduled messages' (8) done in 0.016s 
2026-07-10 21:37:35,166 50814 INFO odoo18 odoo.addons.base.models.ir_cron: Job 'Notification: Notify scheduled messages' (8) processed 0 records, 0 records remaining 
2026-07-10 21:37:35,181 50814 INFO odoo18 odoo.addons.base.models.ir_cron: Job 'Notification: Notify scheduled messages' (8) completed 
2026-07-10 21:37:35,196 50814 INFO odoo18 odoo.addons.base.models.ir_cron: Job 'SMS: SMS Queue Manager' (14) starting 
2026-07-10 21:37:35,202 50814 INFO odoo18 odoo.addons.base.models.ir_cron: Job 'SMS: SMS Queue Manager' (14) done in 0.005s 
2026-07-10 21:37:35,204 50814 INFO odoo18 odoo.addons.base.models.ir_cron: Job 'SMS: SMS Queue Manager' (14) processed 0 records, 0 records remaining 
2026-07-10 21:37:35,209 50814 INFO odoo18 odoo.addons.base.models.ir_cron: Job 'SMS: SMS Queue Manager' (14) completed 
2026-07-10 21:37:35,215 50814 INFO odoo18 odoo.addons.base.models.ir_cron: Job 'Snailmail: process letters queue' (15) starting 
2026-07-10 21:37:35,220 50814 INFO odoo18 odoo.addons.base.models.ir_cron: Job 'Snailmail: process letters queue' (15) done in 0.004s 
2026-07-10 21:37:35,223 50814 INFO odoo18 odoo.addons.base.models.ir_cron: Job 'Snailmail: process letters queue' (15) processed 0 records, 0 records remaining 
2026-07-10 21:37:35,228 50814 INFO odoo18 odoo.addons.base.models.ir_cron: Job 'Snailmail: process letters queue' (15) completed 
2026-07-10 21:37:35,240 50814 INFO odoo18 odoo.addons.base.models.ir_cron: Job 'CRM: enrich leads (IAP)' (26) starting 
2026-07-10 21:37:35,255 50814 INFO odoo18 odoo.addons.base.models.ir_cron: Job 'CRM: enrich leads (IAP)' (26) done in 0.015s 
2026-07-10 21:37:35,261 50814 INFO odoo18 odoo.addons.base.models.ir_cron: Job 'CRM: enrich leads (IAP)' (26) processed 0 records, 0 records remaining 
2026-07-10 21:37:35,268 50814 INFO odoo18 odoo.addons.base.models.ir_cron: Job 'CRM: enrich leads (IAP)' (26) completed 
2026-07-10 21:37:35,284 50814 INFO odoo18 odoo.addons.base.models.ir_cron: Job 'Mail: Email Queue Manager' (3) starting 
2026-07-10 21:37:35,294 50814 INFO odoo18 odoo.addons.base.models.ir_cron: Job 'Mail: Email Queue Manager' (3) done in 0.010s 
2026-07-10 21:37:35,299 50814 INFO odoo18 odoo.addons.base.models.ir_cron: Job 'Mail: Email Queue Manager' (3) processed 0 records, 0 records remaining 
2026-07-10 21:37:35,310 50814 INFO odoo18 odoo.addons.base.models.ir_cron: Job 'Mail: Email Queue Manager' (3) completed 
2026-07-10 21:37:35,322 50814 INFO odoo18 odoo.addons.base.models.ir_cron: Job 'Partner Autocomplete: Sync with remote DB' (13) starting 
2026-07-10 21:37:35,328 50814 INFO odoo18 odoo.addons.base.models.ir_cron: Job 'Partner Autocomplete: Sync with remote DB' (13) done in 0.005s 
2026-07-10 21:37:35,333 50814 INFO odoo18 odoo.addons.base.models.ir_cron: Job 'Partner Autocomplete: Sync with remote DB' (13) processed 0 records, 0 records remaining 
2026-07-10 21:37:35,341 50814 INFO odoo18 odoo.addons.base.models.ir_cron: Job 'Partner Autocomplete: Sync with remote DB' (13) completed 
2026-07-10 22:53:58,572 50814 INFO odoo18 odoo.addons.base.models.ir_cron: Job 'Notification: Notify scheduled messages' (8) starting 
2026-07-10 22:53:58,586 50814 INFO odoo18 odoo.addons.base.models.ir_cron: Job 'Notification: Notify scheduled messages' (8) done in 0.013s 
2026-07-10 22:53:58,593 50814 INFO odoo18 odoo.addons.base.models.ir_cron: Job 'Notification: Notify scheduled messages' (8) processed 0 records, 0 records remaining 
2026-07-10 22:53:58,614 50814 INFO odoo18 odoo.addons.base.models.ir_cron: Job 'Notification: Notify scheduled messages' (8) completed 
2026-07-10 22:53:58,633 50814 INFO odoo18 odoo.addons.base.models.ir_cron: Job 'SMS: SMS Queue Manager' (14) starting 
2026-07-10 22:53:58,645 50814 INFO odoo18 odoo.addons.base.models.ir_cron: Job 'SMS: SMS Queue Manager' (14) done in 0.011s 
2026-07-10 22:53:58,653 50814 INFO odoo18 odoo.addons.base.models.ir_cron: Job 'SMS: SMS Queue Manager' (14) processed 0 records, 0 records remaining 
2026-07-10 22:53:58,666 50814 INFO odoo18 odoo.addons.base.models.ir_cron: Job 'SMS: SMS Queue Manager' (14) completed 
2026-07-10 22:53:58,682 50814 INFO odoo18 odoo.addons.base.models.ir_cron: Job 'Snailmail: process letters queue' (15) starting 
2026-07-10 22:53:58,689 50814 INFO odoo18 odoo.addons.base.models.ir_cron: Job 'Snailmail: process letters queue' (15) done in 0.007s 
2026-07-10 22:53:58,693 50814 INFO odoo18 odoo.addons.base.models.ir_cron: Job 'Snailmail: process letters queue' (15) processed 0 records, 0 records remaining 
2026-07-10 22:53:58,704 50814 INFO odoo18 odoo.addons.base.models.ir_cron: Job 'Snailmail: process letters queue' (15) completed 
2026-07-10 22:53:58,717 50814 INFO odoo18 odoo.addons.base.models.ir_cron: Job 'CRM: enrich leads (IAP)' (26) starting 
2026-07-10 22:53:58,744 50814 INFO odoo18 odoo.addons.base.models.ir_cron: Job 'CRM: enrich leads (IAP)' (26) done in 0.027s 
2026-07-10 22:53:58,747 50814 INFO odoo18 odoo.addons.base.models.ir_cron: Job 'CRM: enrich leads (IAP)' (26) processed 0 records, 0 records remaining 
2026-07-10 22:53:58,755 50814 INFO odoo18 odoo.addons.base.models.ir_cron: Job 'CRM: enrich leads (IAP)' (26) completed 
2026-07-10 22:53:58,775 50814 INFO odoo18 odoo.addons.base.models.ir_cron: Job 'Mail: Email Queue Manager' (3) starting 
2026-07-10 22:53:58,784 50814 INFO odoo18 odoo.addons.base.models.ir_cron: Job 'Mail: Email Queue Manager' (3) done in 0.009s 
2026-07-10 22:53:58,789 50814 INFO odoo18 odoo.addons.base.models.ir_cron: Job 'Mail: Email Queue Manager' (3) processed 0 records, 0 records remaining 
2026-07-10 22:53:58,797 50814 INFO odoo18 odoo.addons.base.models.ir_cron: Job 'Mail: Email Queue Manager' (3) completed 
2026-07-10 22:53:58,809 50814 INFO odoo18 odoo.addons.base.models.ir_cron: Job 'Partner Autocomplete: Sync with remote DB' (13) starting 
2026-07-10 22:53:58,814 50814 INFO odoo18 odoo.addons.base.models.ir_cron: Job 'Partner Autocomplete: Sync with remote DB' (13) done in 0.005s 
2026-07-10 22:53:58,819 50814 INFO odoo18 odoo.addons.base.models.ir_cron: Job 'Partner Autocomplete: Sync with remote DB' (13) processed 0 records, 0 records remaining 
2026-07-10 22:53:58,825 50814 INFO odoo18 odoo.addons.base.models.ir_cron: Job 'Partner Autocomplete: Sync with remote DB' (13) completed 
2026-07-11 01:13:13,989 50814 INFO odoo18 odoo.addons.base.models.ir_cron: Job 'Notification: Notify scheduled messages' (8) starting 
2026-07-11 01:13:14,006 50814 INFO odoo18 odoo.addons.base.models.ir_cron: Job 'Notification: Notify scheduled messages' (8) done in 0.016s 
2026-07-11 01:13:14,013 50814 INFO odoo18 odoo.addons.base.models.ir_cron: Job 'Notification: Notify scheduled messages' (8) processed 0 records, 0 records remaining 
2026-07-11 01:13:14,029 50814 INFO odoo18 odoo.addons.base.models.ir_cron: Job 'Notification: Notify scheduled messages' (8) completed 
2026-07-11 01:13:14,048 50814 INFO odoo18 odoo.addons.base.models.ir_cron: Job 'SMS: SMS Queue Manager' (14) starting 
2026-07-11 01:13:14,058 50814 INFO odoo18 odoo.addons.base.models.ir_cron: Job 'SMS: SMS Queue Manager' (14) done in 0.009s 
2026-07-11 01:13:14,062 50814 INFO odoo18 odoo.addons.base.models.ir_cron: Job 'SMS: SMS Queue Manager' (14) processed 0 records, 0 records remaining 
2026-07-11 01:13:14,069 50814 INFO odoo18 odoo.addons.base.models.ir_cron: Job 'SMS: SMS Queue Manager' (14) completed 
2026-07-11 01:13:14,084 50814 INFO odoo18 odoo.addons.base.models.ir_cron: Job 'Snailmail: process letters queue' (15) starting 
2026-07-11 01:13:14,093 50814 INFO odoo18 odoo.addons.base.models.ir_cron: Job 'Snailmail: process letters queue' (15) done in 0.008s 
2026-07-11 01:13:14,099 50814 INFO odoo18 odoo.addons.base.models.ir_cron: Job 'Snailmail: process letters queue' (15) processed 0 records, 0 records remaining 
2026-07-11 01:13:14,110 50814 INFO odoo18 odoo.addons.base.models.ir_cron: Job 'Snailmail: process letters queue' (15) completed 
2026-07-11 01:13:14,129 50814 INFO odoo18 odoo.addons.base.models.ir_cron: Job 'CRM: enrich leads (IAP)' (26) starting 
2026-07-11 01:13:14,143 50814 INFO odoo18 odoo.addons.base.models.ir_cron: Job 'CRM: enrich leads (IAP)' (26) done in 0.014s 
2026-07-11 01:13:14,148 50814 INFO odoo18 odoo.addons.base.models.ir_cron: Job 'CRM: enrich leads (IAP)' (26) processed 0 records, 0 records remaining 
2026-07-11 01:13:14,157 50814 INFO odoo18 odoo.addons.base.models.ir_cron: Job 'CRM: enrich leads (IAP)' (26) completed 
2026-07-11 01:13:14,175 50814 INFO odoo18 odoo.addons.base.models.ir_cron: Job 'Mail: Email Queue Manager' (3) starting 
2026-07-11 01:13:14,189 50814 INFO odoo18 odoo.addons.base.models.ir_cron: Job 'Mail: Email Queue Manager' (3) done in 0.014s 
2026-07-11 01:13:14,196 50814 INFO odoo18 odoo.addons.base.models.ir_cron: Job 'Mail: Email Queue Manager' (3) processed 0 records, 0 records remaining 
2026-07-11 01:13:14,207 50814 INFO odoo18 odoo.addons.base.models.ir_cron: Job 'Mail: Email Queue Manager' (3) completed 
2026-07-11 01:13:14,230 50814 INFO odoo18 odoo.addons.base.models.ir_cron: Job 'Partner Autocomplete: Sync with remote DB' (13) starting 
2026-07-11 01:13:14,235 50814 INFO odoo18 odoo.addons.base.models.ir_cron: Job 'Partner Autocomplete: Sync with remote DB' (13) done in 0.005s 
2026-07-11 01:13:14,241 50814 INFO odoo18 odoo.addons.base.models.ir_cron: Job 'Partner Autocomplete: Sync with remote DB' (13) processed 0 records, 0 records remaining 
2026-07-11 01:13:14,253 50814 INFO odoo18 odoo.addons.base.models.ir_cron: Job 'Partner Autocomplete: Sync with remote DB' (13) completed 
2026-07-11 02:15:14,693 50814 INFO odoo18 odoo.addons.base.models.ir_cron: Job 'Notification: Notify scheduled messages' (8) starting 
2026-07-11 02:15:14,706 50814 INFO odoo18 odoo.addons.base.models.ir_cron: Job 'Notification: Notify scheduled messages' (8) done in 0.012s 
2026-07-11 02:15:14,713 50814 INFO odoo18 odoo.addons.base.models.ir_cron: Job 'Notification: Notify scheduled messages' (8) processed 0 records, 0 records remaining 
2026-07-11 02:15:14,732 50814 INFO odoo18 odoo.addons.base.models.ir_cron: Job 'Notification: Notify scheduled messages' (8) completed 
2026-07-11 02:15:14,745 50814 INFO odoo18 odoo.addons.base.models.ir_cron: Job 'SMS: SMS Queue Manager' (14) starting 
2026-07-11 02:15:14,754 50814 INFO odoo18 odoo.addons.base.models.ir_cron: Job 'SMS: SMS Queue Manager' (14) done in 0.009s 
2026-07-11 02:15:14,760 50814 INFO odoo18 odoo.addons.base.models.ir_cron: Job 'SMS: SMS Queue Manager' (14) processed 0 records, 0 records remaining 
2026-07-11 02:15:14,767 50814 INFO odoo18 odoo.addons.base.models.ir_cron: Job 'SMS: SMS Queue Manager' (14) completed 
2026-07-11 02:15:14,784 50814 INFO odoo18 odoo.addons.base.models.ir_cron: Job 'Snailmail: process letters queue' (15) starting 
2026-07-11 02:15:14,794 50814 INFO odoo18 odoo.addons.base.models.ir_cron: Job 'Snailmail: process letters queue' (15) done in 0.009s 
2026-07-11 02:15:14,800 50814 INFO odoo18 odoo.addons.base.models.ir_cron: Job 'Snailmail: process letters queue' (15) processed 0 records, 0 records remaining 
2026-07-11 02:15:14,809 50814 INFO odoo18 odoo.addons.base.models.ir_cron: Job 'Snailmail: process letters queue' (15) completed 
2026-07-11 02:15:14,829 50814 INFO odoo18 odoo.addons.base.models.ir_cron: Job 'Account: Post draft entries with auto_post enabled and accounting date up to today' (18) starting 
2026-07-11 02:15:14,896 50814 INFO odoo18 odoo.addons.base.models.ir_cron: Job 'Account: Post draft entries with auto_post enabled and accounting date up to today' (18) done in 0.067s 
2026-07-11 02:15:14,906 50814 INFO odoo18 odoo.addons.base.models.ir_cron: Job 'Account: Post draft entries with auto_post enabled and accounting date up to today' (18) processed 0 records, 0 records remaining 
2026-07-11 02:15:14,918 50814 INFO odoo18 odoo.addons.base.models.ir_cron: Job 'Account: Post draft entries with auto_post enabled and accounting date up to today' (18) completed 
2026-07-11 02:15:14,942 50814 INFO odoo18 odoo.addons.base.models.ir_cron: Job 'CRM: enrich leads (IAP)' (26) starting 
2026-07-11 02:15:14,965 50814 INFO odoo18 odoo.addons.base.models.ir_cron: Job 'CRM: enrich leads (IAP)' (26) done in 0.022s 
2026-07-11 02:15:14,973 50814 INFO odoo18 odoo.addons.base.models.ir_cron: Job 'CRM: enrich leads (IAP)' (26) processed 0 records, 0 records remaining 
2026-07-11 02:15:14,986 50814 INFO odoo18 odoo.addons.base.models.ir_cron: Job 'CRM: enrich leads (IAP)' (26) completed 
2026-07-11 02:15:15,009 50814 INFO odoo18 odoo.addons.base.models.ir_cron: Job 'Mail: Email Queue Manager' (3) starting 
2026-07-11 02:15:15,025 50814 INFO odoo18 odoo.addons.base.models.ir_cron: Job 'Mail: Email Queue Manager' (3) done in 0.016s 
2026-07-11 02:15:15,034 50814 INFO odoo18 odoo.addons.base.models.ir_cron: Job 'Mail: Email Queue Manager' (3) processed 0 records, 0 records remaining 
2026-07-11 02:15:15,046 50814 INFO odoo18 odoo.addons.base.models.ir_cron: Job 'Mail: Email Queue Manager' (3) completed 
2026-07-11 02:15:15,070 50814 INFO odoo18 odoo.addons.base.models.ir_cron: Job 'Partner Autocomplete: Sync with remote DB' (13) starting 
2026-07-11 02:15:15,081 50814 INFO odoo18 odoo.addons.base.models.ir_cron: Job 'Partner Autocomplete: Sync with remote DB' (13) done in 0.010s 
2026-07-11 02:15:15,090 50814 INFO odoo18 odoo.addons.base.models.ir_cron: Job 'Partner Autocomplete: Sync with remote DB' (13) processed 0 records, 0 records remaining 
2026-07-11 02:15:15,104 50814 INFO odoo18 odoo.addons.base.models.ir_cron: Job 'Partner Autocomplete: Sync with remote DB' (13) completed 
2026-07-11 04:07:37,155 50814 INFO odoo18 odoo.addons.base.models.ir_cron: Job 'Notification: Notify scheduled messages' (8) starting 
2026-07-11 04:07:37,167 50814 INFO odoo18 odoo.addons.base.models.ir_cron: Job 'Notification: Notify scheduled messages' (8) done in 0.012s 
2026-07-11 04:07:37,174 50814 INFO odoo18 odoo.addons.base.models.ir_cron: Job 'Notification: Notify scheduled messages' (8) processed 0 records, 0 records remaining 
2026-07-11 04:07:37,192 50814 INFO odoo18 odoo.addons.base.models.ir_cron: Job 'Notification: Notify scheduled messages' (8) completed 
2026-07-11 04:07:37,206 50814 INFO odoo18 odoo.addons.base.models.ir_cron: Job 'SMS: SMS Queue Manager' (14) starting 
2026-07-11 04:07:37,214 50814 INFO odoo18 odoo.addons.base.models.ir_cron: Job 'SMS: SMS Queue Manager' (14) done in 0.008s 
2026-07-11 04:07:37,219 50814 INFO odoo18 odoo.addons.base.models.ir_cron: Job 'SMS: SMS Queue Manager' (14) processed 0 records, 0 records remaining 
2026-07-11 04:07:37,228 50814 INFO odoo18 odoo.addons.base.models.ir_cron: Job 'SMS: SMS Queue Manager' (14) completed 
2026-07-11 04:07:37,246 50814 INFO odoo18 odoo.addons.base.models.ir_cron: Job 'Snailmail: process letters queue' (15) starting 
2026-07-11 04:07:37,256 50814 INFO odoo18 odoo.addons.base.models.ir_cron: Job 'Snailmail: process letters queue' (15) done in 0.010s 
2026-07-11 04:07:37,263 50814 INFO odoo18 odoo.addons.base.models.ir_cron: Job 'Snailmail: process letters queue' (15) processed 0 records, 0 records remaining 
2026-07-11 04:07:37,272 50814 INFO odoo18 odoo.addons.base.models.ir_cron: Job 'Snailmail: process letters queue' (15) completed 
2026-07-11 04:07:37,286 50814 INFO odoo18 odoo.addons.base.models.ir_cron: Job 'CRM: enrich leads (IAP)' (26) starting 
2026-07-11 04:07:37,296 50814 INFO odoo18 odoo.addons.base.models.ir_cron: Job 'CRM: enrich leads (IAP)' (26) done in 0.010s 
2026-07-11 04:07:37,299 50814 INFO odoo18 odoo.addons.base.models.ir_cron: Job 'CRM: enrich leads (IAP)' (26) processed 0 records, 0 records remaining 
2026-07-11 04:07:37,306 50814 INFO odoo18 odoo.addons.base.models.ir_cron: Job 'CRM: enrich leads (IAP)' (26) completed 
2026-07-11 04:07:37,315 50814 INFO odoo18 odoo.addons.base.models.ir_cron: Job 'Mail: Email Queue Manager' (3) starting 
2026-07-11 04:07:37,325 50814 INFO odoo18 odoo.addons.base.models.ir_cron: Job 'Mail: Email Queue Manager' (3) done in 0.010s 
2026-07-11 04:07:37,329 50814 INFO odoo18 odoo.addons.base.models.ir_cron: Job 'Mail: Email Queue Manager' (3) processed 0 records, 0 records remaining 
2026-07-11 04:07:37,335 50814 INFO odoo18 odoo.addons.base.models.ir_cron: Job 'Mail: Email Queue Manager' (3) completed 
2026-07-11 04:07:37,345 50814 INFO odoo18 odoo.addons.base.models.ir_cron: Job 'Partner Autocomplete: Sync with remote DB' (13) starting 
2026-07-11 04:07:37,349 50814 INFO odoo18 odoo.addons.base.models.ir_cron: Job 'Partner Autocomplete: Sync with remote DB' (13) done in 0.004s 
2026-07-11 04:07:37,353 50814 INFO odoo18 odoo.addons.base.models.ir_cron: Job 'Partner Autocomplete: Sync with remote DB' (13) processed 0 records, 0 records remaining 
2026-07-11 04:07:37,359 50814 INFO odoo18 odoo.addons.base.models.ir_cron: Job 'Partner Autocomplete: Sync with remote DB' (13) completed 
2026-07-11 05:25:31,971 50814 INFO odoo18 odoo.addons.base.models.ir_cron: Job 'Notification: Notify scheduled messages' (8) starting 
2026-07-11 05:25:31,978 50814 INFO odoo18 odoo.addons.base.models.ir_cron: Job 'Notification: Notify scheduled messages' (8) done in 0.007s 
2026-07-11 05:25:31,981 50814 INFO odoo18 odoo.addons.base.models.ir_cron: Job 'Notification: Notify scheduled messages' (8) processed 0 records, 0 records remaining 
2026-07-11 05:25:31,988 50814 INFO odoo18 odoo.addons.base.models.ir_cron: Job 'Notification: Notify scheduled messages' (8) completed 
2026-07-11 05:25:31,999 50814 INFO odoo18 odoo.addons.base.models.ir_cron: Job 'SMS: SMS Queue Manager' (14) starting 
2026-07-11 05:25:32,007 50814 INFO odoo18 odoo.addons.base.models.ir_cron: Job 'SMS: SMS Queue Manager' (14) done in 0.008s 
2026-07-11 05:25:32,011 50814 INFO odoo18 odoo.addons.base.models.ir_cron: Job 'SMS: SMS Queue Manager' (14) processed 0 records, 0 records remaining 
2026-07-11 05:25:32,017 50814 INFO odoo18 odoo.addons.base.models.ir_cron: Job 'SMS: SMS Queue Manager' (14) completed 
2026-07-11 05:25:32,028 50814 INFO odoo18 odoo.addons.base.models.ir_cron: Job 'Snailmail: process letters queue' (15) starting 
2026-07-11 05:25:32,036 50814 INFO odoo18 odoo.addons.base.models.ir_cron: Job 'Snailmail: process letters queue' (15) done in 0.008s 
2026-07-11 05:25:32,041 50814 INFO odoo18 odoo.addons.base.models.ir_cron: Job 'Snailmail: process letters queue' (15) processed 0 records, 0 records remaining 
2026-07-11 05:25:32,050 50814 INFO odoo18 odoo.addons.base.models.ir_cron: Job 'Snailmail: process letters queue' (15) completed 
2026-07-11 05:25:32,064 50814 INFO odoo18 odoo.addons.base.models.ir_cron: Job 'CRM: enrich leads (IAP)' (26) starting 
2026-07-11 05:25:32,078 50814 INFO odoo18 odoo.addons.base.models.ir_cron: Job 'CRM: enrich leads (IAP)' (26) done in 0.014s 
2026-07-11 05:25:32,083 50814 INFO odoo18 odoo.addons.base.models.ir_cron: Job 'CRM: enrich leads (IAP)' (26) processed 0 records, 0 records remaining 
2026-07-11 05:25:32,090 50814 INFO odoo18 odoo.addons.base.models.ir_cron: Job 'CRM: enrich leads (IAP)' (26) completed 
2026-07-11 05:25:32,099 50814 INFO odoo18 odoo.addons.base.models.ir_cron: Job 'Mail: Email Queue Manager' (3) starting 
2026-07-11 05:25:32,104 50814 INFO odoo18 odoo.addons.base.models.ir_cron: Job 'Mail: Email Queue Manager' (3) done in 0.005s 
2026-07-11 05:25:32,107 50814 INFO odoo18 odoo.addons.base.models.ir_cron: Job 'Mail: Email Queue Manager' (3) processed 0 records, 0 records remaining 
2026-07-11 05:25:32,111 50814 INFO odoo18 odoo.addons.base.models.ir_cron: Job 'Mail: Email Queue Manager' (3) completed 
2026-07-11 05:25:32,118 50814 INFO odoo18 odoo.addons.base.models.ir_cron: Job 'Partner Autocomplete: Sync with remote DB' (13) starting 
2026-07-11 05:25:32,121 50814 INFO odoo18 odoo.addons.base.models.ir_cron: Job 'Partner Autocomplete: Sync with remote DB' (13) done in 0.003s 
2026-07-11 05:25:32,125 50814 INFO odoo18 odoo.addons.base.models.ir_cron: Job 'Partner Autocomplete: Sync with remote DB' (13) processed 0 records, 0 records remaining 
2026-07-11 05:25:32,131 50814 INFO odoo18 odoo.addons.base.models.ir_cron: Job 'Partner Autocomplete: Sync with remote DB' (13) completed 
2026-07-11 06:47:05,688 50814 INFO odoo18 odoo.addons.base.models.ir_cron: Job 'Base: Auto-vacuum internal data' (1) starting 
2026-07-11 06:47:05,752 50814 INFO odoo18 odoo.addons.base.models.ir_attachment: filestore gc 0 checked, 0 removed 
2026-07-11 06:47:05,787 50814 INFO odoo18 odoo.addons.base.models.res_users: GC'd 0 user log entries 
2026-07-11 06:47:05,796 50814 INFO odoo18 odoo.addons.base.models.res_users: GC 'res.users.apikeys' delete 0 entries 
2026-07-11 06:47:05,801 50814 INFO odoo18 odoo.addons.base.models.res_device: GC device logs delete 0 entries 
2026-07-11 06:47:05,802 50814 INFO odoo18 odoo.addons.base.models.res_device: GC device logs delete 0 entries 
2026-07-11 06:47:05,819 50814 INFO odoo18 odoo.addons.base.models.res_users: GC 'auth_totp.device' delete 0 entries 
2026-07-11 06:47:05,833 50814 INFO odoo18 odoo.models.unlink: User #1 deleted bus.bus records with IDs: [72, 73, 74, 75, 76] 
2026-07-11 06:47:05,845 50814 INFO odoo18 odoo.models.unlink: User #1 deleted bus.presence records with IDs: [2] 
2026-07-11 06:47:06,016 50814 INFO odoo18 odoo.addons.sms.models.sms_sms: GC'd 0 sms marked for deletion 
2026-07-11 06:47:06,303 50814 INFO odoo18 odoo.addons.base.models.ir_cron: Job 'Base: Auto-vacuum internal data' (1) done in 0.614s 
2026-07-11 06:47:06,308 50814 INFO odoo18 odoo.addons.base.models.ir_cron: Job 'Base: Auto-vacuum internal data' (1) processed 0 records, 0 records remaining 
2026-07-11 06:47:06,325 50814 INFO odoo18 odoo.addons.base.models.ir_cron: Job 'Base: Auto-vacuum internal data' (1) completed 
2026-07-11 06:47:06,345 50814 INFO odoo18 odoo.addons.base.models.ir_cron: Job 'Notification: Delete Notifications older than 6 Month' (5) starting 
2026-07-11 06:47:06,361 50814 INFO odoo18 odoo.addons.base.models.ir_cron: Job 'Notification: Delete Notifications older than 6 Month' (5) done in 0.016s 
2026-07-11 06:47:06,366 50814 INFO odoo18 odoo.addons.base.models.ir_cron: Job 'Notification: Delete Notifications older than 6 Month' (5) processed 0 records, 0 records remaining 
2026-07-11 06:47:06,374 50814 INFO odoo18 odoo.addons.base.models.ir_cron: Job 'Notification: Delete Notifications older than 6 Month' (5) completed 
2026-07-11 06:47:06,387 50814 INFO odoo18 odoo.addons.base.models.ir_cron: Job 'Mail: Post scheduled messages' (7) starting 
2026-07-11 06:47:06,394 50814 INFO odoo18 odoo.addons.mail.models.mail_scheduled_message: Posting 0 scheduled messages 
2026-07-11 06:47:06,395 50814 INFO odoo18 odoo.addons.base.models.ir_cron: Job 'Mail: Post scheduled messages' (7) done in 0.008s 
2026-07-11 06:47:06,400 50814 INFO odoo18 odoo.addons.base.models.ir_cron: Job 'Mail: Post scheduled messages' (7) processed 0 records, 0 records remaining 
2026-07-11 06:47:06,406 50814 INFO odoo18 odoo.addons.base.models.ir_cron: Job 'Mail: Post scheduled messages' (7) completed 
2026-07-11 06:47:06,418 50814 INFO odoo18 odoo.addons.base.models.ir_cron: Job 'Notification: Notify scheduled messages' (8) starting 
2026-07-11 06:47:06,426 50814 INFO odoo18 odoo.addons.base.models.ir_cron: Job 'Notification: Notify scheduled messages' (8) done in 0.008s 
2026-07-11 06:47:06,432 50814 INFO odoo18 odoo.addons.base.models.ir_cron: Job 'Notification: Notify scheduled messages' (8) processed 0 records, 0 records remaining 
2026-07-11 06:47:06,441 50814 INFO odoo18 odoo.addons.base.models.ir_cron: Job 'Notification: Notify scheduled messages' (8) completed 
2026-07-11 06:47:06,458 50814 INFO odoo18 odoo.addons.base.models.ir_cron: Job 'Mail: send web push notification' (9) starting 
2026-07-11 06:47:06,467 50814 INFO odoo18 odoo.addons.base.models.ir_cron: Job 'Mail: send web push notification' (9) done in 0.009s 
2026-07-11 06:47:06,474 50814 INFO odoo18 odoo.addons.base.models.ir_cron: Job 'Mail: send web push notification' (9) processed 0 records, 0 records remaining 
2026-07-11 06:47:06,482 50814 INFO odoo18 odoo.addons.base.models.ir_cron: Job 'Mail: send web push notification' (9) completed 
2026-07-11 06:47:06,497 50814 INFO odoo18 odoo.addons.base.models.ir_cron: Job 'Discuss: channel member unmute' (10) starting 
2026-07-11 06:47:06,505 50814 INFO odoo18 odoo.addons.base.models.ir_cron: Job 'Discuss: channel member unmute' (10) done in 0.008s 
2026-07-11 06:47:06,510 50814 INFO odoo18 odoo.addons.base.models.ir_cron: Job 'Discuss: channel member unmute' (10) processed 0 records, 0 records remaining 
2026-07-11 06:47:06,519 50814 INFO odoo18 odoo.addons.base.models.ir_cron: Job 'Discuss: channel member unmute' (10) completed 
2026-07-11 06:47:06,533 50814 INFO odoo18 odoo.addons.base.models.ir_cron: Job 'Discuss: users settings unmute' (11) starting 
2026-07-11 06:47:06,541 50814 INFO odoo18 odoo.addons.base.models.ir_cron: Job 'Discuss: users settings unmute' (11) done in 0.008s 
2026-07-11 06:47:06,547 50814 INFO odoo18 odoo.addons.base.models.ir_cron: Job 'Discuss: users settings unmute' (11) processed 0 records, 0 records remaining 
2026-07-11 06:47:06,555 50814 INFO odoo18 odoo.addons.base.models.ir_cron: Job 'Discuss: users settings unmute' (11) completed 
2026-07-11 06:47:06,569 50814 INFO odoo18 odoo.addons.base.models.ir_cron: Job 'SMS: SMS Queue Manager' (14) starting 
2026-07-11 06:47:06,576 50814 INFO odoo18 odoo.addons.base.models.ir_cron: Job 'SMS: SMS Queue Manager' (14) done in 0.006s 
2026-07-11 06:47:06,581 50814 INFO odoo18 odoo.addons.base.models.ir_cron: Job 'SMS: SMS Queue Manager' (14) processed 0 records, 0 records remaining 
2026-07-11 06:47:06,595 50814 INFO odoo18 odoo.addons.base.models.ir_cron: Job 'SMS: SMS Queue Manager' (14) completed 
2026-07-11 06:47:06,606 50814 INFO odoo18 odoo.addons.base.models.ir_cron: Job 'Snailmail: process letters queue' (15) starting 
2026-07-11 06:47:06,617 50814 INFO odoo18 odoo.addons.base.models.ir_cron: Job 'Snailmail: process letters queue' (15) done in 0.010s 
2026-07-11 06:47:06,625 50814 INFO odoo18 odoo.addons.base.models.ir_cron: Job 'Snailmail: process letters queue' (15) processed 0 records, 0 records remaining 
2026-07-11 06:47:06,634 50814 INFO odoo18 odoo.addons.base.models.ir_cron: Job 'Snailmail: process letters queue' (15) completed 
2026-07-11 06:47:06,654 50814 INFO odoo18 odoo.addons.base.models.ir_cron: Job 'Send invoices automatically' (19) starting 
2026-07-11 06:47:06,669 50814 INFO odoo18 odoo.addons.base.models.ir_cron: Job 'Send invoices automatically' (19) done in 0.015s 
2026-07-11 06:47:06,676 50814 INFO odoo18 odoo.addons.base.models.ir_cron: Job 'Send invoices automatically' (19) processed 0 records, 0 records remaining 
2026-07-11 06:47:06,695 50814 INFO odoo18 odoo.addons.base.models.ir_cron: Job 'Send invoices automatically' (19) completed 
2026-07-11 06:47:06,707 50814 INFO odoo18 odoo.addons.base.models.ir_cron: Job 'Sales: Send pending emails' (21) starting 
2026-07-11 06:47:06,722 50814 INFO odoo18 odoo.addons.base.models.ir_cron: Job 'Sales: Send pending emails' (21) done in 0.015s 
2026-07-11 06:47:06,730 50814 INFO odoo18 odoo.addons.base.models.ir_cron: Job 'Sales: Send pending emails' (21) processed 0 records, 0 records remaining 
2026-07-11 06:47:06,740 50814 INFO odoo18 odoo.addons.base.models.ir_cron: Job 'Sales: Send pending emails' (21) completed 
2026-07-11 06:47:06,754 50814 INFO odoo18 odoo.addons.base.models.ir_cron: Job 'CRM: enrich leads (IAP)' (26) starting 
2026-07-11 06:47:06,766 50814 INFO odoo18 odoo.addons.base.models.ir_cron: Job 'CRM: enrich leads (IAP)' (26) done in 0.012s 
2026-07-11 06:47:06,771 50814 INFO odoo18 odoo.addons.base.models.ir_cron: Job 'CRM: enrich leads (IAP)' (26) processed 0 records, 0 records remaining 
2026-07-11 06:47:06,777 50814 INFO odoo18 odoo.addons.base.models.ir_cron: Job 'CRM: enrich leads (IAP)' (26) completed 
2026-07-11 06:47:06,787 50814 INFO odoo18 odoo.addons.base.models.ir_cron: Job 'Mail: Email Queue Manager' (3) starting 
2026-07-11 06:47:06,796 50814 INFO odoo18 odoo.addons.base.models.ir_cron: Job 'Mail: Email Queue Manager' (3) done in 0.009s 
2026-07-11 06:47:06,803 50814 INFO odoo18 odoo.addons.base.models.ir_cron: Job 'Mail: Email Queue Manager' (3) processed 0 records, 0 records remaining 
2026-07-11 06:47:06,810 50814 INFO odoo18 odoo.addons.base.models.ir_cron: Job 'Mail: Email Queue Manager' (3) completed 
2026-07-11 06:47:06,826 50814 INFO odoo18 odoo.addons.base.models.ir_cron: Job 'Users: Notify About Unregistered Users' (12) starting 
2026-07-11 06:47:06,848 50814 INFO odoo18 odoo.addons.base.models.ir_cron: Job 'Users: Notify About Unregistered Users' (12) done in 0.021s 
2026-07-11 06:47:06,857 50814 INFO odoo18 odoo.addons.base.models.ir_cron: Job 'Users: Notify About Unregistered Users' (12) processed 0 records, 0 records remaining 
2026-07-11 06:47:06,868 50814 INFO odoo18 odoo.addons.base.models.ir_cron: Job 'Users: Notify About Unregistered Users' (12) completed 
2026-07-11 06:47:06,895 50814 INFO odoo18 odoo.addons.base.models.ir_cron: Job 'Partner Autocomplete: Sync with remote DB' (13) starting 
2026-07-11 06:47:06,904 50814 INFO odoo18 odoo.addons.base.models.ir_cron: Job 'Partner Autocomplete: Sync with remote DB' (13) done in 0.009s 
2026-07-11 06:47:06,914 50814 INFO odoo18 odoo.addons.base.models.ir_cron: Job 'Partner Autocomplete: Sync with remote DB' (13) processed 0 records, 0 records remaining 
2026-07-11 06:47:06,927 50814 INFO odoo18 odoo.addons.base.models.ir_cron: Job 'Partner Autocomplete: Sync with remote DB' (13) completed 
2026-07-11 06:47:06,952 50814 INFO odoo18 odoo.addons.base.models.ir_cron: Job 'Base: Portal Users Deletion' (2) starting 
2026-07-11 06:47:06,976 50814 INFO odoo18 odoo.addons.base.models.ir_cron: Job 'Base: Portal Users Deletion' (2) done in 0.023s 
2026-07-11 06:47:06,982 50814 INFO odoo18 odoo.addons.base.models.ir_cron: Job 'Base: Portal Users Deletion' (2) processed 0 records, 0 records remaining 
2026-07-11 06:47:06,996 50814 INFO odoo18 odoo.addons.base.models.ir_cron: Job 'Base: Portal Users Deletion' (2) completed 
2026-07-11 07:48:21,025 50814 INFO odoo18 odoo.addons.base.models.ir_cron: Job 'Notification: Notify scheduled messages' (8) starting 
2026-07-11 07:48:21,045 50814 INFO odoo18 odoo.addons.base.models.ir_cron: Job 'Notification: Notify scheduled messages' (8) done in 0.020s 
2026-07-11 07:48:21,056 50814 INFO odoo18 odoo.addons.base.models.ir_cron: Job 'Notification: Notify scheduled messages' (8) processed 0 records, 0 records remaining 
2026-07-11 07:48:21,081 50814 INFO odoo18 odoo.addons.base.models.ir_cron: Job 'Notification: Notify scheduled messages' (8) completed 
2026-07-11 07:48:21,105 50814 INFO odoo18 odoo.addons.base.models.ir_cron: Job 'SMS: SMS Queue Manager' (14) starting 
2026-07-11 07:48:21,118 50814 INFO odoo18 odoo.addons.base.models.ir_cron: Job 'SMS: SMS Queue Manager' (14) done in 0.013s 
2026-07-11 07:48:21,126 50814 INFO odoo18 odoo.addons.base.models.ir_cron: Job 'SMS: SMS Queue Manager' (14) processed 0 records, 0 records remaining 
2026-07-11 07:48:21,138 50814 INFO odoo18 odoo.addons.base.models.ir_cron: Job 'SMS: SMS Queue Manager' (14) completed 
2026-07-11 07:48:21,154 50814 INFO odoo18 odoo.addons.base.models.ir_cron: Job 'Snailmail: process letters queue' (15) starting 
2026-07-11 07:48:21,161 50814 INFO odoo18 odoo.addons.base.models.ir_cron: Job 'Snailmail: process letters queue' (15) done in 0.007s 
2026-07-11 07:48:21,167 50814 INFO odoo18 odoo.addons.base.models.ir_cron: Job 'Snailmail: process letters queue' (15) processed 0 records, 0 records remaining 
2026-07-11 07:48:21,178 50814 INFO odoo18 odoo.addons.base.models.ir_cron: Job 'Snailmail: process letters queue' (15) completed 
2026-07-11 07:48:21,196 50814 INFO odoo18 odoo.addons.base.models.ir_cron: Job 'CRM: enrich leads (IAP)' (26) starting 
2026-07-11 07:48:21,217 50814 INFO odoo18 odoo.addons.base.models.ir_cron: Job 'CRM: enrich leads (IAP)' (26) done in 0.020s 
2026-07-11 07:48:21,223 50814 INFO odoo18 odoo.addons.base.models.ir_cron: Job 'CRM: enrich leads (IAP)' (26) processed 0 records, 0 records remaining 
2026-07-11 07:48:21,235 50814 INFO odoo18 odoo.addons.base.models.ir_cron: Job 'CRM: enrich leads (IAP)' (26) completed 
2026-07-11 07:48:21,257 50814 INFO odoo18 odoo.addons.base.models.ir_cron: Job 'Mail: Email Queue Manager' (3) starting 
2026-07-11 07:48:21,267 50814 INFO odoo18 odoo.addons.base.models.ir_cron: Job 'Mail: Email Queue Manager' (3) done in 0.010s 
2026-07-11 07:48:21,272 50814 INFO odoo18 odoo.addons.base.models.ir_cron: Job 'Mail: Email Queue Manager' (3) processed 0 records, 0 records remaining 
2026-07-11 07:48:21,278 50814 INFO odoo18 odoo.addons.base.models.ir_cron: Job 'Mail: Email Queue Manager' (3) completed 
2026-07-11 07:48:21,291 50814 INFO odoo18 odoo.addons.base.models.ir_cron: Job 'Partner Autocomplete: Sync with remote DB' (13) starting 
2026-07-11 07:48:21,296 50814 INFO odoo18 odoo.addons.base.models.ir_cron: Job 'Partner Autocomplete: Sync with remote DB' (13) done in 0.005s 
2026-07-11 07:48:21,302 50814 INFO odoo18 odoo.addons.base.models.ir_cron: Job 'Partner Autocomplete: Sync with remote DB' (13) processed 0 records, 0 records remaining 
2026-07-11 07:48:21,309 50814 INFO odoo18 odoo.addons.base.models.ir_cron: Job 'Partner Autocomplete: Sync with remote DB' (13) completed 
2026-07-11 09:11:35,062 50814 INFO odoo18 odoo.addons.base.models.ir_cron: Job 'Notification: Notify scheduled messages' (8) starting 
2026-07-11 09:11:35,089 50814 INFO odoo18 odoo.addons.base.models.ir_cron: Job 'Notification: Notify scheduled messages' (8) done in 0.026s 
2026-07-11 09:11:35,093 50814 INFO odoo18 odoo.addons.base.models.ir_cron: Job 'Notification: Notify scheduled messages' (8) processed 0 records, 0 records remaining 
2026-07-11 09:11:35,111 50814 INFO odoo18 odoo.addons.base.models.ir_cron: Job 'Notification: Notify scheduled messages' (8) completed 
2026-07-11 09:11:35,128 50814 INFO odoo18 odoo.addons.base.models.ir_cron: Job 'SMS: SMS Queue Manager' (14) starting 
2026-07-11 09:11:35,134 50814 INFO odoo18 odoo.addons.base.models.ir_cron: Job 'SMS: SMS Queue Manager' (14) done in 0.007s 
2026-07-11 09:11:35,138 50814 INFO odoo18 odoo.addons.base.models.ir_cron: Job 'SMS: SMS Queue Manager' (14) processed 0 records, 0 records remaining 
2026-07-11 09:11:35,145 50814 INFO odoo18 odoo.addons.base.models.ir_cron: Job 'SMS: SMS Queue Manager' (14) completed 
2026-07-11 09:11:35,158 50814 INFO odoo18 odoo.addons.base.models.ir_cron: Job 'Snailmail: process letters queue' (15) starting 
2026-07-11 09:11:35,165 50814 INFO odoo18 odoo.addons.base.models.ir_cron: Job 'Snailmail: process letters queue' (15) done in 0.007s 
2026-07-11 09:11:35,168 50814 INFO odoo18 odoo.addons.base.models.ir_cron: Job 'Snailmail: process letters queue' (15) processed 0 records, 0 records remaining 
2026-07-11 09:11:35,175 50814 INFO odoo18 odoo.addons.base.models.ir_cron: Job 'Snailmail: process letters queue' (15) completed 
2026-07-11 09:11:35,190 50814 INFO odoo18 odoo.addons.base.models.ir_cron: Job 'Digest Emails' (16) starting 
2026-07-11 09:11:35,199 50814 INFO odoo18 odoo.addons.base.models.ir_cron: Job 'Digest Emails' (16) done in 0.008s 
2026-07-11 09:11:35,203 50814 INFO odoo18 odoo.addons.base.models.ir_cron: Job 'Digest Emails' (16) processed 0 records, 0 records remaining 
2026-07-11 09:11:35,209 50814 INFO odoo18 odoo.addons.base.models.ir_cron: Job 'Digest Emails' (16) completed 
2026-07-11 09:11:35,219 50814 INFO odoo18 odoo.addons.base.models.ir_cron: Job 'Calendar: Event Reminder' (23) starting 
2026-07-11 09:11:35,232 50814 INFO odoo18 odoo.addons.base.models.ir_cron: Job 'Calendar: Event Reminder' (23) done in 0.013s 
2026-07-11 09:11:35,236 50814 INFO odoo18 odoo.addons.base.models.ir_cron: Job 'Calendar: Event Reminder' (23) processed 0 records, 0 records remaining 
2026-07-11 09:11:35,241 50814 INFO odoo18 odoo.addons.base.models.ir_cron: Job 'Calendar: Event Reminder' (23) completed 
2026-07-11 09:11:35,257 50814 INFO odoo18 odoo.addons.base.models.ir_cron: Job 'CRM: enrich leads (IAP)' (26) starting 
2026-07-11 09:11:35,267 50814 INFO odoo18 odoo.addons.base.models.ir_cron: Job 'CRM: enrich leads (IAP)' (26) done in 0.010s 
2026-07-11 09:11:35,271 50814 INFO odoo18 odoo.addons.base.models.ir_cron: Job 'CRM: enrich leads (IAP)' (26) processed 0 records, 0 records remaining 
2026-07-11 09:11:35,277 50814 INFO odoo18 odoo.addons.base.models.ir_cron: Job 'CRM: enrich leads (IAP)' (26) completed 
2026-07-11 09:11:35,288 50814 INFO odoo18 odoo.addons.base.models.ir_cron: Job 'Mail: Email Queue Manager' (3) starting 
2026-07-11 09:11:35,295 50814 INFO odoo18 odoo.addons.base.models.ir_cron: Job 'Mail: Email Queue Manager' (3) done in 0.007s 
2026-07-11 09:11:35,298 50814 INFO odoo18 odoo.addons.base.models.ir_cron: Job 'Mail: Email Queue Manager' (3) processed 0 records, 0 records remaining 
2026-07-11 09:11:35,303 50814 INFO odoo18 odoo.addons.base.models.ir_cron: Job 'Mail: Email Queue Manager' (3) completed 
2026-07-11 09:11:35,310 50814 INFO odoo18 odoo.addons.base.models.ir_cron: Job 'Partner Autocomplete: Sync with remote DB' (13) starting 
2026-07-11 09:11:35,320 50814 INFO odoo18 odoo.addons.base.models.ir_cron: Job 'Partner Autocomplete: Sync with remote DB' (13) done in 0.010s 
2026-07-11 09:11:35,324 50814 INFO odoo18 odoo.addons.base.models.ir_cron: Job 'Partner Autocomplete: Sync with remote DB' (13) processed 0 records, 0 records remaining 
2026-07-11 09:11:35,331 50814 INFO odoo18 odoo.addons.base.models.ir_cron: Job 'Partner Autocomplete: Sync with remote DB' (13) completed 
2026-07-11 09:48:39,891 50814 INFO odoo18 odoo.addons.base.models.ir_cron: Job 'Notification: Notify scheduled messages' (8) starting 
2026-07-11 09:48:39,918 50814 INFO odoo18 odoo.addons.base.models.ir_cron: Job 'Notification: Notify scheduled messages' (8) done in 0.025s 
2026-07-11 09:48:39,927 50814 INFO odoo18 odoo.addons.base.models.ir_cron: Job 'Notification: Notify scheduled messages' (8) processed 0 records, 0 records remaining 
2026-07-11 09:48:39,957 50814 INFO odoo18 odoo.addons.base.models.ir_cron: Job 'Notification: Notify scheduled messages' (8) completed 
2026-07-11 09:48:39,981 50814 INFO odoo18 odoo.addons.base.models.ir_cron: Job 'SMS: SMS Queue Manager' (14) starting 
2026-07-11 09:48:39,996 50814 INFO odoo18 odoo.addons.base.models.ir_cron: Job 'SMS: SMS Queue Manager' (14) done in 0.015s 
2026-07-11 09:48:40,006 50814 INFO odoo18 odoo.addons.base.models.ir_cron: Job 'SMS: SMS Queue Manager' (14) processed 0 records, 0 records remaining 
2026-07-11 09:48:40,019 50814 INFO odoo18 odoo.addons.base.models.ir_cron: Job 'SMS: SMS Queue Manager' (14) completed 
2026-07-11 09:48:40,043 50814 INFO odoo18 odoo.addons.base.models.ir_cron: Job 'Snailmail: process letters queue' (15) starting 
2026-07-11 09:48:40,058 50814 INFO odoo18 odoo.addons.base.models.ir_cron: Job 'Snailmail: process letters queue' (15) done in 0.014s 
2026-07-11 09:48:40,067 50814 INFO odoo18 odoo.addons.base.models.ir_cron: Job 'Snailmail: process letters queue' (15) processed 0 records, 0 records remaining 
2026-07-11 09:48:40,079 50814 INFO odoo18 odoo.addons.base.models.ir_cron: Job 'Snailmail: process letters queue' (15) completed 
2026-07-11 09:48:40,104 50814 INFO odoo18 odoo.addons.base.models.ir_cron: Job 'CRM: enrich leads (IAP)' (26) starting 
2026-07-11 09:48:40,131 50814 INFO odoo18 odoo.addons.base.models.ir_cron: Job 'CRM: enrich leads (IAP)' (26) done in 0.027s 
2026-07-11 09:48:40,140 50814 INFO odoo18 odoo.addons.base.models.ir_cron: Job 'CRM: enrich leads (IAP)' (26) processed 0 records, 0 records remaining 
2026-07-11 09:48:40,151 50814 INFO odoo18 odoo.addons.base.models.ir_cron: Job 'CRM: enrich leads (IAP)' (26) completed 
2026-07-11 09:48:40,175 50814 INFO odoo18 odoo.addons.base.models.ir_cron: Job 'Mail: Email Queue Manager' (3) starting 
2026-07-11 09:48:40,193 50814 INFO odoo18 odoo.addons.base.models.ir_cron: Job 'Mail: Email Queue Manager' (3) done in 0.018s 
2026-07-11 09:48:40,202 50814 INFO odoo18 odoo.addons.base.models.ir_cron: Job 'Mail: Email Queue Manager' (3) processed 0 records, 0 records remaining 
2026-07-11 09:48:40,213 50814 INFO odoo18 odoo.addons.base.models.ir_cron: Job 'Mail: Email Queue Manager' (3) completed 
2026-07-11 09:48:40,233 50814 INFO odoo18 odoo.addons.base.models.ir_cron: Job 'Partner Autocomplete: Sync with remote DB' (13) starting 
2026-07-11 09:48:40,240 50814 INFO odoo18 odoo.addons.base.models.ir_cron: Job 'Partner Autocomplete: Sync with remote DB' (13) done in 0.007s 
2026-07-11 09:48:40,247 50814 INFO odoo18 odoo.addons.base.models.ir_cron: Job 'Partner Autocomplete: Sync with remote DB' (13) processed 0 records, 0 records remaining 
2026-07-11 09:48:40,254 50814 INFO odoo18 odoo.addons.base.models.ir_cron: Job 'Partner Autocomplete: Sync with remote DB' (13) completed 
2026-07-11 10:38:01,022 50814 INFO odoo18 odoo.addons.base.models.ir_cron: Job 'Notification: Notify scheduled messages' (8) starting 
2026-07-11 10:38:01,032 50814 INFO odoo18 odoo.addons.base.models.ir_cron: Job 'Notification: Notify scheduled messages' (8) done in 0.009s 
2026-07-11 10:38:01,036 50814 INFO odoo18 odoo.addons.base.models.ir_cron: Job 'Notification: Notify scheduled messages' (8) processed 0 records, 0 records remaining 
2026-07-11 10:38:01,050 50814 INFO odoo18 odoo.addons.base.models.ir_cron: Job 'Notification: Notify scheduled messages' (8) completed 
2026-07-11 10:38:01,064 50814 INFO odoo18 odoo.addons.base.models.ir_cron: Job 'SMS: SMS Queue Manager' (14) starting 
2026-07-11 10:38:01,074 50814 INFO odoo18 odoo.addons.base.models.ir_cron: Job 'SMS: SMS Queue Manager' (14) done in 0.010s 
2026-07-11 10:38:01,081 50814 INFO odoo18 odoo.addons.base.models.ir_cron: Job 'SMS: SMS Queue Manager' (14) processed 0 records, 0 records remaining 
2026-07-11 10:38:01,091 50814 INFO odoo18 odoo.addons.base.models.ir_cron: Job 'SMS: SMS Queue Manager' (14) completed 
2026-07-11 10:38:01,107 50814 INFO odoo18 odoo.addons.base.models.ir_cron: Job 'Snailmail: process letters queue' (15) starting 
2026-07-11 10:38:01,118 50814 INFO odoo18 odoo.addons.base.models.ir_cron: Job 'Snailmail: process letters queue' (15) done in 0.010s 
2026-07-11 10:38:01,124 50814 INFO odoo18 odoo.addons.base.models.ir_cron: Job 'Snailmail: process letters queue' (15) processed 0 records, 0 records remaining 
2026-07-11 10:38:01,131 50814 INFO odoo18 odoo.addons.base.models.ir_cron: Job 'Snailmail: process letters queue' (15) completed 
2026-07-11 10:38:01,140 50814 INFO odoo18 odoo.addons.base.models.ir_cron: Job 'Mail: Email Queue Manager' (3) starting 
2026-07-11 10:38:01,145 50814 INFO odoo18 odoo.addons.base.models.ir_cron: Job 'Mail: Email Queue Manager' (3) done in 0.005s 
2026-07-11 10:38:01,148 50814 INFO odoo18 odoo.addons.base.models.ir_cron: Job 'Mail: Email Queue Manager' (3) processed 0 records, 0 records remaining 
2026-07-11 10:38:01,152 50814 INFO odoo18 odoo.addons.base.models.ir_cron: Job 'Mail: Email Queue Manager' (3) completed 
2026-07-11 10:38:01,159 50814 INFO odoo18 odoo.addons.base.models.ir_cron: Job 'Partner Autocomplete: Sync with remote DB' (13) starting 
2026-07-11 10:38:01,162 50814 INFO odoo18 odoo.addons.base.models.ir_cron: Job 'Partner Autocomplete: Sync with remote DB' (13) done in 0.003s 
2026-07-11 10:38:01,165 50814 INFO odoo18 odoo.addons.base.models.ir_cron: Job 'Partner Autocomplete: Sync with remote DB' (13) processed 0 records, 0 records remaining 
2026-07-11 10:38:01,169 50814 INFO odoo18 odoo.addons.base.models.ir_cron: Job 'Partner Autocomplete: Sync with remote DB' (13) completed 
2026-07-11 10:48:58,986 50814 INFO odoo18 odoo.addons.base.models.ir_cron: Job 'CRM: enrich leads (IAP)' (26) starting 
2026-07-11 10:48:59,008 50814 INFO odoo18 odoo.addons.base.models.ir_cron: Job 'CRM: enrich leads (IAP)' (26) done in 0.021s 
2026-07-11 10:48:59,013 50814 INFO odoo18 odoo.addons.base.models.ir_cron: Job 'CRM: enrich leads (IAP)' (26) processed 0 records, 0 records remaining 
2026-07-11 10:48:59,023 50814 INFO odoo18 odoo.addons.base.models.ir_cron: Job 'CRM: enrich leads (IAP)' (26) completed 
2026-07-11 11:32:43,721 50814 INFO odoo18 odoo.addons.base.models.ir_cron: Job 'Notification: Notify scheduled messages' (8) starting 
2026-07-11 11:32:43,730 50814 INFO odoo18 odoo.addons.base.models.ir_cron: Job 'Notification: Notify scheduled messages' (8) done in 0.009s 
2026-07-11 11:32:43,735 50814 INFO odoo18 odoo.addons.base.models.ir_cron: Job 'Notification: Notify scheduled messages' (8) processed 0 records, 0 records remaining 
2026-07-11 11:32:43,754 50814 INFO odoo18 odoo.addons.base.models.ir_cron: Job 'Notification: Notify scheduled messages' (8) completed 
2026-07-11 11:32:43,769 50814 INFO odoo18 odoo.addons.base.models.ir_cron: Job 'Mail: Email Queue Manager' (3) starting 
2026-07-11 11:32:43,788 50814 INFO odoo18 odoo.addons.base.models.ir_cron: Job 'Mail: Email Queue Manager' (3) done in 0.019s 
2026-07-11 11:32:43,796 50814 INFO odoo18 odoo.addons.base.models.ir_cron: Job 'Mail: Email Queue Manager' (3) processed 0 records, 0 records remaining 
2026-07-11 11:32:43,805 50814 INFO odoo18 odoo.addons.base.models.ir_cron: Job 'Mail: Email Queue Manager' (3) completed 
2026-07-11 12:15:36,250 50814 INFO odoo18 odoo.addons.base.models.ir_cron: Job 'SMS: SMS Queue Manager' (14) starting 
2026-07-11 12:15:36,268 50814 INFO odoo18 odoo.addons.base.models.ir_cron: Job 'SMS: SMS Queue Manager' (14) done in 0.018s 
2026-07-11 12:15:36,276 50814 INFO odoo18 odoo.addons.base.models.ir_cron: Job 'SMS: SMS Queue Manager' (14) processed 0 records, 0 records remaining 
2026-07-11 12:15:36,294 50814 INFO odoo18 odoo.addons.base.models.ir_cron: Job 'SMS: SMS Queue Manager' (14) completed 
2026-07-11 12:15:36,310 50814 INFO odoo18 odoo.addons.base.models.ir_cron: Job 'Snailmail: process letters queue' (15) starting 
2026-07-11 12:15:36,317 50814 INFO odoo18 odoo.addons.base.models.ir_cron: Job 'Snailmail: process letters queue' (15) done in 0.007s 
2026-07-11 12:15:36,321 50814 INFO odoo18 odoo.addons.base.models.ir_cron: Job 'Snailmail: process letters queue' (15) processed 0 records, 0 records remaining 
2026-07-11 12:15:36,327 50814 INFO odoo18 odoo.addons.base.models.ir_cron: Job 'Snailmail: process letters queue' (15) completed 
2026-07-11 12:15:36,352 50814 INFO odoo18 odoo.addons.base.models.ir_cron: Job 'CRM: enrich leads (IAP)' (26) starting 
2026-07-11 12:15:36,359 50814 INFO odoo18 odoo.addons.base.models.ir_cron: Job 'CRM: enrich leads (IAP)' (26) done in 0.008s 
2026-07-11 12:15:36,366 50814 INFO odoo18 odoo.addons.base.models.ir_cron: Job 'CRM: enrich leads (IAP)' (26) processed 0 records, 0 records remaining 
2026-07-11 12:15:36,371 50814 INFO odoo18 odoo.addons.base.models.ir_cron: Job 'CRM: enrich leads (IAP)' (26) completed 
2026-07-11 12:15:36,379 50814 INFO odoo18 odoo.addons.base.models.ir_cron: Job 'Partner Autocomplete: Sync with remote DB' (13) starting 
2026-07-11 12:15:36,383 50814 INFO odoo18 odoo.addons.base.models.ir_cron: Job 'Partner Autocomplete: Sync with remote DB' (13) done in 0.003s 
2026-07-11 12:15:36,386 50814 INFO odoo18 odoo.addons.base.models.ir_cron: Job 'Partner Autocomplete: Sync with remote DB' (13) processed 0 records, 0 records remaining 
2026-07-11 12:15:36,390 50814 INFO odoo18 odoo.addons.base.models.ir_cron: Job 'Partner Autocomplete: Sync with remote DB' (13) completed 
2026-07-11 12:43:51,897 50814 INFO odoo18 odoo.addons.base.models.ir_cron: Job 'Notification: Notify scheduled messages' (8) starting 
2026-07-11 12:43:51,903 50814 INFO odoo18 odoo.addons.base.models.ir_cron: Job 'Notification: Notify scheduled messages' (8) done in 0.006s 
2026-07-11 12:43:51,906 50814 INFO odoo18 odoo.addons.base.models.ir_cron: Job 'Notification: Notify scheduled messages' (8) processed 0 records, 0 records remaining 
2026-07-11 12:43:51,916 50814 INFO odoo18 odoo.addons.base.models.ir_cron: Job 'Notification: Notify scheduled messages' (8) completed 
2026-07-11 12:43:51,924 50814 INFO odoo18 odoo.addons.base.models.ir_cron: Job 'SMS: SMS Queue Manager' (14) starting 
2026-07-11 12:43:51,929 50814 INFO odoo18 odoo.addons.base.models.ir_cron: Job 'SMS: SMS Queue Manager' (14) done in 0.004s 
2026-07-11 12:43:51,932 50814 INFO odoo18 odoo.addons.base.models.ir_cron: Job 'SMS: SMS Queue Manager' (14) processed 0 records, 0 records remaining 
2026-07-11 12:43:51,937 50814 INFO odoo18 odoo.addons.base.models.ir_cron: Job 'SMS: SMS Queue Manager' (14) completed 
2026-07-11 12:43:51,948 50814 INFO odoo18 odoo.addons.base.models.ir_cron: Job 'Snailmail: process letters queue' (15) starting 
2026-07-11 12:43:51,954 50814 INFO odoo18 odoo.addons.base.models.ir_cron: Job 'Snailmail: process letters queue' (15) done in 0.006s 
2026-07-11 12:43:51,958 50814 INFO odoo18 odoo.addons.base.models.ir_cron: Job 'Snailmail: process letters queue' (15) processed 0 records, 0 records remaining 
2026-07-11 12:43:51,963 50814 INFO odoo18 odoo.addons.base.models.ir_cron: Job 'Snailmail: process letters queue' (15) completed 
2026-07-11 12:43:51,972 50814 INFO odoo18 odoo.addons.base.models.ir_cron: Job 'Mail: Email Queue Manager' (3) starting 
2026-07-11 12:43:51,981 50814 INFO odoo18 odoo.addons.base.models.ir_cron: Job 'Mail: Email Queue Manager' (3) done in 0.009s 
2026-07-11 12:43:51,986 50814 INFO odoo18 odoo.addons.base.models.ir_cron: Job 'Mail: Email Queue Manager' (3) processed 0 records, 0 records remaining 
2026-07-11 12:43:51,992 50814 INFO odoo18 odoo.addons.base.models.ir_cron: Job 'Mail: Email Queue Manager' (3) completed 
2026-07-11 12:43:52,000 50814 INFO odoo18 odoo.addons.base.models.ir_cron: Job 'Partner Autocomplete: Sync with remote DB' (13) starting 
2026-07-11 12:43:52,004 50814 INFO odoo18 odoo.addons.base.models.ir_cron: Job 'Partner Autocomplete: Sync with remote DB' (13) done in 0.004s 
2026-07-11 12:43:52,008 50814 INFO odoo18 odoo.addons.base.models.ir_cron: Job 'Partner Autocomplete: Sync with remote DB' (13) processed 0 records, 0 records remaining 
2026-07-11 12:43:52,014 50814 INFO odoo18 odoo.addons.base.models.ir_cron: Job 'Partner Autocomplete: Sync with remote DB' (13) completed 
2026-07-11 13:27:10,664 50814 INFO odoo18 odoo.addons.base.models.ir_cron: Job 'CRM: enrich leads (IAP)' (26) starting 
2026-07-11 13:27:10,691 50814 INFO odoo18 odoo.addons.base.models.ir_cron: Job 'CRM: enrich leads (IAP)' (26) done in 0.027s 
2026-07-11 13:27:10,698 50814 INFO odoo18 odoo.addons.base.models.ir_cron: Job 'CRM: enrich leads (IAP)' (26) processed 0 records, 0 records remaining 
2026-07-11 13:27:10,718 50814 INFO odoo18 odoo.addons.base.models.ir_cron: Job 'CRM: enrich leads (IAP)' (26) completed 
2026-07-11 13:51:06,772 50814 INFO odoo18 odoo.addons.base.models.ir_cron: Job 'Notification: Notify scheduled messages' (8) starting 
2026-07-11 13:51:06,830 50814 INFO odoo18 odoo.addons.base.models.ir_cron: Job 'Notification: Notify scheduled messages' (8) done in 0.058s 
2026-07-11 13:51:06,834 50814 INFO odoo18 odoo.addons.base.models.ir_cron: Job 'Notification: Notify scheduled messages' (8) processed 0 records, 0 records remaining 
2026-07-11 13:51:06,842 50814 INFO odoo18 odoo.addons.base.models.ir_cron: Job 'Notification: Notify scheduled messages' (8) completed 
2026-07-11 13:51:06,854 50814 INFO odoo18 odoo.addons.base.models.ir_cron: Job 'SMS: SMS Queue Manager' (14) starting 
2026-07-11 13:51:06,860 50814 INFO odoo18 odoo.addons.base.models.ir_cron: Job 'SMS: SMS Queue Manager' (14) done in 0.006s 
2026-07-11 13:51:06,863 50814 INFO odoo18 odoo.addons.base.models.ir_cron: Job 'SMS: SMS Queue Manager' (14) processed 0 records, 0 records remaining 
2026-07-11 13:51:06,868 50814 INFO odoo18 odoo.addons.base.models.ir_cron: Job 'SMS: SMS Queue Manager' (14) completed 
2026-07-11 13:51:06,877 50814 INFO odoo18 odoo.addons.base.models.ir_cron: Job 'Snailmail: process letters queue' (15) starting 
2026-07-11 13:51:06,882 50814 INFO odoo18 odoo.addons.base.models.ir_cron: Job 'Snailmail: process letters queue' (15) done in 0.005s 
2026-07-11 13:51:06,885 50814 INFO odoo18 odoo.addons.base.models.ir_cron: Job 'Snailmail: process letters queue' (15) processed 0 records, 0 records remaining 
2026-07-11 13:51:06,890 50814 INFO odoo18 odoo.addons.base.models.ir_cron: Job 'Snailmail: process letters queue' (15) completed 
2026-07-11 13:51:06,896 50814 INFO odoo18 odoo.addons.base.models.ir_cron: Job 'CRM: enrich leads (IAP)' (26) starting 
2026-07-11 13:51:06,902 50814 INFO odoo18 odoo.addons.base.models.ir_cron: Job 'CRM: enrich leads (IAP)' (26) done in 0.006s 
2026-07-11 13:51:06,904 50814 INFO odoo18 odoo.addons.base.models.ir_cron: Job 'CRM: enrich leads (IAP)' (26) processed 0 records, 0 records remaining 
2026-07-11 13:51:06,908 50814 INFO odoo18 odoo.addons.base.models.ir_cron: Job 'CRM: enrich leads (IAP)' (26) completed 
2026-07-11 13:51:06,914 50814 INFO odoo18 odoo.addons.base.models.ir_cron: Job 'Mail: Email Queue Manager' (3) starting 
2026-07-11 13:51:06,919 50814 INFO odoo18 odoo.addons.base.models.ir_cron: Job 'Mail: Email Queue Manager' (3) done in 0.004s 
2026-07-11 13:51:06,921 50814 INFO odoo18 odoo.addons.base.models.ir_cron: Job 'Mail: Email Queue Manager' (3) processed 0 records, 0 records remaining 
2026-07-11 13:51:06,928 50814 INFO odoo18 odoo.addons.base.models.ir_cron: Job 'Mail: Email Queue Manager' (3) completed 
2026-07-11 13:51:06,937 50814 INFO odoo18 odoo.addons.base.models.ir_cron: Job 'Partner Autocomplete: Sync with remote DB' (13) starting 
2026-07-11 13:51:06,940 50814 INFO odoo18 odoo.addons.base.models.ir_cron: Job 'Partner Autocomplete: Sync with remote DB' (13) done in 0.003s 
2026-07-11 13:51:06,943 50814 INFO odoo18 odoo.addons.base.models.ir_cron: Job 'Partner Autocomplete: Sync with remote DB' (13) processed 0 records, 0 records remaining 
2026-07-11 13:51:06,949 50814 INFO odoo18 odoo.addons.base.models.ir_cron: Job 'Partner Autocomplete: Sync with remote DB' (13) completed 
2026-07-11 14:35:43,893 50814 INFO odoo18 odoo.addons.base.models.ir_cron: Job 'Notification: Notify scheduled messages' (8) starting 
2026-07-11 14:35:43,903 50814 INFO odoo18 odoo.addons.base.models.ir_cron: Job 'Notification: Notify scheduled messages' (8) done in 0.009s 
2026-07-11 14:35:43,907 50814 INFO odoo18 odoo.addons.base.models.ir_cron: Job 'Notification: Notify scheduled messages' (8) processed 0 records, 0 records remaining 
2026-07-11 14:35:43,926 50814 INFO odoo18 odoo.addons.base.models.ir_cron: Job 'Notification: Notify scheduled messages' (8) completed 
2026-07-11 14:35:43,942 50814 INFO odoo18 odoo.addons.base.models.ir_cron: Job 'SMS: SMS Queue Manager' (14) starting 
2026-07-11 14:35:43,953 50814 INFO odoo18 odoo.addons.base.models.ir_cron: Job 'SMS: SMS Queue Manager' (14) done in 0.010s 
2026-07-11 14:35:43,959 50814 INFO odoo18 odoo.addons.base.models.ir_cron: Job 'SMS: SMS Queue Manager' (14) processed 0 records, 0 records remaining 
2026-07-11 14:35:43,969 50814 INFO odoo18 odoo.addons.base.models.ir_cron: Job 'SMS: SMS Queue Manager' (14) completed 
2026-07-11 14:35:43,988 50814 INFO odoo18 odoo.addons.base.models.ir_cron: Job 'Snailmail: process letters queue' (15) starting 
2026-07-11 14:35:43,999 50814 INFO odoo18 odoo.addons.base.models.ir_cron: Job 'Snailmail: process letters queue' (15) done in 0.011s 
2026-07-11 14:35:44,007 50814 INFO odoo18 odoo.addons.base.models.ir_cron: Job 'Snailmail: process letters queue' (15) processed 0 records, 0 records remaining 
2026-07-11 14:35:44,014 50814 INFO odoo18 odoo.addons.base.models.ir_cron: Job 'Snailmail: process letters queue' (15) completed 
2026-07-11 14:35:44,024 50814 INFO odoo18 odoo.addons.base.models.ir_cron: Job 'Mail: Email Queue Manager' (3) starting 
2026-07-11 14:35:44,032 50814 INFO odoo18 odoo.addons.base.models.ir_cron: Job 'Mail: Email Queue Manager' (3) done in 0.008s 
2026-07-11 14:35:44,037 50814 INFO odoo18 odoo.addons.base.models.ir_cron: Job 'Mail: Email Queue Manager' (3) processed 0 records, 0 records remaining 
2026-07-11 14:35:44,043 50814 INFO odoo18 odoo.addons.base.models.ir_cron: Job 'Mail: Email Queue Manager' (3) completed 
2026-07-11 14:35:44,056 50814 INFO odoo18 odoo.addons.base.models.ir_cron: Job 'Partner Autocomplete: Sync with remote DB' (13) starting 
2026-07-11 14:35:44,064 50814 INFO odoo18 odoo.addons.base.models.ir_cron: Job 'Partner Autocomplete: Sync with remote DB' (13) done in 0.008s 
2026-07-11 14:35:44,073 50814 INFO odoo18 odoo.addons.base.models.ir_cron: Job 'Partner Autocomplete: Sync with remote DB' (13) processed 0 records, 0 records remaining 
2026-07-11 14:35:44,084 50814 INFO odoo18 odoo.addons.base.models.ir_cron: Job 'Partner Autocomplete: Sync with remote DB' (13) completed 
2026-07-11 15:06:58,007 50814 INFO odoo18 odoo.addons.base.models.ir_cron: Job 'CRM: enrich leads (IAP)' (26) starting 
2026-07-11 15:06:58,038 50814 INFO odoo18 odoo.addons.base.models.ir_cron: Job 'CRM: enrich leads (IAP)' (26) done in 0.030s 
2026-07-11 15:06:58,047 50814 INFO odoo18 odoo.addons.base.models.ir_cron: Job 'CRM: enrich leads (IAP)' (26) processed 0 records, 0 records remaining 
2026-07-11 15:06:58,072 50814 INFO odoo18 odoo.addons.base.models.ir_cron: Job 'CRM: enrich leads (IAP)' (26) completed 
2026-07-11 15:32:44,816 50814 INFO odoo18 odoo.addons.base.models.ir_cron: Job 'Notification: Notify scheduled messages' (8) starting 
2026-07-11 15:32:44,832 50814 INFO odoo18 odoo.addons.base.models.ir_cron: Job 'Notification: Notify scheduled messages' (8) done in 0.016s 
2026-07-11 15:32:44,838 50814 INFO odoo18 odoo.addons.base.models.ir_cron: Job 'Notification: Notify scheduled messages' (8) processed 0 records, 0 records remaining 
2026-07-11 15:32:44,855 50814 INFO odoo18 odoo.addons.base.models.ir_cron: Job 'Notification: Notify scheduled messages' (8) completed 
2026-07-11 15:32:44,870 50814 INFO odoo18 odoo.addons.base.models.ir_cron: Job 'Mail: Email Queue Manager' (3) starting 
2026-07-11 15:32:44,882 50814 INFO odoo18 odoo.addons.base.models.ir_cron: Job 'Mail: Email Queue Manager' (3) done in 0.011s 
2026-07-11 15:32:44,887 50814 INFO odoo18 odoo.addons.base.models.ir_cron: Job 'Mail: Email Queue Manager' (3) processed 0 records, 0 records remaining 
2026-07-11 15:32:44,896 50814 INFO odoo18 odoo.addons.base.models.ir_cron: Job 'Mail: Email Queue Manager' (3) completed 
2026-07-11 15:32:57,483 50814 INFO odoo18 odoo.addons.base.models.ir_cron: Job 'SMS: SMS Queue Manager' (14) starting 
2026-07-11 15:32:57,492 50814 INFO odoo18 odoo.addons.base.models.ir_cron: Job 'SMS: SMS Queue Manager' (14) done in 0.009s 
2026-07-11 15:32:57,499 50814 INFO odoo18 odoo.addons.base.models.ir_cron: Job 'SMS: SMS Queue Manager' (14) processed 0 records, 0 records remaining 
2026-07-11 15:32:57,508 50814 INFO odoo18 odoo.addons.base.models.ir_cron: Job 'SMS: SMS Queue Manager' (14) completed 
2026-07-11 15:32:57,524 50814 INFO odoo18 odoo.addons.base.models.ir_cron: Job 'Snailmail: process letters queue' (15) starting 
2026-07-11 15:32:57,533 50814 INFO odoo18 odoo.addons.base.models.ir_cron: Job 'Snailmail: process letters queue' (15) done in 0.009s 
2026-07-11 15:32:57,540 50814 INFO odoo18 odoo.addons.base.models.ir_cron: Job 'Snailmail: process letters queue' (15) processed 0 records, 0 records remaining 
2026-07-11 15:32:57,551 50814 INFO odoo18 odoo.addons.base.models.ir_cron: Job 'Snailmail: process letters queue' (15) completed 
2026-07-11 15:32:57,568 50814 INFO odoo18 odoo.addons.base.models.ir_cron: Job 'Partner Autocomplete: Sync with remote DB' (13) starting 
2026-07-11 15:32:57,576 50814 INFO odoo18 odoo.addons.base.models.ir_cron: Job 'Partner Autocomplete: Sync with remote DB' (13) done in 0.007s 
2026-07-11 15:32:57,583 50814 INFO odoo18 odoo.addons.base.models.ir_cron: Job 'Partner Autocomplete: Sync with remote DB' (13) processed 0 records, 0 records remaining 
2026-07-11 15:32:57,593 50814 INFO odoo18 odoo.addons.base.models.ir_cron: Job 'Partner Autocomplete: Sync with remote DB' (13) completed 
2026-07-11 15:46:57,770 50814 INFO odoo18 odoo.addons.base.models.ir_cron: Job 'CRM: enrich leads (IAP)' (26) starting 
2026-07-11 15:46:57,810 50814 INFO odoo18 odoo.addons.base.models.ir_cron: Job 'CRM: enrich leads (IAP)' (26) done in 0.038s 
2026-07-11 15:46:57,820 50814 INFO odoo18 odoo.addons.base.models.ir_cron: Job 'CRM: enrich leads (IAP)' (26) processed 0 records, 0 records remaining 
2026-07-11 15:46:57,832 50814 INFO odoo18 odoo.addons.base.models.ir_cron: Job 'CRM: enrich leads (IAP)' (26) completed 
2026-07-11 16:39:46,358 50814 INFO odoo18 odoo.addons.base.models.ir_cron: Job 'Notification: Notify scheduled messages' (8) starting 
2026-07-11 16:39:46,368 50814 INFO odoo18 odoo.addons.base.models.ir_cron: Job 'Notification: Notify scheduled messages' (8) done in 0.010s 
2026-07-11 16:39:46,375 50814 INFO odoo18 odoo.addons.base.models.ir_cron: Job 'Notification: Notify scheduled messages' (8) processed 0 records, 0 records remaining 
2026-07-11 16:39:46,399 50814 INFO odoo18 odoo.addons.base.models.ir_cron: Job 'Notification: Notify scheduled messages' (8) completed 
2026-07-11 16:39:46,421 50814 INFO odoo18 odoo.addons.base.models.ir_cron: Job 'SMS: SMS Queue Manager' (14) starting 
2026-07-11 16:39:46,433 50814 INFO odoo18 odoo.addons.base.models.ir_cron: Job 'SMS: SMS Queue Manager' (14) done in 0.012s 
2026-07-11 16:39:46,441 50814 INFO odoo18 odoo.addons.base.models.ir_cron: Job 'SMS: SMS Queue Manager' (14) processed 0 records, 0 records remaining 
2026-07-11 16:39:46,451 50814 INFO odoo18 odoo.addons.base.models.ir_cron: Job 'SMS: SMS Queue Manager' (14) completed 
2026-07-11 16:39:46,468 50814 INFO odoo18 odoo.addons.base.models.ir_cron: Job 'Snailmail: process letters queue' (15) starting 
2026-07-11 16:39:46,480 50814 INFO odoo18 odoo.addons.base.models.ir_cron: Job 'Snailmail: process letters queue' (15) done in 0.011s 
2026-07-11 16:39:46,486 50814 INFO odoo18 odoo.addons.base.models.ir_cron: Job 'Snailmail: process letters queue' (15) processed 0 records, 0 records remaining 
2026-07-11 16:39:46,496 50814 INFO odoo18 odoo.addons.base.models.ir_cron: Job 'Snailmail: process letters queue' (15) completed 
2026-07-11 16:39:46,511 50814 INFO odoo18 odoo.addons.base.models.ir_cron: Job 'Mail: Email Queue Manager' (3) starting 
2026-07-11 16:39:46,526 50814 INFO odoo18 odoo.addons.base.models.ir_cron: Job 'Mail: Email Queue Manager' (3) done in 0.015s 
2026-07-11 16:39:46,535 50814 INFO odoo18 odoo.addons.base.models.ir_cron: Job 'Mail: Email Queue Manager' (3) processed 0 records, 0 records remaining 
2026-07-11 16:39:46,543 50814 INFO odoo18 odoo.addons.base.models.ir_cron: Job 'Mail: Email Queue Manager' (3) completed 
2026-07-11 16:39:46,557 50814 INFO odoo18 odoo.addons.base.models.ir_cron: Job 'Partner Autocomplete: Sync with remote DB' (13) starting 
2026-07-11 16:39:46,562 50814 INFO odoo18 odoo.addons.base.models.ir_cron: Job 'Partner Autocomplete: Sync with remote DB' (13) done in 0.005s 
2026-07-11 16:39:46,567 50814 INFO odoo18 odoo.addons.base.models.ir_cron: Job 'Partner Autocomplete: Sync with remote DB' (13) processed 0 records, 0 records remaining 
2026-07-11 16:39:46,574 50814 INFO odoo18 odoo.addons.base.models.ir_cron: Job 'Partner Autocomplete: Sync with remote DB' (13) completed 
2026-07-11 17:11:22,437 50814 INFO odoo18 odoo.addons.base.models.ir_cron: Job 'CRM: enrich leads (IAP)' (26) starting 
2026-07-11 17:11:22,469 50814 INFO odoo18 odoo.addons.base.models.ir_cron: Job 'CRM: enrich leads (IAP)' (26) done in 0.032s 
2026-07-11 17:11:22,476 50814 INFO odoo18 odoo.addons.base.models.ir_cron: Job 'CRM: enrich leads (IAP)' (26) processed 0 records, 0 records remaining 
2026-07-11 17:11:22,499 50814 INFO odoo18 odoo.addons.base.models.ir_cron: Job 'CRM: enrich leads (IAP)' (26) completed 
2026-07-11 17:45:15,932 50814 INFO odoo18 odoo.addons.base.models.ir_cron: Job 'Notification: Notify scheduled messages' (8) starting 
2026-07-11 17:45:15,945 50814 INFO odoo18 odoo.addons.base.models.ir_cron: Job 'Notification: Notify scheduled messages' (8) done in 0.012s 
2026-07-11 17:45:15,949 50814 INFO odoo18 odoo.addons.base.models.ir_cron: Job 'Notification: Notify scheduled messages' (8) processed 0 records, 0 records remaining 
2026-07-11 17:45:15,963 50814 INFO odoo18 odoo.addons.base.models.ir_cron: Job 'Notification: Notify scheduled messages' (8) completed 
2026-07-11 17:45:15,971 50814 INFO odoo18 odoo.addons.base.models.ir_cron: Job 'SMS: SMS Queue Manager' (14) starting 
2026-07-11 17:45:15,976 50814 INFO odoo18 odoo.addons.base.models.ir_cron: Job 'SMS: SMS Queue Manager' (14) done in 0.005s 
2026-07-11 17:45:15,978 50814 INFO odoo18 odoo.addons.base.models.ir_cron: Job 'SMS: SMS Queue Manager' (14) processed 0 records, 0 records remaining 
2026-07-11 17:45:15,982 50814 INFO odoo18 odoo.addons.base.models.ir_cron: Job 'SMS: SMS Queue Manager' (14) completed 
2026-07-11 17:45:15,992 50814 INFO odoo18 odoo.addons.base.models.ir_cron: Job 'Snailmail: process letters queue' (15) starting 
2026-07-11 17:45:15,999 50814 INFO odoo18 odoo.addons.base.models.ir_cron: Job 'Snailmail: process letters queue' (15) done in 0.007s 
2026-07-11 17:45:16,004 50814 INFO odoo18 odoo.addons.base.models.ir_cron: Job 'Snailmail: process letters queue' (15) processed 0 records, 0 records remaining 
2026-07-11 17:45:16,010 50814 INFO odoo18 odoo.addons.base.models.ir_cron: Job 'Snailmail: process letters queue' (15) completed 
2026-07-11 17:45:16,020 50814 INFO odoo18 odoo.addons.base.models.ir_cron: Job 'Mail: Email Queue Manager' (3) starting 
2026-07-11 17:45:16,029 50814 INFO odoo18 odoo.addons.base.models.ir_cron: Job 'Mail: Email Queue Manager' (3) done in 0.008s 
2026-07-11 17:45:16,032 50814 INFO odoo18 odoo.addons.base.models.ir_cron: Job 'Mail: Email Queue Manager' (3) processed 0 records, 0 records remaining 
2026-07-11 17:45:16,040 50814 INFO odoo18 odoo.addons.base.models.ir_cron: Job 'Mail: Email Queue Manager' (3) completed 
2026-07-11 17:45:16,054 50814 INFO odoo18 odoo.addons.base.models.ir_cron: Job 'Partner Autocomplete: Sync with remote DB' (13) starting 
2026-07-11 17:45:16,058 50814 INFO odoo18 odoo.addons.base.models.ir_cron: Job 'Partner Autocomplete: Sync with remote DB' (13) done in 0.004s 
2026-07-11 17:45:16,063 50814 INFO odoo18 odoo.addons.base.models.ir_cron: Job 'Partner Autocomplete: Sync with remote DB' (13) processed 0 records, 0 records remaining 
2026-07-11 17:45:16,073 50814 INFO odoo18 odoo.addons.base.models.ir_cron: Job 'Partner Autocomplete: Sync with remote DB' (13) completed 
2026-07-11 18:01:22,060 50814 INFO odoo18 odoo.addons.base.models.ir_cron: Job 'CRM: enrich leads (IAP)' (26) starting 
2026-07-11 18:01:22,071 50814 INFO odoo18 odoo.addons.base.models.ir_cron: Job 'CRM: enrich leads (IAP)' (26) done in 0.011s 
2026-07-11 18:01:22,074 50814 INFO odoo18 odoo.addons.base.models.ir_cron: Job 'CRM: enrich leads (IAP)' (26) processed 0 records, 0 records remaining 
2026-07-11 18:01:22,087 50814 INFO odoo18 odoo.addons.base.models.ir_cron: Job 'CRM: enrich leads (IAP)' (26) completed 
2026-07-11 19:24:45,186 50814 INFO odoo18 odoo.addons.base.models.ir_cron: Job 'Notification: Notify scheduled messages' (8) starting 
2026-07-11 19:24:45,198 50814 INFO odoo18 odoo.addons.base.models.ir_cron: Job 'Notification: Notify scheduled messages' (8) done in 0.012s 
2026-07-11 19:24:45,203 50814 INFO odoo18 odoo.addons.base.models.ir_cron: Job 'Notification: Notify scheduled messages' (8) processed 0 records, 0 records remaining 
2026-07-11 19:24:45,222 50814 INFO odoo18 odoo.addons.base.models.ir_cron: Job 'Notification: Notify scheduled messages' (8) completed 
2026-07-11 19:24:45,240 50814 INFO odoo18 odoo.addons.base.models.ir_cron: Job 'SMS: SMS Queue Manager' (14) starting 
2026-07-11 19:24:45,249 50814 INFO odoo18 odoo.addons.base.models.ir_cron: Job 'SMS: SMS Queue Manager' (14) done in 0.009s 
2026-07-11 19:24:45,255 50814 INFO odoo18 odoo.addons.base.models.ir_cron: Job 'SMS: SMS Queue Manager' (14) processed 0 records, 0 records remaining 
2026-07-11 19:24:45,265 50814 INFO odoo18 odoo.addons.base.models.ir_cron: Job 'SMS: SMS Queue Manager' (14) completed 
2026-07-11 19:24:45,283 50814 INFO odoo18 odoo.addons.base.models.ir_cron: Job 'Snailmail: process letters queue' (15) starting 
2026-07-11 19:24:45,293 50814 INFO odoo18 odoo.addons.base.models.ir_cron: Job 'Snailmail: process letters queue' (15) done in 0.009s 
2026-07-11 19:24:45,299 50814 INFO odoo18 odoo.addons.base.models.ir_cron: Job 'Snailmail: process letters queue' (15) processed 0 records, 0 records remaining 
2026-07-11 19:24:45,308 50814 INFO odoo18 odoo.addons.base.models.ir_cron: Job 'Snailmail: process letters queue' (15) completed 
2026-07-11 19:24:45,326 50814 INFO odoo18 odoo.addons.base.models.ir_cron: Job 'CRM: enrich leads (IAP)' (26) starting 
2026-07-11 19:24:45,344 50814 INFO odoo18 odoo.addons.base.models.ir_cron: Job 'CRM: enrich leads (IAP)' (26) done in 0.017s 
2026-07-11 19:24:45,350 50814 INFO odoo18 odoo.addons.base.models.ir_cron: Job 'CRM: enrich leads (IAP)' (26) processed 0 records, 0 records remaining 
2026-07-11 19:24:45,359 50814 INFO odoo18 odoo.addons.base.models.ir_cron: Job 'CRM: enrich leads (IAP)' (26) completed 
2026-07-11 19:24:45,376 50814 INFO odoo18 odoo.addons.base.models.ir_cron: Job 'Mail: Email Queue Manager' (3) starting 
2026-07-11 19:24:45,390 50814 INFO odoo18 odoo.addons.base.models.ir_cron: Job 'Mail: Email Queue Manager' (3) done in 0.013s 
2026-07-11 19:24:45,397 50814 INFO odoo18 odoo.addons.base.models.ir_cron: Job 'Mail: Email Queue Manager' (3) processed 0 records, 0 records remaining 
2026-07-11 19:24:45,407 50814 INFO odoo18 odoo.addons.base.models.ir_cron: Job 'Mail: Email Queue Manager' (3) completed 
2026-07-11 19:24:45,425 50814 INFO odoo18 odoo.addons.base.models.ir_cron: Job 'Partner Autocomplete: Sync with remote DB' (13) starting 
2026-07-11 19:24:45,432 50814 INFO odoo18 odoo.addons.base.models.ir_cron: Job 'Partner Autocomplete: Sync with remote DB' (13) done in 0.007s 
2026-07-11 19:24:45,440 50814 INFO odoo18 odoo.addons.base.models.ir_cron: Job 'Partner Autocomplete: Sync with remote DB' (13) processed 0 records, 0 records remaining 
2026-07-11 19:24:45,447 50814 INFO odoo18 odoo.addons.base.models.ir_cron: Job 'Partner Autocomplete: Sync with remote DB' (13) completed 
2026-07-11 19:43:44,827 50814 INFO odoo18 odoo.addons.base.models.ir_cron: Job 'Notification: Notify scheduled messages' (8) starting 
2026-07-11 19:43:44,842 50814 INFO odoo18 odoo.addons.base.models.ir_cron: Job 'Notification: Notify scheduled messages' (8) done in 0.015s 
2026-07-11 19:43:44,848 50814 INFO odoo18 odoo.addons.base.models.ir_cron: Job 'Notification: Notify scheduled messages' (8) processed 0 records, 0 records remaining 
2026-07-11 19:43:44,868 50814 INFO odoo18 odoo.addons.base.models.ir_cron: Job 'Notification: Notify scheduled messages' (8) completed 
2026-07-11 19:43:44,885 50814 INFO odoo18 odoo.addons.base.models.ir_cron: Job 'SMS: SMS Queue Manager' (14) starting 
2026-07-11 19:43:44,897 50814 INFO odoo18 odoo.addons.base.models.ir_cron: Job 'SMS: SMS Queue Manager' (14) done in 0.011s 
2026-07-11 19:43:44,905 50814 INFO odoo18 odoo.addons.base.models.ir_cron: Job 'SMS: SMS Queue Manager' (14) processed 0 records, 0 records remaining 
2026-07-11 19:43:44,912 50814 INFO odoo18 odoo.addons.base.models.ir_cron: Job 'SMS: SMS Queue Manager' (14) completed 
2026-07-11 19:43:44,927 50814 INFO odoo18 odoo.addons.base.models.ir_cron: Job 'Snailmail: process letters queue' (15) starting 
2026-07-11 19:43:44,939 50814 INFO odoo18 odoo.addons.base.models.ir_cron: Job 'Snailmail: process letters queue' (15) done in 0.011s 
2026-07-11 19:43:44,946 50814 INFO odoo18 odoo.addons.base.models.ir_cron: Job 'Snailmail: process letters queue' (15) processed 0 records, 0 records remaining 
2026-07-11 19:43:44,955 50814 INFO odoo18 odoo.addons.base.models.ir_cron: Job 'Snailmail: process letters queue' (15) completed 
2026-07-11 19:43:44,974 50814 INFO odoo18 odoo.addons.base.models.ir_cron: Job 'Mail: Email Queue Manager' (3) starting 
2026-07-11 19:43:44,988 50814 INFO odoo18 odoo.addons.base.models.ir_cron: Job 'Mail: Email Queue Manager' (3) done in 0.014s 
2026-07-11 19:43:44,993 50814 INFO odoo18 odoo.addons.base.models.ir_cron: Job 'Mail: Email Queue Manager' (3) processed 0 records, 0 records remaining 
2026-07-11 19:43:45,000 50814 INFO odoo18 odoo.addons.base.models.ir_cron: Job 'Mail: Email Queue Manager' (3) completed 
2026-07-11 19:43:45,011 50814 INFO odoo18 odoo.addons.base.models.ir_cron: Job 'Partner Autocomplete: Sync with remote DB' (13) starting 
2026-07-11 19:43:45,015 50814 INFO odoo18 odoo.addons.base.models.ir_cron: Job 'Partner Autocomplete: Sync with remote DB' (13) done in 0.004s 
2026-07-11 19:43:45,020 50814 INFO odoo18 odoo.addons.base.models.ir_cron: Job 'Partner Autocomplete: Sync with remote DB' (13) processed 0 records, 0 records remaining 
2026-07-11 19:43:45,030 50814 INFO odoo18 odoo.addons.base.models.ir_cron: Job 'Partner Autocomplete: Sync with remote DB' (13) completed 
2026-07-11 19:59:57,893 50814 INFO odoo18 odoo.addons.base.models.ir_cron: Job 'CRM: enrich leads (IAP)' (26) starting 
2026-07-11 19:59:57,904 50814 INFO odoo18 odoo.addons.base.models.ir_cron: Job 'CRM: enrich leads (IAP)' (26) done in 0.011s 
2026-07-11 19:59:57,907 50814 INFO odoo18 odoo.addons.base.models.ir_cron: Job 'CRM: enrich leads (IAP)' (26) processed 0 records, 0 records remaining 
2026-07-11 19:59:57,916 50814 INFO odoo18 odoo.addons.base.models.ir_cron: Job 'CRM: enrich leads (IAP)' (26) completed 
2026-07-11 20:34:00,315 50814 INFO odoo18 odoo.addons.base.models.ir_cron: Job 'Notification: Notify scheduled messages' (8) starting 
2026-07-11 20:34:00,324 50814 INFO odoo18 odoo.addons.base.models.ir_cron: Job 'Notification: Notify scheduled messages' (8) done in 0.009s 
2026-07-11 20:34:00,330 50814 INFO odoo18 odoo.addons.base.models.ir_cron: Job 'Notification: Notify scheduled messages' (8) processed 0 records, 0 records remaining 
2026-07-11 20:34:00,346 50814 INFO odoo18 odoo.addons.base.models.ir_cron: Job 'Notification: Notify scheduled messages' (8) completed 
2026-07-11 20:34:00,358 50814 INFO odoo18 odoo.addons.base.models.ir_cron: Job 'SMS: SMS Queue Manager' (14) starting 
2026-07-11 20:34:00,363 50814 INFO odoo18 odoo.addons.base.models.ir_cron: Job 'SMS: SMS Queue Manager' (14) done in 0.004s 
2026-07-11 20:34:00,365 50814 INFO odoo18 odoo.addons.base.models.ir_cron: Job 'SMS: SMS Queue Manager' (14) processed 0 records, 0 records remaining 
2026-07-11 20:34:00,369 50814 INFO odoo18 odoo.addons.base.models.ir_cron: Job 'SMS: SMS Queue Manager' (14) completed 
2026-07-11 20:34:00,374 50814 INFO odoo18 odoo.addons.base.models.ir_cron: Job 'Snailmail: process letters queue' (15) starting 
2026-07-11 20:34:00,379 50814 INFO odoo18 odoo.addons.base.models.ir_cron: Job 'Snailmail: process letters queue' (15) done in 0.004s 
2026-07-11 20:34:00,382 50814 INFO odoo18 odoo.addons.base.models.ir_cron: Job 'Snailmail: process letters queue' (15) processed 0 records, 0 records remaining 
2026-07-11 20:34:00,386 50814 INFO odoo18 odoo.addons.base.models.ir_cron: Job 'Snailmail: process letters queue' (15) completed 
2026-07-11 20:34:00,398 50814 INFO odoo18 odoo.addons.base.models.ir_cron: Job 'Mail: Email Queue Manager' (3) starting 
2026-07-11 20:34:00,407 50814 INFO odoo18 odoo.addons.base.models.ir_cron: Job 'Mail: Email Queue Manager' (3) done in 0.009s 
2026-07-11 20:34:00,413 50814 INFO odoo18 odoo.addons.base.models.ir_cron: Job 'Mail: Email Queue Manager' (3) processed 0 records, 0 records remaining 
2026-07-11 20:34:00,419 50814 INFO odoo18 odoo.addons.base.models.ir_cron: Job 'Mail: Email Queue Manager' (3) completed 
2026-07-11 20:34:00,433 50814 INFO odoo18 odoo.addons.base.models.ir_cron: Job 'Partner Autocomplete: Sync with remote DB' (13) starting 
2026-07-11 20:34:00,438 50814 INFO odoo18 odoo.addons.base.models.ir_cron: Job 'Partner Autocomplete: Sync with remote DB' (13) done in 0.005s 
2026-07-11 20:34:00,444 50814 INFO odoo18 odoo.addons.base.models.ir_cron: Job 'Partner Autocomplete: Sync with remote DB' (13) processed 0 records, 0 records remaining 
2026-07-11 20:34:00,452 50814 INFO odoo18 odoo.addons.base.models.ir_cron: Job 'Partner Autocomplete: Sync with remote DB' (13) completed 
2026-07-11 20:54:27,694 50814 INFO odoo18 odoo.addons.base.models.ir_cron: Job 'CRM: enrich leads (IAP)' (26) starting 
2026-07-11 20:54:27,706 50814 INFO odoo18 odoo.addons.base.models.ir_cron: Job 'CRM: enrich leads (IAP)' (26) done in 0.012s 
2026-07-11 20:54:27,711 50814 INFO odoo18 odoo.addons.base.models.ir_cron: Job 'CRM: enrich leads (IAP)' (26) processed 0 records, 0 records remaining 
2026-07-11 20:54:27,726 50814 INFO odoo18 odoo.addons.base.models.ir_cron: Job 'CRM: enrich leads (IAP)' (26) completed 
2026-07-11 21:47:04,067 50814 INFO odoo18 odoo.addons.base.models.ir_cron: Job 'Notification: Notify scheduled messages' (8) starting 
2026-07-11 21:47:04,090 50814 INFO odoo18 odoo.addons.base.models.ir_cron: Job 'Notification: Notify scheduled messages' (8) done in 0.023s 
2026-07-11 21:47:04,101 50814 INFO odoo18 odoo.addons.base.models.ir_cron: Job 'Notification: Notify scheduled messages' (8) processed 0 records, 0 records remaining 
2026-07-11 21:47:04,125 50814 INFO odoo18 odoo.addons.base.models.ir_cron: Job 'Notification: Notify scheduled messages' (8) completed 
2026-07-11 21:47:04,145 50814 INFO odoo18 odoo.addons.base.models.ir_cron: Job 'SMS: SMS Queue Manager' (14) starting 
2026-07-11 21:47:04,157 50814 INFO odoo18 odoo.addons.base.models.ir_cron: Job 'SMS: SMS Queue Manager' (14) done in 0.012s 
2026-07-11 21:47:04,164 50814 INFO odoo18 odoo.addons.base.models.ir_cron: Job 'SMS: SMS Queue Manager' (14) processed 0 records, 0 records remaining 
2026-07-11 21:47:04,174 50814 INFO odoo18 odoo.addons.base.models.ir_cron: Job 'SMS: SMS Queue Manager' (14) completed 
2026-07-11 21:47:04,192 50814 INFO odoo18 odoo.addons.base.models.ir_cron: Job 'Snailmail: process letters queue' (15) starting 
2026-07-11 21:47:04,202 50814 INFO odoo18 odoo.addons.base.models.ir_cron: Job 'Snailmail: process letters queue' (15) done in 0.010s 
2026-07-11 21:47:04,210 50814 INFO odoo18 odoo.addons.base.models.ir_cron: Job 'Snailmail: process letters queue' (15) processed 0 records, 0 records remaining 
2026-07-11 21:47:04,220 50814 INFO odoo18 odoo.addons.base.models.ir_cron: Job 'Snailmail: process letters queue' (15) completed 
2026-07-11 21:47:04,239 50814 INFO odoo18 odoo.addons.base.models.ir_cron: Job 'CRM: enrich leads (IAP)' (26) starting 
2026-07-11 21:47:04,258 50814 INFO odoo18 odoo.addons.base.models.ir_cron: Job 'CRM: enrich leads (IAP)' (26) done in 0.019s 
2026-07-11 21:47:04,265 50814 INFO odoo18 odoo.addons.base.models.ir_cron: Job 'CRM: enrich leads (IAP)' (26) processed 0 records, 0 records remaining 
2026-07-11 21:47:04,275 50814 INFO odoo18 odoo.addons.base.models.ir_cron: Job 'CRM: enrich leads (IAP)' (26) completed 
2026-07-11 21:47:04,293 50814 INFO odoo18 odoo.addons.base.models.ir_cron: Job 'Mail: Email Queue Manager' (3) starting 
2026-07-11 21:47:04,307 50814 INFO odoo18 odoo.addons.base.models.ir_cron: Job 'Mail: Email Queue Manager' (3) done in 0.013s 
2026-07-11 21:47:04,314 50814 INFO odoo18 odoo.addons.base.models.ir_cron: Job 'Mail: Email Queue Manager' (3) processed 0 records, 0 records remaining 
2026-07-11 21:47:04,325 50814 INFO odoo18 odoo.addons.base.models.ir_cron: Job 'Mail: Email Queue Manager' (3) completed 
2026-07-11 21:47:04,345 50814 INFO odoo18 odoo.addons.base.models.ir_cron: Job 'Partner Autocomplete: Sync with remote DB' (13) starting 
2026-07-11 21:47:04,352 50814 INFO odoo18 odoo.addons.base.models.ir_cron: Job 'Partner Autocomplete: Sync with remote DB' (13) done in 0.007s 
2026-07-11 21:47:04,357 50814 INFO odoo18 odoo.addons.base.models.ir_cron: Job 'Partner Autocomplete: Sync with remote DB' (13) processed 0 records, 0 records remaining 
2026-07-11 21:47:04,368 50814 INFO odoo18 odoo.addons.base.models.ir_cron: Job 'Partner Autocomplete: Sync with remote DB' (13) completed 
2026-07-11 22:35:06,149 50814 INFO odoo18 odoo.addons.base.models.ir_cron: Job 'Notification: Notify scheduled messages' (8) starting 
2026-07-11 22:35:06,163 50814 INFO odoo18 odoo.addons.base.models.ir_cron: Job 'Notification: Notify scheduled messages' (8) done in 0.014s 
2026-07-11 22:35:06,170 50814 INFO odoo18 odoo.addons.base.models.ir_cron: Job 'Notification: Notify scheduled messages' (8) processed 0 records, 0 records remaining 
2026-07-11 22:35:06,188 50814 INFO odoo18 odoo.addons.base.models.ir_cron: Job 'Notification: Notify scheduled messages' (8) completed 
2026-07-11 22:35:06,204 50814 INFO odoo18 odoo.addons.base.models.ir_cron: Job 'SMS: SMS Queue Manager' (14) starting 
2026-07-11 22:35:06,212 50814 INFO odoo18 odoo.addons.base.models.ir_cron: Job 'SMS: SMS Queue Manager' (14) done in 0.008s 
2026-07-11 22:35:06,219 50814 INFO odoo18 odoo.addons.base.models.ir_cron: Job 'SMS: SMS Queue Manager' (14) processed 0 records, 0 records remaining 
2026-07-11 22:35:06,228 50814 INFO odoo18 odoo.addons.base.models.ir_cron: Job 'SMS: SMS Queue Manager' (14) completed 
2026-07-11 22:35:06,246 50814 INFO odoo18 odoo.addons.base.models.ir_cron: Job 'Snailmail: process letters queue' (15) starting 
2026-07-11 22:35:06,253 50814 INFO odoo18 odoo.addons.base.models.ir_cron: Job 'Snailmail: process letters queue' (15) done in 0.007s 
2026-07-11 22:35:06,256 50814 INFO odoo18 odoo.addons.base.models.ir_cron: Job 'Snailmail: process letters queue' (15) processed 0 records, 0 records remaining 
2026-07-11 22:35:06,262 50814 INFO odoo18 odoo.addons.base.models.ir_cron: Job 'Snailmail: process letters queue' (15) completed 
2026-07-11 22:35:06,276 50814 INFO odoo18 odoo.addons.base.models.ir_cron: Job 'Mail: Email Queue Manager' (3) starting 
2026-07-11 22:35:06,285 50814 INFO odoo18 odoo.addons.base.models.ir_cron: Job 'Mail: Email Queue Manager' (3) done in 0.008s 
2026-07-11 22:35:06,289 50814 INFO odoo18 odoo.addons.base.models.ir_cron: Job 'Mail: Email Queue Manager' (3) processed 0 records, 0 records remaining 
2026-07-11 22:35:06,298 50814 INFO odoo18 odoo.addons.base.models.ir_cron: Job 'Mail: Email Queue Manager' (3) completed 
2026-07-11 22:35:06,312 50814 INFO odoo18 odoo.addons.base.models.ir_cron: Job 'Partner Autocomplete: Sync with remote DB' (13) starting 
2026-07-11 22:35:06,315 50814 INFO odoo18 odoo.addons.base.models.ir_cron: Job 'Partner Autocomplete: Sync with remote DB' (13) done in 0.003s 
2026-07-11 22:35:06,318 50814 INFO odoo18 odoo.addons.base.models.ir_cron: Job 'Partner Autocomplete: Sync with remote DB' (13) processed 0 records, 0 records remaining 
2026-07-11 22:35:06,327 50814 INFO odoo18 odoo.addons.base.models.ir_cron: Job 'Partner Autocomplete: Sync with remote DB' (13) completed 
2026-07-11 23:16:03,879 50814 INFO odoo18 odoo.addons.base.models.ir_cron: Job 'CRM: enrich leads (IAP)' (26) starting 
2026-07-11 23:16:03,893 50814 INFO odoo18 odoo.addons.base.models.ir_cron: Job 'CRM: enrich leads (IAP)' (26) done in 0.013s 
2026-07-11 23:16:03,897 50814 INFO odoo18 odoo.addons.base.models.ir_cron: Job 'CRM: enrich leads (IAP)' (26) processed 0 records, 0 records remaining 
2026-07-11 23:16:03,915 50814 INFO odoo18 odoo.addons.base.models.ir_cron: Job 'CRM: enrich leads (IAP)' (26) completed 
2026-07-11 23:47:55,594 50814 INFO odoo18 odoo.addons.base.models.ir_cron: Job 'Notification: Notify scheduled messages' (8) starting 
2026-07-11 23:47:55,610 50814 INFO odoo18 odoo.addons.base.models.ir_cron: Job 'Notification: Notify scheduled messages' (8) done in 0.015s 
2026-07-11 23:47:55,618 50814 INFO odoo18 odoo.addons.base.models.ir_cron: Job 'Notification: Notify scheduled messages' (8) processed 0 records, 0 records remaining 
2026-07-11 23:47:55,642 50814 INFO odoo18 odoo.addons.base.models.ir_cron: Job 'Notification: Notify scheduled messages' (8) completed 
2026-07-11 23:47:55,660 50814 INFO odoo18 odoo.addons.base.models.ir_cron: Job 'SMS: SMS Queue Manager' (14) starting 
2026-07-11 23:47:55,672 50814 INFO odoo18 odoo.addons.base.models.ir_cron: Job 'SMS: SMS Queue Manager' (14) done in 0.012s 
2026-07-11 23:47:55,680 50814 INFO odoo18 odoo.addons.base.models.ir_cron: Job 'SMS: SMS Queue Manager' (14) processed 0 records, 0 records remaining 
2026-07-11 23:47:55,692 50814 INFO odoo18 odoo.addons.base.models.ir_cron: Job 'SMS: SMS Queue Manager' (14) completed 
2026-07-11 23:47:55,708 50814 INFO odoo18 odoo.addons.base.models.ir_cron: Job 'Snailmail: process letters queue' (15) starting 
2026-07-11 23:47:55,714 50814 INFO odoo18 odoo.addons.base.models.ir_cron: Job 'Snailmail: process letters queue' (15) done in 0.006s 
2026-07-11 23:47:55,718 50814 INFO odoo18 odoo.addons.base.models.ir_cron: Job 'Snailmail: process letters queue' (15) processed 0 records, 0 records remaining 
2026-07-11 23:47:55,723 50814 INFO odoo18 odoo.addons.base.models.ir_cron: Job 'Snailmail: process letters queue' (15) completed 
2026-07-11 23:47:55,733 50814 INFO odoo18 odoo.addons.base.models.ir_cron: Job 'CRM: enrich leads (IAP)' (26) starting 
2026-07-11 23:47:55,743 50814 INFO odoo18 odoo.addons.base.models.ir_cron: Job 'CRM: enrich leads (IAP)' (26) done in 0.010s 
2026-07-11 23:47:55,748 50814 INFO odoo18 odoo.addons.base.models.ir_cron: Job 'CRM: enrich leads (IAP)' (26) processed 0 records, 0 records remaining 
2026-07-11 23:47:55,754 50814 INFO odoo18 odoo.addons.base.models.ir_cron: Job 'CRM: enrich leads (IAP)' (26) completed 
2026-07-11 23:47:55,765 50814 INFO odoo18 odoo.addons.base.models.ir_cron: Job 'Mail: Email Queue Manager' (3) starting 
2026-07-11 23:47:55,772 50814 INFO odoo18 odoo.addons.base.models.ir_cron: Job 'Mail: Email Queue Manager' (3) done in 0.007s 
2026-07-11 23:47:55,777 50814 INFO odoo18 odoo.addons.base.models.ir_cron: Job 'Mail: Email Queue Manager' (3) processed 0 records, 0 records remaining 
2026-07-11 23:47:55,785 50814 INFO odoo18 odoo.addons.base.models.ir_cron: Job 'Mail: Email Queue Manager' (3) completed 
2026-07-11 23:47:55,800 50814 INFO odoo18 odoo.addons.base.models.ir_cron: Job 'Partner Autocomplete: Sync with remote DB' (13) starting 
2026-07-11 23:47:55,805 50814 INFO odoo18 odoo.addons.base.models.ir_cron: Job 'Partner Autocomplete: Sync with remote DB' (13) done in 0.005s 
2026-07-11 23:47:55,810 50814 INFO odoo18 odoo.addons.base.models.ir_cron: Job 'Partner Autocomplete: Sync with remote DB' (13) processed 0 records, 0 records remaining 
2026-07-11 23:47:55,817 50814 INFO odoo18 odoo.addons.base.models.ir_cron: Job 'Partner Autocomplete: Sync with remote DB' (13) completed 
2026-07-12 00:37:54,995 50814 INFO odoo18 odoo.addons.base.models.ir_cron: Job 'Notification: Notify scheduled messages' (8) starting 
2026-07-12 00:37:55,014 50814 INFO odoo18 odoo.addons.base.models.ir_cron: Job 'Notification: Notify scheduled messages' (8) done in 0.018s 
2026-07-12 00:37:55,022 50814 INFO odoo18 odoo.addons.base.models.ir_cron: Job 'Notification: Notify scheduled messages' (8) processed 0 records, 0 records remaining 
2026-07-12 00:37:55,060 50814 INFO odoo18 odoo.addons.base.models.ir_cron: Job 'Notification: Notify scheduled messages' (8) completed 
2026-07-12 00:37:55,082 50814 INFO odoo18 odoo.addons.base.models.ir_cron: Job 'SMS: SMS Queue Manager' (14) starting 
2026-07-12 00:37:55,092 50814 INFO odoo18 odoo.addons.base.models.ir_cron: Job 'SMS: SMS Queue Manager' (14) done in 0.009s 
2026-07-12 00:37:55,097 50814 INFO odoo18 odoo.addons.base.models.ir_cron: Job 'SMS: SMS Queue Manager' (14) processed 0 records, 0 records remaining 
2026-07-12 00:37:55,105 50814 INFO odoo18 odoo.addons.base.models.ir_cron: Job 'SMS: SMS Queue Manager' (14) completed 
2026-07-12 00:37:55,121 50814 INFO odoo18 odoo.addons.base.models.ir_cron: Job 'Snailmail: process letters queue' (15) starting 
2026-07-12 00:37:55,131 50814 INFO odoo18 odoo.addons.base.models.ir_cron: Job 'Snailmail: process letters queue' (15) done in 0.009s 
2026-07-12 00:37:55,139 50814 INFO odoo18 odoo.addons.base.models.ir_cron: Job 'Snailmail: process letters queue' (15) processed 0 records, 0 records remaining 
2026-07-12 00:37:55,147 50814 INFO odoo18 odoo.addons.base.models.ir_cron: Job 'Snailmail: process letters queue' (15) completed 
2026-07-12 00:37:55,163 50814 INFO odoo18 odoo.addons.base.models.ir_cron: Job 'Mail: Email Queue Manager' (3) starting 
2026-07-12 00:37:55,176 50814 INFO odoo18 odoo.addons.base.models.ir_cron: Job 'Mail: Email Queue Manager' (3) done in 0.013s 
2026-07-12 00:37:55,184 50814 INFO odoo18 odoo.addons.base.models.ir_cron: Job 'Mail: Email Queue Manager' (3) processed 0 records, 0 records remaining 
2026-07-12 00:37:55,194 50814 INFO odoo18 odoo.addons.base.models.ir_cron: Job 'Mail: Email Queue Manager' (3) completed 
2026-07-12 00:37:55,212 50814 INFO odoo18 odoo.addons.base.models.ir_cron: Job 'Partner Autocomplete: Sync with remote DB' (13) starting 
2026-07-12 00:37:55,219 50814 INFO odoo18 odoo.addons.base.models.ir_cron: Job 'Partner Autocomplete: Sync with remote DB' (13) done in 0.007s 
2026-07-12 00:37:55,226 50814 INFO odoo18 odoo.addons.base.models.ir_cron: Job 'Partner Autocomplete: Sync with remote DB' (13) processed 0 records, 0 records remaining 
2026-07-12 00:37:55,239 50814 INFO odoo18 odoo.addons.base.models.ir_cron: Job 'Partner Autocomplete: Sync with remote DB' (13) completed 
2026-07-12 00:56:25,653 50814 INFO odoo18 odoo.addons.base.models.ir_cron: Job 'CRM: enrich leads (IAP)' (26) starting 
2026-07-12 00:56:25,661 50814 INFO odoo18 odoo.addons.base.models.ir_cron: Job 'CRM: enrich leads (IAP)' (26) done in 0.008s 
2026-07-12 00:56:25,664 50814 INFO odoo18 odoo.addons.base.models.ir_cron: Job 'CRM: enrich leads (IAP)' (26) processed 0 records, 0 records remaining 
2026-07-12 00:56:25,671 50814 INFO odoo18 odoo.addons.base.models.ir_cron: Job 'CRM: enrich leads (IAP)' (26) completed 
2026-07-12 02:03:21,697 50814 INFO odoo18 odoo.addons.base.models.ir_cron: Job 'Notification: Notify scheduled messages' (8) starting 
2026-07-12 02:03:21,711 50814 INFO odoo18 odoo.addons.base.models.ir_cron: Job 'Notification: Notify scheduled messages' (8) done in 0.013s 
2026-07-12 02:03:21,716 50814 INFO odoo18 odoo.addons.base.models.ir_cron: Job 'Notification: Notify scheduled messages' (8) processed 0 records, 0 records remaining 
2026-07-12 02:03:21,736 50814 INFO odoo18 odoo.addons.base.models.ir_cron: Job 'Notification: Notify scheduled messages' (8) completed 
2026-07-12 02:03:21,756 50814 INFO odoo18 odoo.addons.base.models.ir_cron: Job 'SMS: SMS Queue Manager' (14) starting 
2026-07-12 02:03:21,767 50814 INFO odoo18 odoo.addons.base.models.ir_cron: Job 'SMS: SMS Queue Manager' (14) done in 0.011s 
2026-07-12 02:03:21,775 50814 INFO odoo18 odoo.addons.base.models.ir_cron: Job 'SMS: SMS Queue Manager' (14) processed 0 records, 0 records remaining 
2026-07-12 02:03:21,786 50814 INFO odoo18 odoo.addons.base.models.ir_cron: Job 'SMS: SMS Queue Manager' (14) completed 
2026-07-12 02:03:21,805 50814 INFO odoo18 odoo.addons.base.models.ir_cron: Job 'Snailmail: process letters queue' (15) starting 
2026-07-12 02:03:21,818 50814 INFO odoo18 odoo.addons.base.models.ir_cron: Job 'Snailmail: process letters queue' (15) done in 0.012s 
2026-07-12 02:03:21,825 50814 INFO odoo18 odoo.addons.base.models.ir_cron: Job 'Snailmail: process letters queue' (15) processed 0 records, 0 records remaining 
2026-07-12 02:03:21,835 50814 INFO odoo18 odoo.addons.base.models.ir_cron: Job 'Snailmail: process letters queue' (15) completed 
2026-07-12 02:03:21,854 50814 INFO odoo18 odoo.addons.base.models.ir_cron: Job 'Account: Post draft entries with auto_post enabled and accounting date up to today' (18) starting 
2026-07-12 02:03:21,906 50814 INFO odoo18 odoo.addons.base.models.ir_cron: Job 'Account: Post draft entries with auto_post enabled and accounting date up to today' (18) done in 0.052s 
2026-07-12 02:03:21,912 50814 INFO odoo18 odoo.addons.base.models.ir_cron: Job 'Account: Post draft entries with auto_post enabled and accounting date up to today' (18) processed 0 records, 0 records remaining 
2026-07-12 02:03:21,921 50814 INFO odoo18 odoo.addons.base.models.ir_cron: Job 'Account: Post draft entries with auto_post enabled and accounting date up to today' (18) completed 
2026-07-12 02:03:21,939 50814 INFO odoo18 odoo.addons.base.models.ir_cron: Job 'CRM: enrich leads (IAP)' (26) starting 
2026-07-12 02:03:21,954 50814 INFO odoo18 odoo.addons.base.models.ir_cron: Job 'CRM: enrich leads (IAP)' (26) done in 0.015s 
2026-07-12 02:03:21,959 50814 INFO odoo18 odoo.addons.base.models.ir_cron: Job 'CRM: enrich leads (IAP)' (26) processed 0 records, 0 records remaining 
2026-07-12 02:03:21,970 50814 INFO odoo18 odoo.addons.base.models.ir_cron: Job 'CRM: enrich leads (IAP)' (26) completed 
2026-07-12 02:03:21,991 50814 INFO odoo18 odoo.addons.base.models.ir_cron: Job 'Mail: Email Queue Manager' (3) starting 
2026-07-12 02:03:22,007 50814 INFO odoo18 odoo.addons.base.models.ir_cron: Job 'Mail: Email Queue Manager' (3) done in 0.015s 
2026-07-12 02:03:22,012 50814 INFO odoo18 odoo.addons.base.models.ir_cron: Job 'Mail: Email Queue Manager' (3) processed 0 records, 0 records remaining 
2026-07-12 02:03:22,019 50814 INFO odoo18 odoo.addons.base.models.ir_cron: Job 'Mail: Email Queue Manager' (3) completed 
2026-07-12 02:03:22,031 50814 INFO odoo18 odoo.addons.base.models.ir_cron: Job 'Partner Autocomplete: Sync with remote DB' (13) starting 
2026-07-12 02:03:22,035 50814 INFO odoo18 odoo.addons.base.models.ir_cron: Job 'Partner Autocomplete: Sync with remote DB' (13) done in 0.004s 
2026-07-12 02:03:22,039 50814 INFO odoo18 odoo.addons.base.models.ir_cron: Job 'Partner Autocomplete: Sync with remote DB' (13) processed 0 records, 0 records remaining 
2026-07-12 02:03:22,044 50814 INFO odoo18 odoo.addons.base.models.ir_cron: Job 'Partner Autocomplete: Sync with remote DB' (13) completed 
2026-07-12 02:55:13,589 50814 INFO odoo18 odoo.addons.base.models.ir_cron: Job 'Notification: Notify scheduled messages' (8) starting 
2026-07-12 02:55:13,597 50814 INFO odoo18 odoo.addons.base.models.ir_cron: Job 'Notification: Notify scheduled messages' (8) done in 0.007s 
2026-07-12 02:55:13,601 50814 INFO odoo18 odoo.addons.base.models.ir_cron: Job 'Notification: Notify scheduled messages' (8) processed 0 records, 0 records remaining 
2026-07-12 02:55:13,617 50814 INFO odoo18 odoo.addons.base.models.ir_cron: Job 'Notification: Notify scheduled messages' (8) completed 
2026-07-12 02:55:13,629 50814 INFO odoo18 odoo.addons.base.models.ir_cron: Job 'SMS: SMS Queue Manager' (14) starting 
2026-07-12 02:55:13,638 50814 INFO odoo18 odoo.addons.base.models.ir_cron: Job 'SMS: SMS Queue Manager' (14) done in 0.008s 
2026-07-12 02:55:13,644 50814 INFO odoo18 odoo.addons.base.models.ir_cron: Job 'SMS: SMS Queue Manager' (14) processed 0 records, 0 records remaining 
2026-07-12 02:55:13,654 50814 INFO odoo18 odoo.addons.base.models.ir_cron: Job 'SMS: SMS Queue Manager' (14) completed 
2026-07-12 02:55:13,664 50814 INFO odoo18 odoo.addons.base.models.ir_cron: Job 'Snailmail: process letters queue' (15) starting 
2026-07-12 02:55:13,674 50814 INFO odoo18 odoo.addons.base.models.ir_cron: Job 'Snailmail: process letters queue' (15) done in 0.009s 
2026-07-12 02:55:13,679 50814 INFO odoo18 odoo.addons.base.models.ir_cron: Job 'Snailmail: process letters queue' (15) processed 0 records, 0 records remaining 
2026-07-12 02:55:13,688 50814 INFO odoo18 odoo.addons.base.models.ir_cron: Job 'Snailmail: process letters queue' (15) completed 
2026-07-12 02:55:13,702 50814 INFO odoo18 odoo.addons.base.models.ir_cron: Job 'CRM: enrich leads (IAP)' (26) starting 
2026-07-12 02:55:13,718 50814 INFO odoo18 odoo.addons.base.models.ir_cron: Job 'CRM: enrich leads (IAP)' (26) done in 0.015s 
2026-07-12 02:55:13,722 50814 INFO odoo18 odoo.addons.base.models.ir_cron: Job 'CRM: enrich leads (IAP)' (26) processed 0 records, 0 records remaining 
2026-07-12 02:55:13,733 50814 INFO odoo18 odoo.addons.base.models.ir_cron: Job 'CRM: enrich leads (IAP)' (26) completed 
2026-07-12 02:55:13,747 50814 INFO odoo18 odoo.addons.base.models.ir_cron: Job 'Mail: Email Queue Manager' (3) starting 
2026-07-12 02:55:13,756 50814 INFO odoo18 odoo.addons.base.models.ir_cron: Job 'Mail: Email Queue Manager' (3) done in 0.008s 
2026-07-12 02:55:13,758 50814 INFO odoo18 odoo.addons.base.models.ir_cron: Job 'Mail: Email Queue Manager' (3) processed 0 records, 0 records remaining 
2026-07-12 02:55:13,762 50814 INFO odoo18 odoo.addons.base.models.ir_cron: Job 'Mail: Email Queue Manager' (3) completed 
2026-07-12 02:55:13,771 50814 INFO odoo18 odoo.addons.base.models.ir_cron: Job 'Partner Autocomplete: Sync with remote DB' (13) starting 
2026-07-12 02:55:13,775 50814 INFO odoo18 odoo.addons.base.models.ir_cron: Job 'Partner Autocomplete: Sync with remote DB' (13) done in 0.004s 
2026-07-12 02:55:13,777 50814 INFO odoo18 odoo.addons.base.models.ir_cron: Job 'Partner Autocomplete: Sync with remote DB' (13) processed 0 records, 0 records remaining 
2026-07-12 02:55:13,783 50814 INFO odoo18 odoo.addons.base.models.ir_cron: Job 'Partner Autocomplete: Sync with remote DB' (13) completed 
2026-07-12 03:55:48,264 50814 INFO odoo18 odoo.addons.base.models.ir_cron: Job 'Notification: Notify scheduled messages' (8) starting 
2026-07-12 03:55:48,284 50814 INFO odoo18 odoo.addons.base.models.ir_cron: Job 'Notification: Notify scheduled messages' (8) done in 0.019s 
2026-07-12 03:55:48,294 50814 INFO odoo18 odoo.addons.base.models.ir_cron: Job 'Notification: Notify scheduled messages' (8) processed 0 records, 0 records remaining 
2026-07-12 03:55:48,317 50814 INFO odoo18 odoo.addons.base.models.ir_cron: Job 'Notification: Notify scheduled messages' (8) completed 
2026-07-12 03:55:48,332 50814 INFO odoo18 odoo.addons.base.models.ir_cron: Job 'SMS: SMS Queue Manager' (14) starting 
2026-07-12 03:55:48,340 50814 INFO odoo18 odoo.addons.base.models.ir_cron: Job 'SMS: SMS Queue Manager' (14) done in 0.008s 
2026-07-12 03:55:48,346 50814 INFO odoo18 odoo.addons.base.models.ir_cron: Job 'SMS: SMS Queue Manager' (14) processed 0 records, 0 records remaining 
2026-07-12 03:55:48,352 50814 INFO odoo18 odoo.addons.base.models.ir_cron: Job 'SMS: SMS Queue Manager' (14) completed 
2026-07-12 03:55:48,364 50814 INFO odoo18 odoo.addons.base.models.ir_cron: Job 'Snailmail: process letters queue' (15) starting 
2026-07-12 03:55:48,370 50814 INFO odoo18 odoo.addons.base.models.ir_cron: Job 'Snailmail: process letters queue' (15) done in 0.006s 
2026-07-12 03:55:48,375 50814 INFO odoo18 odoo.addons.base.models.ir_cron: Job 'Snailmail: process letters queue' (15) processed 0 records, 0 records remaining 
2026-07-12 03:55:48,381 50814 INFO odoo18 odoo.addons.base.models.ir_cron: Job 'Snailmail: process letters queue' (15) completed 
2026-07-12 03:55:48,393 50814 INFO odoo18 odoo.addons.base.models.ir_cron: Job 'CRM: enrich leads (IAP)' (26) starting 
2026-07-12 03:55:48,406 50814 INFO odoo18 odoo.addons.base.models.ir_cron: Job 'CRM: enrich leads (IAP)' (26) done in 0.013s 
2026-07-12 03:55:48,412 50814 INFO odoo18 odoo.addons.base.models.ir_cron: Job 'CRM: enrich leads (IAP)' (26) processed 0 records, 0 records remaining 
2026-07-12 03:55:48,419 50814 INFO odoo18 odoo.addons.base.models.ir_cron: Job 'CRM: enrich leads (IAP)' (26) completed 
2026-07-12 03:55:48,435 50814 INFO odoo18 odoo.addons.base.models.ir_cron: Job 'Mail: Email Queue Manager' (3) starting 
2026-07-12 03:55:48,446 50814 INFO odoo18 odoo.addons.base.models.ir_cron: Job 'Mail: Email Queue Manager' (3) done in 0.011s 
2026-07-12 03:55:48,452 50814 INFO odoo18 odoo.addons.base.models.ir_cron: Job 'Mail: Email Queue Manager' (3) processed 0 records, 0 records remaining 
2026-07-12 03:55:48,460 50814 INFO odoo18 odoo.addons.base.models.ir_cron: Job 'Mail: Email Queue Manager' (3) completed 
2026-07-12 03:55:48,480 50814 INFO odoo18 odoo.addons.base.models.ir_cron: Job 'Partner Autocomplete: Sync with remote DB' (13) starting 
2026-07-12 03:55:48,488 50814 INFO odoo18 odoo.addons.base.models.ir_cron: Job 'Partner Autocomplete: Sync with remote DB' (13) done in 0.007s 
2026-07-12 03:55:48,495 50814 INFO odoo18 odoo.addons.base.models.ir_cron: Job 'Partner Autocomplete: Sync with remote DB' (13) processed 0 records, 0 records remaining 
2026-07-12 03:55:48,504 50814 INFO odoo18 odoo.addons.base.models.ir_cron: Job 'Partner Autocomplete: Sync with remote DB' (13) completed 
2026-07-12 04:38:30,969 50814 INFO odoo18 odoo.addons.base.models.ir_cron: Job 'Notification: Notify scheduled messages' (8) starting 
2026-07-12 04:38:30,980 50814 INFO odoo18 odoo.addons.base.models.ir_cron: Job 'Notification: Notify scheduled messages' (8) done in 0.011s 
2026-07-12 04:38:30,985 50814 INFO odoo18 odoo.addons.base.models.ir_cron: Job 'Notification: Notify scheduled messages' (8) processed 0 records, 0 records remaining 
2026-07-12 04:38:30,995 50814 INFO odoo18 odoo.addons.base.models.ir_cron: Job 'Notification: Notify scheduled messages' (8) completed 
2026-07-12 04:38:31,008 50814 INFO odoo18 odoo.addons.base.models.ir_cron: Job 'SMS: SMS Queue Manager' (14) starting 
2026-07-12 04:38:31,014 50814 INFO odoo18 odoo.addons.base.models.ir_cron: Job 'SMS: SMS Queue Manager' (14) done in 0.006s 
2026-07-12 04:38:31,018 50814 INFO odoo18 odoo.addons.base.models.ir_cron: Job 'SMS: SMS Queue Manager' (14) processed 0 records, 0 records remaining 
2026-07-12 04:38:31,023 50814 INFO odoo18 odoo.addons.base.models.ir_cron: Job 'SMS: SMS Queue Manager' (14) completed 
2026-07-12 04:38:31,031 50814 INFO odoo18 odoo.addons.base.models.ir_cron: Job 'Snailmail: process letters queue' (15) starting 
2026-07-12 04:38:31,040 50814 INFO odoo18 odoo.addons.base.models.ir_cron: Job 'Snailmail: process letters queue' (15) done in 0.009s 
2026-07-12 04:38:31,043 50814 INFO odoo18 odoo.addons.base.models.ir_cron: Job 'Snailmail: process letters queue' (15) processed 0 records, 0 records remaining 
2026-07-12 04:38:31,049 50814 INFO odoo18 odoo.addons.base.models.ir_cron: Job 'Snailmail: process letters queue' (15) completed 
2026-07-12 04:38:31,059 50814 INFO odoo18 odoo.addons.base.models.ir_cron: Job 'Mail: Email Queue Manager' (3) starting 
2026-07-12 04:38:31,068 50814 INFO odoo18 odoo.addons.base.models.ir_cron: Job 'Mail: Email Queue Manager' (3) done in 0.009s 
2026-07-12 04:38:31,072 50814 INFO odoo18 odoo.addons.base.models.ir_cron: Job 'Mail: Email Queue Manager' (3) processed 0 records, 0 records remaining 
2026-07-12 04:38:31,079 50814 INFO odoo18 odoo.addons.base.models.ir_cron: Job 'Mail: Email Queue Manager' (3) completed 
2026-07-12 04:38:31,089 50814 INFO odoo18 odoo.addons.base.models.ir_cron: Job 'Partner Autocomplete: Sync with remote DB' (13) starting 
2026-07-12 04:38:31,092 50814 INFO odoo18 odoo.addons.base.models.ir_cron: Job 'Partner Autocomplete: Sync with remote DB' (13) done in 0.003s 
2026-07-12 04:38:31,095 50814 INFO odoo18 odoo.addons.base.models.ir_cron: Job 'Partner Autocomplete: Sync with remote DB' (13) processed 0 records, 0 records remaining 
2026-07-12 04:38:31,103 50814 INFO odoo18 odoo.addons.base.models.ir_cron: Job 'Partner Autocomplete: Sync with remote DB' (13) completed 
2026-07-12 05:05:06,788 50814 INFO odoo18 odoo.addons.base.models.ir_cron: Job 'CRM: enrich leads (IAP)' (26) starting 
2026-07-12 05:05:06,799 50814 INFO odoo18 odoo.addons.base.models.ir_cron: Job 'CRM: enrich leads (IAP)' (26) done in 0.011s 
2026-07-12 05:05:06,802 50814 INFO odoo18 odoo.addons.base.models.ir_cron: Job 'CRM: enrich leads (IAP)' (26) processed 0 records, 0 records remaining 
2026-07-12 05:05:06,812 50814 INFO odoo18 odoo.addons.base.models.ir_cron: Job 'CRM: enrich leads (IAP)' (26) completed 
2026-07-12 06:22:24,307 50814 INFO odoo18 odoo.addons.base.models.ir_cron: Job 'Notification: Notify scheduled messages' (8) starting 
2026-07-12 06:22:24,320 50814 INFO odoo18 odoo.addons.base.models.ir_cron: Job 'Notification: Notify scheduled messages' (8) done in 0.009s 
2026-07-12 06:22:24,323 50814 INFO odoo18 odoo.addons.base.models.ir_cron: Job 'Notification: Notify scheduled messages' (8) processed 0 records, 0 records remaining 
2026-07-12 06:22:24,335 50814 INFO odoo18 odoo.addons.base.models.ir_cron: Job 'Notification: Notify scheduled messages' (8) completed 
2026-07-12 06:22:24,353 50814 INFO odoo18 odoo.addons.base.models.ir_cron: Job 'SMS: SMS Queue Manager' (14) starting 
2026-07-12 06:22:24,367 50814 INFO odoo18 odoo.addons.base.models.ir_cron: Job 'SMS: SMS Queue Manager' (14) done in 0.014s 
2026-07-12 06:22:24,372 50814 INFO odoo18 odoo.addons.base.models.ir_cron: Job 'SMS: SMS Queue Manager' (14) processed 0 records, 0 records remaining 
2026-07-12 06:22:24,383 50814 INFO odoo18 odoo.addons.base.models.ir_cron: Job 'SMS: SMS Queue Manager' (14) completed 
2026-07-12 06:22:24,398 50814 INFO odoo18 odoo.addons.base.models.ir_cron: Job 'Snailmail: process letters queue' (15) starting 
2026-07-12 06:22:24,410 50814 INFO odoo18 odoo.addons.base.models.ir_cron: Job 'Snailmail: process letters queue' (15) done in 0.012s 
2026-07-12 06:22:24,418 50814 INFO odoo18 odoo.addons.base.models.ir_cron: Job 'Snailmail: process letters queue' (15) processed 0 records, 0 records remaining 
2026-07-12 06:22:24,429 50814 INFO odoo18 odoo.addons.base.models.ir_cron: Job 'Snailmail: process letters queue' (15) completed 
2026-07-12 06:22:24,446 50814 INFO odoo18 odoo.addons.base.models.ir_cron: Job 'CRM: enrich leads (IAP)' (26) starting 
2026-07-12 06:22:24,464 50814 INFO odoo18 odoo.addons.base.models.ir_cron: Job 'CRM: enrich leads (IAP)' (26) done in 0.017s 
2026-07-12 06:22:24,471 50814 INFO odoo18 odoo.addons.base.models.ir_cron: Job 'CRM: enrich leads (IAP)' (26) processed 0 records, 0 records remaining 
2026-07-12 06:22:24,483 50814 INFO odoo18 odoo.addons.base.models.ir_cron: Job 'CRM: enrich leads (IAP)' (26) completed 
2026-07-12 06:22:24,505 50814 INFO odoo18 odoo.addons.base.models.ir_cron: Job 'Mail: Email Queue Manager' (3) starting 
2026-07-12 06:22:24,521 50814 INFO odoo18 odoo.addons.base.models.ir_cron: Job 'Mail: Email Queue Manager' (3) done in 0.016s 
2026-07-12 06:22:24,526 50814 INFO odoo18 odoo.addons.base.models.ir_cron: Job 'Mail: Email Queue Manager' (3) processed 0 records, 0 records remaining 
2026-07-12 06:22:24,534 50814 INFO odoo18 odoo.addons.base.models.ir_cron: Job 'Mail: Email Queue Manager' (3) completed 
2026-07-12 06:22:24,546 50814 INFO odoo18 odoo.addons.base.models.ir_cron: Job 'Partner Autocomplete: Sync with remote DB' (13) starting 
2026-07-12 06:22:24,552 50814 INFO odoo18 odoo.addons.base.models.ir_cron: Job 'Partner Autocomplete: Sync with remote DB' (13) done in 0.005s 
2026-07-12 06:22:24,557 50814 INFO odoo18 odoo.addons.base.models.ir_cron: Job 'Partner Autocomplete: Sync with remote DB' (13) processed 0 records, 0 records remaining 
2026-07-12 06:22:24,565 50814 INFO odoo18 odoo.addons.base.models.ir_cron: Job 'Partner Autocomplete: Sync with remote DB' (13) completed 
2026-07-12 06:38:51,433 50814 INFO odoo18 odoo.addons.base.models.ir_cron: Job 'Base: Auto-vacuum internal data' (1) starting 
2026-07-12 06:38:51,527 50814 INFO odoo18 odoo.addons.base.models.ir_attachment: filestore gc 0 checked, 0 removed 
2026-07-12 06:38:51,568 50814 INFO odoo18 odoo.addons.base.models.res_users: GC'd 0 user log entries 
2026-07-12 06:38:51,579 50814 INFO odoo18 odoo.addons.base.models.res_users: GC 'res.users.apikeys' delete 0 entries 
2026-07-12 06:38:51,587 50814 INFO odoo18 odoo.addons.base.models.res_device: GC device logs delete 0 entries 
2026-07-12 06:38:51,588 50814 INFO odoo18 odoo.addons.base.models.res_device: GC device logs delete 0 entries 
2026-07-12 06:38:51,611 50814 INFO odoo18 odoo.addons.base.models.res_users: GC 'auth_totp.device' delete 0 entries 
2026-07-12 06:38:51,632 50814 INFO odoo18 odoo.models.unlink: User #1 deleted bus.bus records with IDs: [77, 78, 79, 80, 81, 82] 
2026-07-12 06:38:51,768 50814 INFO odoo18 odoo.addons.sms.models.sms_sms: GC'd 0 sms marked for deletion 
2026-07-12 06:38:51,878 50814 INFO odoo18 odoo.addons.base.models.ir_cron: Job 'Base: Auto-vacuum internal data' (1) done in 0.445s 
2026-07-12 06:38:51,881 50814 INFO odoo18 odoo.addons.base.models.ir_cron: Job 'Base: Auto-vacuum internal data' (1) processed 0 records, 0 records remaining 
2026-07-12 06:38:51,896 50814 INFO odoo18 odoo.addons.base.models.ir_cron: Job 'Base: Auto-vacuum internal data' (1) completed 
2026-07-12 06:38:51,905 50814 INFO odoo18 odoo.addons.base.models.ir_cron: Job 'Notification: Delete Notifications older than 6 Month' (5) starting 
2026-07-12 06:38:51,921 50814 INFO odoo18 odoo.addons.base.models.ir_cron: Job 'Notification: Delete Notifications older than 6 Month' (5) done in 0.016s 
2026-07-12 06:38:51,923 50814 INFO odoo18 odoo.addons.base.models.ir_cron: Job 'Notification: Delete Notifications older than 6 Month' (5) processed 0 records, 0 records remaining 
2026-07-12 06:38:51,925 50814 INFO odoo18 odoo.addons.base.models.ir_cron: Job 'Notification: Delete Notifications older than 6 Month' (5) completed 
2026-07-12 06:38:51,932 50814 INFO odoo18 odoo.addons.base.models.ir_cron: Job 'Mail: Post scheduled messages' (7) starting 
2026-07-12 06:38:51,936 50814 INFO odoo18 odoo.addons.mail.models.mail_scheduled_message: Posting 0 scheduled messages 
2026-07-12 06:38:51,936 50814 INFO odoo18 odoo.addons.base.models.ir_cron: Job 'Mail: Post scheduled messages' (7) done in 0.004s 
2026-07-12 06:38:51,938 50814 INFO odoo18 odoo.addons.base.models.ir_cron: Job 'Mail: Post scheduled messages' (7) processed 0 records, 0 records remaining 
2026-07-12 06:38:51,941 50814 INFO odoo18 odoo.addons.base.models.ir_cron: Job 'Mail: Post scheduled messages' (7) completed 
2026-07-12 06:38:51,946 50814 INFO odoo18 odoo.addons.base.models.ir_cron: Job 'Notification: Notify scheduled messages' (8) starting 
2026-07-12 06:38:51,949 50814 INFO odoo18 odoo.addons.base.models.ir_cron: Job 'Notification: Notify scheduled messages' (8) done in 0.003s 
2026-07-12 06:38:51,950 50814 INFO odoo18 odoo.addons.base.models.ir_cron: Job 'Notification: Notify scheduled messages' (8) processed 0 records, 0 records remaining 
2026-07-12 06:38:51,953 50814 INFO odoo18 odoo.addons.base.models.ir_cron: Job 'Notification: Notify scheduled messages' (8) completed 
2026-07-12 06:38:51,958 50814 INFO odoo18 odoo.addons.base.models.ir_cron: Job 'Mail: send web push notification' (9) starting 
2026-07-12 06:38:51,962 50814 INFO odoo18 odoo.addons.base.models.ir_cron: Job 'Mail: send web push notification' (9) done in 0.003s 
2026-07-12 06:38:51,964 50814 INFO odoo18 odoo.addons.base.models.ir_cron: Job 'Mail: send web push notification' (9) processed 0 records, 0 records remaining 
2026-07-12 06:38:51,967 50814 INFO odoo18 odoo.addons.base.models.ir_cron: Job 'Mail: send web push notification' (9) completed 
2026-07-12 06:38:51,975 50814 INFO odoo18 odoo.addons.base.models.ir_cron: Job 'Discuss: channel member unmute' (10) starting 
2026-07-12 06:38:51,979 50814 INFO odoo18 odoo.addons.base.models.ir_cron: Job 'Discuss: channel member unmute' (10) done in 0.004s 
2026-07-12 06:38:51,982 50814 INFO odoo18 odoo.addons.base.models.ir_cron: Job 'Discuss: channel member unmute' (10) processed 0 records, 0 records remaining 
2026-07-12 06:38:51,985 50814 INFO odoo18 odoo.addons.base.models.ir_cron: Job 'Discuss: channel member unmute' (10) completed 
2026-07-12 06:38:51,990 50814 INFO odoo18 odoo.addons.base.models.ir_cron: Job 'Discuss: users settings unmute' (11) starting 
2026-07-12 06:38:51,993 50814 INFO odoo18 odoo.addons.base.models.ir_cron: Job 'Discuss: users settings unmute' (11) done in 0.003s 
2026-07-12 06:38:51,995 50814 INFO odoo18 odoo.addons.base.models.ir_cron: Job 'Discuss: users settings unmute' (11) processed 0 records, 0 records remaining 
2026-07-12 06:38:51,999 50814 INFO odoo18 odoo.addons.base.models.ir_cron: Job 'Discuss: users settings unmute' (11) completed 
2026-07-12 06:38:52,004 50814 INFO odoo18 odoo.addons.base.models.ir_cron: Job 'SMS: SMS Queue Manager' (14) starting 
2026-07-12 06:38:52,007 50814 INFO odoo18 odoo.addons.base.models.ir_cron: Job 'SMS: SMS Queue Manager' (14) done in 0.003s 
2026-07-12 06:38:52,008 50814 INFO odoo18 odoo.addons.base.models.ir_cron: Job 'SMS: SMS Queue Manager' (14) processed 0 records, 0 records remaining 
2026-07-12 06:38:52,012 50814 INFO odoo18 odoo.addons.base.models.ir_cron: Job 'SMS: SMS Queue Manager' (14) completed 
2026-07-12 06:38:52,017 50814 INFO odoo18 odoo.addons.base.models.ir_cron: Job 'Snailmail: process letters queue' (15) starting 
2026-07-12 06:38:52,020 50814 INFO odoo18 odoo.addons.base.models.ir_cron: Job 'Snailmail: process letters queue' (15) done in 0.003s 
2026-07-12 06:38:52,022 50814 INFO odoo18 odoo.addons.base.models.ir_cron: Job 'Snailmail: process letters queue' (15) processed 0 records, 0 records remaining 
2026-07-12 06:38:52,025 50814 INFO odoo18 odoo.addons.base.models.ir_cron: Job 'Snailmail: process letters queue' (15) completed 
2026-07-12 06:38:52,030 50814 INFO odoo18 odoo.addons.base.models.ir_cron: Job 'Send invoices automatically' (19) starting 
2026-07-12 06:38:52,040 50814 INFO odoo18 odoo.addons.base.models.ir_cron: Job 'Send invoices automatically' (19) done in 0.009s 
2026-07-12 06:38:52,042 50814 INFO odoo18 odoo.addons.base.models.ir_cron: Job 'Send invoices automatically' (19) processed 0 records, 0 records remaining 
2026-07-12 06:38:52,046 50814 INFO odoo18 odoo.addons.base.models.ir_cron: Job 'Send invoices automatically' (19) completed 
2026-07-12 06:38:52,051 50814 INFO odoo18 odoo.addons.base.models.ir_cron: Job 'Sales: Send pending emails' (21) starting 
2026-07-12 06:38:52,060 50814 INFO odoo18 odoo.addons.base.models.ir_cron: Job 'Sales: Send pending emails' (21) done in 0.009s 
2026-07-12 06:38:52,063 50814 INFO odoo18 odoo.addons.base.models.ir_cron: Job 'Sales: Send pending emails' (21) processed 0 records, 0 records remaining 
2026-07-12 06:38:52,068 50814 INFO odoo18 odoo.addons.base.models.ir_cron: Job 'Sales: Send pending emails' (21) completed 
2026-07-12 06:38:52,075 50814 INFO odoo18 odoo.addons.base.models.ir_cron: Job 'Mail: Email Queue Manager' (3) starting 
2026-07-12 06:38:52,082 50814 INFO odoo18 odoo.addons.base.models.ir_cron: Job 'Mail: Email Queue Manager' (3) done in 0.007s 
2026-07-12 06:38:52,085 50814 INFO odoo18 odoo.addons.base.models.ir_cron: Job 'Mail: Email Queue Manager' (3) processed 0 records, 0 records remaining 
2026-07-12 06:38:52,089 50814 INFO odoo18 odoo.addons.base.models.ir_cron: Job 'Mail: Email Queue Manager' (3) completed 
2026-07-12 06:38:52,093 50814 INFO odoo18 odoo.addons.base.models.ir_cron: Job 'Users: Notify About Unregistered Users' (12) starting 
2026-07-12 06:38:52,101 50814 INFO odoo18 odoo.addons.base.models.ir_cron: Job 'Users: Notify About Unregistered Users' (12) done in 0.007s 
2026-07-12 06:38:52,103 50814 INFO odoo18 odoo.addons.base.models.ir_cron: Job 'Users: Notify About Unregistered Users' (12) processed 0 records, 0 records remaining 
2026-07-12 06:38:52,107 50814 INFO odoo18 odoo.addons.base.models.ir_cron: Job 'Users: Notify About Unregistered Users' (12) completed 
2026-07-12 06:38:52,118 50814 INFO odoo18 odoo.addons.base.models.ir_cron: Job 'Partner Autocomplete: Sync with remote DB' (13) starting 
2026-07-12 06:38:52,124 50814 INFO odoo18 odoo.addons.base.models.ir_cron: Job 'Partner Autocomplete: Sync with remote DB' (13) done in 0.006s 
2026-07-12 06:38:52,127 50814 INFO odoo18 odoo.addons.base.models.ir_cron: Job 'Partner Autocomplete: Sync with remote DB' (13) processed 0 records, 0 records remaining 
2026-07-12 06:38:52,133 50814 INFO odoo18 odoo.addons.base.models.ir_cron: Job 'Partner Autocomplete: Sync with remote DB' (13) completed 
2026-07-12 06:38:52,141 50814 INFO odoo18 odoo.addons.base.models.ir_cron: Job 'Base: Portal Users Deletion' (2) starting 
2026-07-12 06:38:52,149 50814 INFO odoo18 odoo.addons.base.models.ir_cron: Job 'Base: Portal Users Deletion' (2) done in 0.008s 
2026-07-12 06:38:52,152 50814 INFO odoo18 odoo.addons.base.models.ir_cron: Job 'Base: Portal Users Deletion' (2) processed 0 records, 0 records remaining 
2026-07-12 06:38:52,158 50814 INFO odoo18 odoo.addons.base.models.ir_cron: Job 'Base: Portal Users Deletion' (2) completed 
2026-07-12 06:55:09,562 50814 INFO odoo18 odoo.addons.base.models.ir_cron: Job 'CRM: enrich leads (IAP)' (26) starting 
2026-07-12 06:55:09,575 50814 INFO odoo18 odoo.addons.base.models.ir_cron: Job 'CRM: enrich leads (IAP)' (26) done in 0.013s 
2026-07-12 06:55:09,579 50814 INFO odoo18 odoo.addons.base.models.ir_cron: Job 'CRM: enrich leads (IAP)' (26) processed 0 records, 0 records remaining 
2026-07-12 06:55:09,596 50814 INFO odoo18 odoo.addons.base.models.ir_cron: Job 'CRM: enrich leads (IAP)' (26) completed 
2026-07-12 07:38:38,316 50814 INFO odoo18 odoo.addons.base.models.ir_cron: Job 'Notification: Notify scheduled messages' (8) starting 
2026-07-12 07:38:38,333 50814 INFO odoo18 odoo.addons.base.models.ir_cron: Job 'Notification: Notify scheduled messages' (8) done in 0.017s 
2026-07-12 07:38:38,341 50814 INFO odoo18 odoo.addons.base.models.ir_cron: Job 'Notification: Notify scheduled messages' (8) processed 0 records, 0 records remaining 
2026-07-12 07:38:38,368 50814 INFO odoo18 odoo.addons.base.models.ir_cron: Job 'Notification: Notify scheduled messages' (8) completed 
2026-07-12 07:38:38,388 50814 INFO odoo18 odoo.addons.base.models.ir_cron: Job 'SMS: SMS Queue Manager' (14) starting 
2026-07-12 07:38:38,399 50814 INFO odoo18 odoo.addons.base.models.ir_cron: Job 'SMS: SMS Queue Manager' (14) done in 0.011s 
2026-07-12 07:38:38,406 50814 INFO odoo18 odoo.addons.base.models.ir_cron: Job 'SMS: SMS Queue Manager' (14) processed 0 records, 0 records remaining 
2026-07-12 07:38:38,416 50814 INFO odoo18 odoo.addons.base.models.ir_cron: Job 'SMS: SMS Queue Manager' (14) completed 
2026-07-12 07:38:38,435 50814 INFO odoo18 odoo.addons.base.models.ir_cron: Job 'Snailmail: process letters queue' (15) starting 
2026-07-12 07:38:38,446 50814 INFO odoo18 odoo.addons.base.models.ir_cron: Job 'Snailmail: process letters queue' (15) done in 0.011s 
2026-07-12 07:38:38,453 50814 INFO odoo18 odoo.addons.base.models.ir_cron: Job 'Snailmail: process letters queue' (15) processed 0 records, 0 records remaining 
2026-07-12 07:38:38,463 50814 INFO odoo18 odoo.addons.base.models.ir_cron: Job 'Snailmail: process letters queue' (15) completed 
2026-07-12 07:38:38,480 50814 INFO odoo18 odoo.addons.base.models.ir_cron: Job 'Mail: Email Queue Manager' (3) starting 
2026-07-12 07:38:38,493 50814 INFO odoo18 odoo.addons.base.models.ir_cron: Job 'Mail: Email Queue Manager' (3) done in 0.013s 
2026-07-12 07:38:38,500 50814 INFO odoo18 odoo.addons.base.models.ir_cron: Job 'Mail: Email Queue Manager' (3) processed 0 records, 0 records remaining 
2026-07-12 07:38:38,511 50814 INFO odoo18 odoo.addons.base.models.ir_cron: Job 'Mail: Email Queue Manager' (3) completed 
2026-07-12 07:38:38,530 50814 INFO odoo18 odoo.addons.base.models.ir_cron: Job 'Partner Autocomplete: Sync with remote DB' (13) starting 
2026-07-12 07:38:38,537 50814 INFO odoo18 odoo.addons.base.models.ir_cron: Job 'Partner Autocomplete: Sync with remote DB' (13) done in 0.007s 
2026-07-12 07:38:38,545 50814 INFO odoo18 odoo.addons.base.models.ir_cron: Job 'Partner Autocomplete: Sync with remote DB' (13) processed 0 records, 0 records remaining 
2026-07-12 07:38:38,555 50814 INFO odoo18 odoo.addons.base.models.ir_cron: Job 'Partner Autocomplete: Sync with remote DB' (13) completed 
2026-07-12 07:56:48,603 50814 INFO odoo18 odoo.addons.base.models.ir_cron: Job 'CRM: enrich leads (IAP)' (26) starting 
2026-07-12 07:56:48,625 50814 INFO odoo18 odoo.addons.base.models.ir_cron: Job 'CRM: enrich leads (IAP)' (26) done in 0.022s 
2026-07-12 07:56:48,631 50814 INFO odoo18 odoo.addons.base.models.ir_cron: Job 'CRM: enrich leads (IAP)' (26) processed 0 records, 0 records remaining 
2026-07-12 07:56:48,652 50814 INFO odoo18 odoo.addons.base.models.ir_cron: Job 'CRM: enrich leads (IAP)' (26) completed 
2026-07-12 09:00:26,629 50814 INFO odoo18 odoo.addons.base.models.ir_cron: Job 'Notification: Notify scheduled messages' (8) starting 
2026-07-12 09:00:26,649 50814 INFO odoo18 odoo.addons.base.models.ir_cron: Job 'Notification: Notify scheduled messages' (8) done in 0.020s 
2026-07-12 09:00:26,660 50814 INFO odoo18 odoo.addons.base.models.ir_cron: Job 'Notification: Notify scheduled messages' (8) processed 0 records, 0 records remaining 
2026-07-12 09:00:26,684 50814 INFO odoo18 odoo.addons.base.models.ir_cron: Job 'Notification: Notify scheduled messages' (8) completed 
2026-07-12 09:00:26,707 50814 INFO odoo18 odoo.addons.base.models.ir_cron: Job 'SMS: SMS Queue Manager' (14) starting 
2026-07-12 09:00:26,719 50814 INFO odoo18 odoo.addons.base.models.ir_cron: Job 'SMS: SMS Queue Manager' (14) done in 0.012s 
2026-07-12 09:00:26,725 50814 INFO odoo18 odoo.addons.base.models.ir_cron: Job 'SMS: SMS Queue Manager' (14) processed 0 records, 0 records remaining 
2026-07-12 09:00:26,733 50814 INFO odoo18 odoo.addons.base.models.ir_cron: Job 'SMS: SMS Queue Manager' (14) completed 
2026-07-12 09:00:26,747 50814 INFO odoo18 odoo.addons.base.models.ir_cron: Job 'Snailmail: process letters queue' (15) starting 
2026-07-12 09:00:26,758 50814 INFO odoo18 odoo.addons.base.models.ir_cron: Job 'Snailmail: process letters queue' (15) done in 0.010s 
2026-07-12 09:00:26,765 50814 INFO odoo18 odoo.addons.base.models.ir_cron: Job 'Snailmail: process letters queue' (15) processed 0 records, 0 records remaining 
2026-07-12 09:00:26,774 50814 INFO odoo18 odoo.addons.base.models.ir_cron: Job 'Snailmail: process letters queue' (15) completed 
2026-07-12 09:00:26,788 50814 INFO odoo18 odoo.addons.base.models.ir_cron: Job 'Digest Emails' (16) starting 
2026-07-12 09:00:26,794 50814 INFO odoo18 odoo.addons.base.models.ir_cron: Job 'Digest Emails' (16) done in 0.006s 
2026-07-12 09:00:26,799 50814 INFO odoo18 odoo.addons.base.models.ir_cron: Job 'Digest Emails' (16) processed 0 records, 0 records remaining 
2026-07-12 09:00:26,808 50814 INFO odoo18 odoo.addons.base.models.ir_cron: Job 'Digest Emails' (16) completed 
2026-07-12 09:00:26,823 50814 INFO odoo18 odoo.addons.base.models.ir_cron: Job 'Calendar: Event Reminder' (23) starting 
2026-07-12 09:00:26,836 50814 INFO odoo18 odoo.addons.base.models.ir_cron: Job 'Calendar: Event Reminder' (23) done in 0.013s 
2026-07-12 09:00:26,839 50814 INFO odoo18 odoo.addons.base.models.ir_cron: Job 'Calendar: Event Reminder' (23) processed 0 records, 0 records remaining 
2026-07-12 09:00:26,844 50814 INFO odoo18 odoo.addons.base.models.ir_cron: Job 'Calendar: Event Reminder' (23) completed 
2026-07-12 09:00:26,861 50814 INFO odoo18 odoo.addons.base.models.ir_cron: Job 'CRM: enrich leads (IAP)' (26) starting 
2026-07-12 09:00:26,877 50814 INFO odoo18 odoo.addons.base.models.ir_cron: Job 'CRM: enrich leads (IAP)' (26) done in 0.015s 
2026-07-12 09:00:26,881 50814 INFO odoo18 odoo.addons.base.models.ir_cron: Job 'CRM: enrich leads (IAP)' (26) processed 0 records, 0 records remaining 
2026-07-12 09:00:26,889 50814 INFO odoo18 odoo.addons.base.models.ir_cron: Job 'CRM: enrich leads (IAP)' (26) completed 
2026-07-12 09:00:26,902 50814 INFO odoo18 odoo.addons.base.models.ir_cron: Job 'Mail: Email Queue Manager' (3) starting 
2026-07-12 09:00:26,918 50814 INFO odoo18 odoo.addons.base.models.ir_cron: Job 'Mail: Email Queue Manager' (3) done in 0.016s 
2026-07-12 09:00:26,924 50814 INFO odoo18 odoo.addons.base.models.ir_cron: Job 'Mail: Email Queue Manager' (3) processed 0 records, 0 records remaining 
2026-07-12 09:00:26,932 50814 INFO odoo18 odoo.addons.base.models.ir_cron: Job 'Mail: Email Queue Manager' (3) completed 
2026-07-12 09:00:26,941 50814 INFO odoo18 odoo.addons.base.models.ir_cron: Job 'Partner Autocomplete: Sync with remote DB' (13) starting 
2026-07-12 09:00:26,947 50814 INFO odoo18 odoo.addons.base.models.ir_cron: Job 'Partner Autocomplete: Sync with remote DB' (13) done in 0.006s 
2026-07-12 09:00:26,953 50814 INFO odoo18 odoo.addons.base.models.ir_cron: Job 'Partner Autocomplete: Sync with remote DB' (13) processed 0 records, 0 records remaining 
2026-07-12 09:00:26,960 50814 INFO odoo18 odoo.addons.base.models.ir_cron: Job 'Partner Autocomplete: Sync with remote DB' (13) completed 
2026-07-12 09:33:13,282 50814 INFO odoo18 odoo.addons.base.models.ir_cron: Job 'Notification: Notify scheduled messages' (8) starting 
2026-07-12 09:33:13,299 50814 INFO odoo18 odoo.addons.base.models.ir_cron: Job 'Notification: Notify scheduled messages' (8) done in 0.016s 
2026-07-12 09:33:13,306 50814 INFO odoo18 odoo.addons.base.models.ir_cron: Job 'Notification: Notify scheduled messages' (8) processed 0 records, 0 records remaining 
2026-07-12 09:33:13,314 50814 INFO odoo18 odoo.addons.base.models.ir_cron: Job 'Notification: Notify scheduled messages' (8) completed 
2026-07-12 09:33:13,330 50814 INFO odoo18 odoo.addons.base.models.ir_cron: Job 'SMS: SMS Queue Manager' (14) starting 
2026-07-12 09:33:13,342 50814 INFO odoo18 odoo.addons.base.models.ir_cron: Job 'SMS: SMS Queue Manager' (14) done in 0.011s 
2026-07-12 09:33:13,347 50814 INFO odoo18 odoo.addons.base.models.ir_cron: Job 'SMS: SMS Queue Manager' (14) processed 0 records, 0 records remaining 
2026-07-12 09:33:13,356 50814 INFO odoo18 odoo.addons.base.models.ir_cron: Job 'SMS: SMS Queue Manager' (14) completed 
2026-07-12 09:33:13,372 50814 INFO odoo18 odoo.addons.base.models.ir_cron: Job 'Snailmail: process letters queue' (15) starting 
2026-07-12 09:33:13,382 50814 INFO odoo18 odoo.addons.base.models.ir_cron: Job 'Snailmail: process letters queue' (15) done in 0.010s 
2026-07-12 09:33:13,389 50814 INFO odoo18 odoo.addons.base.models.ir_cron: Job 'Snailmail: process letters queue' (15) processed 0 records, 0 records remaining 
2026-07-12 09:33:13,397 50814 INFO odoo18 odoo.addons.base.models.ir_cron: Job 'Snailmail: process letters queue' (15) completed 
2026-07-12 09:33:13,414 50814 INFO odoo18 odoo.addons.base.models.ir_cron: Job 'Mail: Email Queue Manager' (3) starting 
2026-07-12 09:33:13,429 50814 INFO odoo18 odoo.addons.base.models.ir_cron: Job 'Mail: Email Queue Manager' (3) done in 0.014s 
2026-07-12 09:33:13,435 50814 INFO odoo18 odoo.addons.base.models.ir_cron: Job 'Mail: Email Queue Manager' (3) processed 0 records, 0 records remaining 
2026-07-12 09:33:13,444 50814 INFO odoo18 odoo.addons.base.models.ir_cron: Job 'Mail: Email Queue Manager' (3) completed 
2026-07-12 09:33:13,459 50814 INFO odoo18 odoo.addons.base.models.ir_cron: Job 'Partner Autocomplete: Sync with remote DB' (13) starting 
2026-07-12 09:33:13,466 50814 INFO odoo18 odoo.addons.base.models.ir_cron: Job 'Partner Autocomplete: Sync with remote DB' (13) done in 0.007s 
2026-07-12 09:33:13,472 50814 INFO odoo18 odoo.addons.base.models.ir_cron: Job 'Partner Autocomplete: Sync with remote DB' (13) processed 0 records, 0 records remaining 
2026-07-12 09:33:13,480 50814 INFO odoo18 odoo.addons.base.models.ir_cron: Job 'Partner Autocomplete: Sync with remote DB' (13) completed 
2026-07-12 09:46:37,052 50814 INFO odoo18 odoo.addons.base.models.ir_cron: Job 'CRM: enrich leads (IAP)' (26) starting 
2026-07-12 09:46:37,067 50814 INFO odoo18 odoo.addons.base.models.ir_cron: Job 'CRM: enrich leads (IAP)' (26) done in 0.015s 
2026-07-12 09:46:37,071 50814 INFO odoo18 odoo.addons.base.models.ir_cron: Job 'CRM: enrich leads (IAP)' (26) processed 0 records, 0 records remaining 
2026-07-12 09:46:37,079 50814 INFO odoo18 odoo.addons.base.models.ir_cron: Job 'CRM: enrich leads (IAP)' (26) completed 
2026-07-12 10:33:14,060 50814 INFO odoo18 odoo.addons.base.models.ir_cron: Job 'Notification: Notify scheduled messages' (8) starting 
2026-07-12 10:33:14,084 50814 INFO odoo18 odoo.addons.base.models.ir_cron: Job 'Notification: Notify scheduled messages' (8) done in 0.022s 
2026-07-12 10:33:14,093 50814 INFO odoo18 odoo.addons.base.models.ir_cron: Job 'Notification: Notify scheduled messages' (8) processed 0 records, 0 records remaining 
2026-07-12 10:33:14,105 50814 INFO odoo18 odoo.addons.base.models.ir_cron: Job 'Notification: Notify scheduled messages' (8) completed 
2026-07-12 10:33:14,133 50814 INFO odoo18 odoo.addons.base.models.ir_cron: Job 'SMS: SMS Queue Manager' (14) starting 
2026-07-12 10:33:14,143 50814 INFO odoo18 odoo.addons.base.models.ir_cron: Job 'SMS: SMS Queue Manager' (14) done in 0.010s 
2026-07-12 10:33:14,148 50814 INFO odoo18 odoo.addons.base.models.ir_cron: Job 'SMS: SMS Queue Manager' (14) processed 0 records, 0 records remaining 
2026-07-12 10:33:14,157 50814 INFO odoo18 odoo.addons.base.models.ir_cron: Job 'SMS: SMS Queue Manager' (14) completed 
2026-07-12 10:33:14,178 50814 INFO odoo18 odoo.addons.base.models.ir_cron: Job 'Snailmail: process letters queue' (15) starting 
2026-07-12 10:33:14,191 50814 INFO odoo18 odoo.addons.base.models.ir_cron: Job 'Snailmail: process letters queue' (15) done in 0.012s 
2026-07-12 10:33:14,200 50814 INFO odoo18 odoo.addons.base.models.ir_cron: Job 'Snailmail: process letters queue' (15) processed 0 records, 0 records remaining 
2026-07-12 10:33:14,209 50814 INFO odoo18 odoo.addons.base.models.ir_cron: Job 'Snailmail: process letters queue' (15) completed 
2026-07-12 10:33:14,225 50814 INFO odoo18 odoo.addons.base.models.ir_cron: Job 'Mail: Email Queue Manager' (3) starting 
2026-07-12 10:33:14,240 50814 INFO odoo18 odoo.addons.base.models.ir_cron: Job 'Mail: Email Queue Manager' (3) done in 0.014s 
2026-07-12 10:33:14,245 50814 INFO odoo18 odoo.addons.base.models.ir_cron: Job 'Mail: Email Queue Manager' (3) processed 0 records, 0 records remaining 
2026-07-12 10:33:14,251 50814 INFO odoo18 odoo.addons.base.models.ir_cron: Job 'Mail: Email Queue Manager' (3) completed 
2026-07-12 10:33:14,273 50814 INFO odoo18 odoo.addons.base.models.ir_cron: Job 'Partner Autocomplete: Sync with remote DB' (13) starting 
2026-07-12 10:33:14,282 50814 INFO odoo18 odoo.addons.base.models.ir_cron: Job 'Partner Autocomplete: Sync with remote DB' (13) done in 0.008s 
2026-07-12 10:33:14,289 50814 INFO odoo18 odoo.addons.base.models.ir_cron: Job 'Partner Autocomplete: Sync with remote DB' (13) processed 0 records, 0 records remaining 
2026-07-12 10:33:14,297 50814 INFO odoo18 odoo.addons.base.models.ir_cron: Job 'Partner Autocomplete: Sync with remote DB' (13) completed 
2026-07-12 10:46:37,320 50814 INFO odoo18 odoo.addons.base.models.ir_cron: Job 'CRM: enrich leads (IAP)' (26) starting 
2026-07-12 10:46:37,355 50814 INFO odoo18 odoo.addons.base.models.ir_cron: Job 'CRM: enrich leads (IAP)' (26) done in 0.034s 
2026-07-12 10:46:37,364 50814 INFO odoo18 odoo.addons.base.models.ir_cron: Job 'CRM: enrich leads (IAP)' (26) processed 0 records, 0 records remaining 
2026-07-12 10:46:37,378 50814 INFO odoo18 odoo.addons.base.models.ir_cron: Job 'CRM: enrich leads (IAP)' (26) completed 
2026-07-12 11:33:14,925 50814 INFO odoo18 odoo.addons.base.models.ir_cron: Job 'Notification: Notify scheduled messages' (8) starting 
2026-07-12 11:33:14,946 50814 INFO odoo18 odoo.addons.base.models.ir_cron: Job 'Notification: Notify scheduled messages' (8) done in 0.019s 
2026-07-12 11:33:14,952 50814 INFO odoo18 odoo.addons.base.models.ir_cron: Job 'Notification: Notify scheduled messages' (8) processed 0 records, 0 records remaining 
2026-07-12 11:33:14,957 50814 INFO odoo18 odoo.addons.base.models.ir_cron: Job 'Notification: Notify scheduled messages' (8) completed 
2026-07-12 11:33:14,965 50814 INFO odoo18 odoo.addons.base.models.ir_cron: Job 'SMS: SMS Queue Manager' (14) starting 
2026-07-12 11:33:14,970 50814 INFO odoo18 odoo.addons.base.models.ir_cron: Job 'SMS: SMS Queue Manager' (14) done in 0.005s 
2026-07-12 11:33:14,972 50814 INFO odoo18 odoo.addons.base.models.ir_cron: Job 'SMS: SMS Queue Manager' (14) processed 0 records, 0 records remaining 
2026-07-12 11:33:14,977 50814 INFO odoo18 odoo.addons.base.models.ir_cron: Job 'SMS: SMS Queue Manager' (14) completed 
2026-07-12 11:33:14,984 50814 INFO odoo18 odoo.addons.base.models.ir_cron: Job 'Snailmail: process letters queue' (15) starting 
2026-07-12 11:33:14,989 50814 INFO odoo18 odoo.addons.base.models.ir_cron: Job 'Snailmail: process letters queue' (15) done in 0.005s 
2026-07-12 11:33:14,991 50814 INFO odoo18 odoo.addons.base.models.ir_cron: Job 'Snailmail: process letters queue' (15) processed 0 records, 0 records remaining 
2026-07-12 11:33:14,995 50814 INFO odoo18 odoo.addons.base.models.ir_cron: Job 'Snailmail: process letters queue' (15) completed 
2026-07-12 11:33:15,002 50814 INFO odoo18 odoo.addons.base.models.ir_cron: Job 'Mail: Email Queue Manager' (3) starting 
2026-07-12 11:33:15,011 50814 INFO odoo18 odoo.addons.base.models.ir_cron: Job 'Mail: Email Queue Manager' (3) done in 0.008s 
2026-07-12 11:33:15,015 50814 INFO odoo18 odoo.addons.base.models.ir_cron: Job 'Mail: Email Queue Manager' (3) processed 0 records, 0 records remaining 
2026-07-12 11:33:15,021 50814 INFO odoo18 odoo.addons.base.models.ir_cron: Job 'Mail: Email Queue Manager' (3) completed 
2026-07-12 11:33:15,030 50814 INFO odoo18 odoo.addons.base.models.ir_cron: Job 'Partner Autocomplete: Sync with remote DB' (13) starting 
2026-07-12 11:33:15,036 50814 INFO odoo18 odoo.addons.base.models.ir_cron: Job 'Partner Autocomplete: Sync with remote DB' (13) done in 0.005s 
2026-07-12 11:33:15,041 50814 INFO odoo18 odoo.addons.base.models.ir_cron: Job 'Partner Autocomplete: Sync with remote DB' (13) processed 0 records, 0 records remaining 
2026-07-12 11:33:15,048 50814 INFO odoo18 odoo.addons.base.models.ir_cron: Job 'Partner Autocomplete: Sync with remote DB' (13) completed 
2026-07-12 11:46:37,718 50814 INFO odoo18 odoo.addons.base.models.ir_cron: Job 'CRM: enrich leads (IAP)' (26) starting 
2026-07-12 11:46:37,747 50814 INFO odoo18 odoo.addons.base.models.ir_cron: Job 'CRM: enrich leads (IAP)' (26) done in 0.028s 
2026-07-12 11:46:37,754 50814 INFO odoo18 odoo.addons.base.models.ir_cron: Job 'CRM: enrich leads (IAP)' (26) processed 0 records, 0 records remaining 
2026-07-12 11:46:37,764 50814 INFO odoo18 odoo.addons.base.models.ir_cron: Job 'CRM: enrich leads (IAP)' (26) completed 
2026-07-12 12:33:15,704 50814 INFO odoo18 odoo.addons.base.models.ir_cron: Job 'Notification: Notify scheduled messages' (8) starting 
2026-07-12 12:33:15,731 50814 INFO odoo18 odoo.addons.base.models.ir_cron: Job 'Notification: Notify scheduled messages' (8) done in 0.026s 
2026-07-12 12:33:15,742 50814 INFO odoo18 odoo.addons.base.models.ir_cron: Job 'Notification: Notify scheduled messages' (8) processed 0 records, 0 records remaining 
2026-07-12 12:33:15,754 50814 INFO odoo18 odoo.addons.base.models.ir_cron: Job 'Notification: Notify scheduled messages' (8) completed 
2026-07-12 12:33:15,770 50814 INFO odoo18 odoo.addons.base.models.ir_cron: Job 'SMS: SMS Queue Manager' (14) starting 
2026-07-12 12:33:15,783 50814 INFO odoo18 odoo.addons.base.models.ir_cron: Job 'SMS: SMS Queue Manager' (14) done in 0.013s 
2026-07-12 12:33:15,790 50814 INFO odoo18 odoo.addons.base.models.ir_cron: Job 'SMS: SMS Queue Manager' (14) processed 0 records, 0 records remaining 
2026-07-12 12:33:15,800 50814 INFO odoo18 odoo.addons.base.models.ir_cron: Job 'SMS: SMS Queue Manager' (14) completed 
2026-07-12 12:33:15,817 50814 INFO odoo18 odoo.addons.base.models.ir_cron: Job 'Snailmail: process letters queue' (15) starting 
2026-07-12 12:33:15,830 50814 INFO odoo18 odoo.addons.base.models.ir_cron: Job 'Snailmail: process letters queue' (15) done in 0.014s 
2026-07-12 12:33:15,838 50814 INFO odoo18 odoo.addons.base.models.ir_cron: Job 'Snailmail: process letters queue' (15) processed 0 records, 0 records remaining 
2026-07-12 12:33:15,846 50814 INFO odoo18 odoo.addons.base.models.ir_cron: Job 'Snailmail: process letters queue' (15) completed 
2026-07-12 12:33:15,863 50814 INFO odoo18 odoo.addons.base.models.ir_cron: Job 'Mail: Email Queue Manager' (3) starting 
2026-07-12 12:33:15,881 50814 INFO odoo18 odoo.addons.base.models.ir_cron: Job 'Mail: Email Queue Manager' (3) done in 0.018s 
2026-07-12 12:33:15,887 50814 INFO odoo18 odoo.addons.base.models.ir_cron: Job 'Mail: Email Queue Manager' (3) processed 0 records, 0 records remaining 
2026-07-12 12:33:15,895 50814 INFO odoo18 odoo.addons.base.models.ir_cron: Job 'Mail: Email Queue Manager' (3) completed 
2026-07-12 12:33:15,909 50814 INFO odoo18 odoo.addons.base.models.ir_cron: Job 'Partner Autocomplete: Sync with remote DB' (13) starting 
2026-07-12 12:33:15,917 50814 INFO odoo18 odoo.addons.base.models.ir_cron: Job 'Partner Autocomplete: Sync with remote DB' (13) done in 0.007s 
2026-07-12 12:33:15,922 50814 INFO odoo18 odoo.addons.base.models.ir_cron: Job 'Partner Autocomplete: Sync with remote DB' (13) processed 0 records, 0 records remaining 
2026-07-12 12:33:15,930 50814 INFO odoo18 odoo.addons.base.models.ir_cron: Job 'Partner Autocomplete: Sync with remote DB' (13) completed 
2026-07-12 12:46:38,059 50814 INFO odoo18 odoo.addons.base.models.ir_cron: Job 'CRM: enrich leads (IAP)' (26) starting 
2026-07-12 12:46:38,078 50814 INFO odoo18 odoo.addons.base.models.ir_cron: Job 'CRM: enrich leads (IAP)' (26) done in 0.018s 
2026-07-12 12:46:38,083 50814 INFO odoo18 odoo.addons.base.models.ir_cron: Job 'CRM: enrich leads (IAP)' (26) processed 0 records, 0 records remaining 
2026-07-12 12:46:38,092 50814 INFO odoo18 odoo.addons.base.models.ir_cron: Job 'CRM: enrich leads (IAP)' (26) completed 
2026-07-12 13:33:16,553 50814 INFO odoo18 odoo.addons.base.models.ir_cron: Job 'Notification: Notify scheduled messages' (8) starting 
2026-07-12 13:33:16,581 50814 INFO odoo18 odoo.addons.base.models.ir_cron: Job 'Notification: Notify scheduled messages' (8) done in 0.026s 
2026-07-12 13:33:16,589 50814 INFO odoo18 odoo.addons.base.models.ir_cron: Job 'Notification: Notify scheduled messages' (8) processed 0 records, 0 records remaining 
2026-07-12 13:33:16,597 50814 INFO odoo18 odoo.addons.base.models.ir_cron: Job 'Notification: Notify scheduled messages' (8) completed 
2026-07-12 13:33:16,614 50814 INFO odoo18 odoo.addons.base.models.ir_cron: Job 'SMS: SMS Queue Manager' (14) starting 
2026-07-12 13:33:16,625 50814 INFO odoo18 odoo.addons.base.models.ir_cron: Job 'SMS: SMS Queue Manager' (14) done in 0.011s 
2026-07-12 13:33:16,632 50814 INFO odoo18 odoo.addons.base.models.ir_cron: Job 'SMS: SMS Queue Manager' (14) processed 0 records, 0 records remaining 
2026-07-12 13:33:16,641 50814 INFO odoo18 odoo.addons.base.models.ir_cron: Job 'SMS: SMS Queue Manager' (14) completed 
2026-07-12 13:33:16,660 50814 INFO odoo18 odoo.addons.base.models.ir_cron: Job 'Snailmail: process letters queue' (15) starting 
2026-07-12 13:33:16,674 50814 INFO odoo18 odoo.addons.base.models.ir_cron: Job 'Snailmail: process letters queue' (15) done in 0.014s 
2026-07-12 13:33:16,684 50814 INFO odoo18 odoo.addons.base.models.ir_cron: Job 'Snailmail: process letters queue' (15) processed 0 records, 0 records remaining 
2026-07-12 13:33:16,698 50814 INFO odoo18 odoo.addons.base.models.ir_cron: Job 'Snailmail: process letters queue' (15) completed 
2026-07-12 13:33:16,725 50814 INFO odoo18 odoo.addons.base.models.ir_cron: Job 'Mail: Email Queue Manager' (3) starting 
2026-07-12 13:33:16,745 50814 INFO odoo18 odoo.addons.base.models.ir_cron: Job 'Mail: Email Queue Manager' (3) done in 0.020s 
2026-07-12 13:33:16,756 50814 INFO odoo18 odoo.addons.base.models.ir_cron: Job 'Mail: Email Queue Manager' (3) processed 0 records, 0 records remaining 
2026-07-12 13:33:16,770 50814 INFO odoo18 odoo.addons.base.models.ir_cron: Job 'Mail: Email Queue Manager' (3) completed 
2026-07-12 13:33:16,799 50814 INFO odoo18 odoo.addons.base.models.ir_cron: Job 'Partner Autocomplete: Sync with remote DB' (13) starting 
2026-07-12 13:33:16,811 50814 INFO odoo18 odoo.addons.base.models.ir_cron: Job 'Partner Autocomplete: Sync with remote DB' (13) done in 0.011s 
2026-07-12 13:33:16,820 50814 INFO odoo18 odoo.addons.base.models.ir_cron: Job 'Partner Autocomplete: Sync with remote DB' (13) processed 0 records, 0 records remaining 
2026-07-12 13:33:16,833 50814 INFO odoo18 odoo.addons.base.models.ir_cron: Job 'Partner Autocomplete: Sync with remote DB' (13) completed 
2026-07-12 13:46:38,379 50814 INFO odoo18 odoo.addons.base.models.ir_cron: Job 'CRM: enrich leads (IAP)' (26) starting 
2026-07-12 13:46:38,406 50814 INFO odoo18 odoo.addons.base.models.ir_cron: Job 'CRM: enrich leads (IAP)' (26) done in 0.025s 
2026-07-12 13:46:38,410 50814 INFO odoo18 odoo.addons.base.models.ir_cron: Job 'CRM: enrich leads (IAP)' (26) processed 0 records, 0 records remaining 
2026-07-12 13:46:38,416 50814 INFO odoo18 odoo.addons.base.models.ir_cron: Job 'CRM: enrich leads (IAP)' (26) completed 
2026-07-12 14:33:17,455 50814 INFO odoo18 odoo.addons.base.models.ir_cron: Job 'Notification: Notify scheduled messages' (8) starting 
2026-07-12 14:33:17,475 50814 INFO odoo18 odoo.addons.base.models.ir_cron: Job 'Notification: Notify scheduled messages' (8) done in 0.019s 
2026-07-12 14:33:17,480 50814 INFO odoo18 odoo.addons.base.models.ir_cron: Job 'Notification: Notify scheduled messages' (8) processed 0 records, 0 records remaining 
2026-07-12 14:33:17,492 50814 INFO odoo18 odoo.addons.base.models.ir_cron: Job 'Notification: Notify scheduled messages' (8) completed 
2026-07-12 14:33:17,507 50814 INFO odoo18 odoo.addons.base.models.ir_cron: Job 'SMS: SMS Queue Manager' (14) starting 
2026-07-12 14:33:17,522 50814 INFO odoo18 odoo.addons.base.models.ir_cron: Job 'SMS: SMS Queue Manager' (14) done in 0.014s 
2026-07-12 14:33:17,528 50814 INFO odoo18 odoo.addons.base.models.ir_cron: Job 'SMS: SMS Queue Manager' (14) processed 0 records, 0 records remaining 
2026-07-12 14:33:17,537 50814 INFO odoo18 odoo.addons.base.models.ir_cron: Job 'SMS: SMS Queue Manager' (14) completed 
2026-07-12 14:33:17,551 50814 INFO odoo18 odoo.addons.base.models.ir_cron: Job 'Snailmail: process letters queue' (15) starting 
2026-07-12 14:33:17,563 50814 INFO odoo18 odoo.addons.base.models.ir_cron: Job 'Snailmail: process letters queue' (15) done in 0.011s 
2026-07-12 14:33:17,567 50814 INFO odoo18 odoo.addons.base.models.ir_cron: Job 'Snailmail: process letters queue' (15) processed 0 records, 0 records remaining 
2026-07-12 14:33:17,575 50814 INFO odoo18 odoo.addons.base.models.ir_cron: Job 'Snailmail: process letters queue' (15) completed 
2026-07-12 14:33:17,593 50814 INFO odoo18 odoo.addons.base.models.ir_cron: Job 'Mail: Email Queue Manager' (3) starting 
2026-07-12 14:33:17,608 50814 INFO odoo18 odoo.addons.base.models.ir_cron: Job 'Mail: Email Queue Manager' (3) done in 0.015s 
2026-07-12 14:33:17,615 50814 INFO odoo18 odoo.addons.base.models.ir_cron: Job 'Mail: Email Queue Manager' (3) processed 0 records, 0 records remaining 
2026-07-12 14:33:17,628 50814 INFO odoo18 odoo.addons.base.models.ir_cron: Job 'Mail: Email Queue Manager' (3) completed 
2026-07-12 14:33:17,646 50814 INFO odoo18 odoo.addons.base.models.ir_cron: Job 'Partner Autocomplete: Sync with remote DB' (13) starting 
2026-07-12 14:33:17,653 50814 INFO odoo18 odoo.addons.base.models.ir_cron: Job 'Partner Autocomplete: Sync with remote DB' (13) done in 0.007s 
2026-07-12 14:33:17,660 50814 INFO odoo18 odoo.addons.base.models.ir_cron: Job 'Partner Autocomplete: Sync with remote DB' (13) processed 0 records, 0 records remaining 
2026-07-12 14:33:17,671 50814 INFO odoo18 odoo.addons.base.models.ir_cron: Job 'Partner Autocomplete: Sync with remote DB' (13) completed 
2026-07-12 14:46:38,672 50814 INFO odoo18 odoo.addons.base.models.ir_cron: Job 'CRM: enrich leads (IAP)' (26) starting 
2026-07-12 14:46:38,692 50814 INFO odoo18 odoo.addons.base.models.ir_cron: Job 'CRM: enrich leads (IAP)' (26) done in 0.021s 
2026-07-12 14:46:38,696 50814 INFO odoo18 odoo.addons.base.models.ir_cron: Job 'CRM: enrich leads (IAP)' (26) processed 0 records, 0 records remaining 
2026-07-12 14:46:38,701 50814 INFO odoo18 odoo.addons.base.models.ir_cron: Job 'CRM: enrich leads (IAP)' (26) completed 
2026-07-12 15:33:18,235 50814 INFO odoo18 odoo.addons.base.models.ir_cron: Job 'Notification: Notify scheduled messages' (8) starting 
2026-07-12 15:33:18,250 50814 INFO odoo18 odoo.addons.base.models.ir_cron: Job 'Notification: Notify scheduled messages' (8) done in 0.014s 
2026-07-12 15:33:18,253 50814 INFO odoo18 odoo.addons.base.models.ir_cron: Job 'Notification: Notify scheduled messages' (8) processed 0 records, 0 records remaining 
2026-07-12 15:33:18,260 50814 INFO odoo18 odoo.addons.base.models.ir_cron: Job 'Notification: Notify scheduled messages' (8) completed 
2026-07-12 15:33:18,268 50814 INFO odoo18 odoo.addons.base.models.ir_cron: Job 'SMS: SMS Queue Manager' (14) starting 
2026-07-12 15:33:18,275 50814 INFO odoo18 odoo.addons.base.models.ir_cron: Job 'SMS: SMS Queue Manager' (14) done in 0.006s 
2026-07-12 15:33:18,277 50814 INFO odoo18 odoo.addons.base.models.ir_cron: Job 'SMS: SMS Queue Manager' (14) processed 0 records, 0 records remaining 
2026-07-12 15:33:18,281 50814 INFO odoo18 odoo.addons.base.models.ir_cron: Job 'SMS: SMS Queue Manager' (14) completed 
2026-07-12 15:33:18,293 50814 INFO odoo18 odoo.addons.base.models.ir_cron: Job 'Snailmail: process letters queue' (15) starting 
2026-07-12 15:33:18,298 50814 INFO odoo18 odoo.addons.base.models.ir_cron: Job 'Snailmail: process letters queue' (15) done in 0.005s 
2026-07-12 15:33:18,302 50814 INFO odoo18 odoo.addons.base.models.ir_cron: Job 'Snailmail: process letters queue' (15) processed 0 records, 0 records remaining 
2026-07-12 15:33:18,308 50814 INFO odoo18 odoo.addons.base.models.ir_cron: Job 'Snailmail: process letters queue' (15) completed 
2026-07-12 15:33:18,318 50814 INFO odoo18 odoo.addons.base.models.ir_cron: Job 'Mail: Email Queue Manager' (3) starting 
2026-07-12 15:33:18,325 50814 INFO odoo18 odoo.addons.base.models.ir_cron: Job 'Mail: Email Queue Manager' (3) done in 0.007s 
2026-07-12 15:33:18,327 50814 INFO odoo18 odoo.addons.base.models.ir_cron: Job 'Mail: Email Queue Manager' (3) processed 0 records, 0 records remaining 
2026-07-12 15:33:18,332 50814 INFO odoo18 odoo.addons.base.models.ir_cron: Job 'Mail: Email Queue Manager' (3) completed 
2026-07-12 15:33:18,342 50814 INFO odoo18 odoo.addons.base.models.ir_cron: Job 'Partner Autocomplete: Sync with remote DB' (13) starting 
2026-07-12 15:33:18,345 50814 INFO odoo18 odoo.addons.base.models.ir_cron: Job 'Partner Autocomplete: Sync with remote DB' (13) done in 0.003s 
2026-07-12 15:33:18,348 50814 INFO odoo18 odoo.addons.base.models.ir_cron: Job 'Partner Autocomplete: Sync with remote DB' (13) processed 0 records, 0 records remaining 
2026-07-12 15:33:18,352 50814 INFO odoo18 odoo.addons.base.models.ir_cron: Job 'Partner Autocomplete: Sync with remote DB' (13) completed 
2026-07-12 15:46:38,974 50814 INFO odoo18 odoo.addons.base.models.ir_cron: Job 'CRM: enrich leads (IAP)' (26) starting 
2026-07-12 15:46:38,998 50814 INFO odoo18 odoo.addons.base.models.ir_cron: Job 'CRM: enrich leads (IAP)' (26) done in 0.023s 
2026-07-12 15:46:39,005 50814 INFO odoo18 odoo.addons.base.models.ir_cron: Job 'CRM: enrich leads (IAP)' (26) processed 0 records, 0 records remaining 
2026-07-12 15:46:39,017 50814 INFO odoo18 odoo.addons.base.models.ir_cron: Job 'CRM: enrich leads (IAP)' (26) completed 
2026-07-12 16:33:18,856 50814 INFO odoo18 odoo.addons.base.models.ir_cron: Job 'Notification: Notify scheduled messages' (8) starting 
2026-07-12 16:33:18,873 50814 INFO odoo18 odoo.addons.base.models.ir_cron: Job 'Notification: Notify scheduled messages' (8) done in 0.016s 
2026-07-12 16:33:18,887 50814 INFO odoo18 odoo.addons.base.models.ir_cron: Job 'Notification: Notify scheduled messages' (8) processed 0 records, 0 records remaining 
2026-07-12 16:33:18,899 50814 INFO odoo18 odoo.addons.base.models.ir_cron: Job 'Notification: Notify scheduled messages' (8) completed 
2026-07-12 16:33:18,915 50814 INFO odoo18 odoo.addons.base.models.ir_cron: Job 'SMS: SMS Queue Manager' (14) starting 
2026-07-12 16:33:18,924 50814 INFO odoo18 odoo.addons.base.models.ir_cron: Job 'SMS: SMS Queue Manager' (14) done in 0.009s 
2026-07-12 16:33:18,937 50814 INFO odoo18 odoo.addons.base.models.ir_cron: Job 'SMS: SMS Queue Manager' (14) processed 0 records, 0 records remaining 
2026-07-12 16:33:18,945 50814 INFO odoo18 odoo.addons.base.models.ir_cron: Job 'SMS: SMS Queue Manager' (14) completed 
2026-07-12 16:33:18,955 50814 INFO odoo18 odoo.addons.base.models.ir_cron: Job 'Snailmail: process letters queue' (15) starting 
2026-07-12 16:33:18,965 50814 INFO odoo18 odoo.addons.base.models.ir_cron: Job 'Snailmail: process letters queue' (15) done in 0.010s 
2026-07-12 16:33:18,970 50814 INFO odoo18 odoo.addons.base.models.ir_cron: Job 'Snailmail: process letters queue' (15) processed 0 records, 0 records remaining 
2026-07-12 16:33:18,978 50814 INFO odoo18 odoo.addons.base.models.ir_cron: Job 'Snailmail: process letters queue' (15) completed 
2026-07-12 16:33:18,993 50814 INFO odoo18 odoo.addons.base.models.ir_cron: Job 'Mail: Email Queue Manager' (3) starting 
2026-07-12 16:33:19,005 50814 INFO odoo18 odoo.addons.base.models.ir_cron: Job 'Mail: Email Queue Manager' (3) done in 0.012s 
2026-07-12 16:33:19,012 50814 INFO odoo18 odoo.addons.base.models.ir_cron: Job 'Mail: Email Queue Manager' (3) processed 0 records, 0 records remaining 
2026-07-12 16:33:19,018 50814 INFO odoo18 odoo.addons.base.models.ir_cron: Job 'Mail: Email Queue Manager' (3) completed 
2026-07-12 16:33:19,030 50814 INFO odoo18 odoo.addons.base.models.ir_cron: Job 'Partner Autocomplete: Sync with remote DB' (13) starting 
2026-07-12 16:33:19,034 50814 INFO odoo18 odoo.addons.base.models.ir_cron: Job 'Partner Autocomplete: Sync with remote DB' (13) done in 0.004s 
2026-07-12 16:33:19,037 50814 INFO odoo18 odoo.addons.base.models.ir_cron: Job 'Partner Autocomplete: Sync with remote DB' (13) processed 0 records, 0 records remaining 
2026-07-12 16:33:19,042 50814 INFO odoo18 odoo.addons.base.models.ir_cron: Job 'Partner Autocomplete: Sync with remote DB' (13) completed 
2026-07-12 16:46:39,227 50814 INFO odoo18 odoo.addons.base.models.ir_cron: Job 'CRM: enrich leads (IAP)' (26) starting 
2026-07-12 16:46:39,244 50814 INFO odoo18 odoo.addons.base.models.ir_cron: Job 'CRM: enrich leads (IAP)' (26) done in 0.016s 
2026-07-12 16:46:39,249 50814 INFO odoo18 odoo.addons.base.models.ir_cron: Job 'CRM: enrich leads (IAP)' (26) processed 0 records, 0 records remaining 
2026-07-12 16:46:39,255 50814 INFO odoo18 odoo.addons.base.models.ir_cron: Job 'CRM: enrich leads (IAP)' (26) completed 
2026-07-12 19:15:12,716 50814 INFO odoo18 odoo.addons.base.models.ir_cron: Job 'Notification: Notify scheduled messages' (8) starting 
2026-07-12 19:15:12,733 50814 INFO odoo18 odoo.addons.base.models.ir_cron: Job 'Notification: Notify scheduled messages' (8) done in 0.016s 
2026-07-12 19:15:12,739 50814 INFO odoo18 odoo.addons.base.models.ir_cron: Job 'Notification: Notify scheduled messages' (8) processed 0 records, 0 records remaining 
2026-07-12 19:15:12,757 50814 INFO odoo18 odoo.addons.base.models.ir_cron: Job 'Notification: Notify scheduled messages' (8) completed 
2026-07-12 19:15:12,774 50814 INFO odoo18 odoo.addons.base.models.ir_cron: Job 'SMS: SMS Queue Manager' (14) starting 
2026-07-12 19:15:12,784 50814 INFO odoo18 odoo.addons.base.models.ir_cron: Job 'SMS: SMS Queue Manager' (14) done in 0.010s 
2026-07-12 19:15:12,790 50814 INFO odoo18 odoo.addons.base.models.ir_cron: Job 'SMS: SMS Queue Manager' (14) processed 0 records, 0 records remaining 
2026-07-12 19:15:12,797 50814 INFO odoo18 odoo.addons.base.models.ir_cron: Job 'SMS: SMS Queue Manager' (14) completed 
2026-07-12 19:15:12,810 50814 INFO odoo18 odoo.addons.base.models.ir_cron: Job 'Snailmail: process letters queue' (15) starting 
2026-07-12 19:15:12,818 50814 INFO odoo18 odoo.addons.base.models.ir_cron: Job 'Snailmail: process letters queue' (15) done in 0.008s 
2026-07-12 19:15:12,823 50814 INFO odoo18 odoo.addons.base.models.ir_cron: Job 'Snailmail: process letters queue' (15) processed 0 records, 0 records remaining 
2026-07-12 19:15:12,833 50814 INFO odoo18 odoo.addons.base.models.ir_cron: Job 'Snailmail: process letters queue' (15) completed 
2026-07-12 19:15:12,850 50814 INFO odoo18 odoo.addons.base.models.ir_cron: Job 'CRM: enrich leads (IAP)' (26) starting 
2026-07-12 19:15:12,876 50814 INFO odoo18 odoo.addons.base.models.ir_cron: Job 'CRM: enrich leads (IAP)' (26) done in 0.025s 
2026-07-12 19:15:12,884 50814 INFO odoo18 odoo.addons.base.models.ir_cron: Job 'CRM: enrich leads (IAP)' (26) processed 0 records, 0 records remaining 
2026-07-12 19:15:12,896 50814 INFO odoo18 odoo.addons.base.models.ir_cron: Job 'CRM: enrich leads (IAP)' (26) completed 
2026-07-12 19:15:12,922 50814 INFO odoo18 odoo.addons.base.models.ir_cron: Job 'Mail: Email Queue Manager' (3) starting 
2026-07-12 19:15:12,940 50814 INFO odoo18 odoo.addons.base.models.ir_cron: Job 'Mail: Email Queue Manager' (3) done in 0.017s 
2026-07-12 19:15:12,949 50814 INFO odoo18 odoo.addons.base.models.ir_cron: Job 'Mail: Email Queue Manager' (3) processed 0 records, 0 records remaining 
2026-07-12 19:15:12,960 50814 INFO odoo18 odoo.addons.base.models.ir_cron: Job 'Mail: Email Queue Manager' (3) completed 
2026-07-12 19:15:12,983 50814 INFO odoo18 odoo.addons.base.models.ir_cron: Job 'Partner Autocomplete: Sync with remote DB' (13) starting 
2026-07-12 19:15:12,992 50814 INFO odoo18 odoo.addons.base.models.ir_cron: Job 'Partner Autocomplete: Sync with remote DB' (13) done in 0.008s 
2026-07-12 19:15:13,001 50814 INFO odoo18 odoo.addons.base.models.ir_cron: Job 'Partner Autocomplete: Sync with remote DB' (13) processed 0 records, 0 records remaining 
2026-07-12 19:15:13,012 50814 INFO odoo18 odoo.addons.base.models.ir_cron: Job 'Partner Autocomplete: Sync with remote DB' (13) completed 
2026-07-12 19:55:25,649 50814 INFO odoo18 odoo.addons.base.models.ir_cron: Job 'Notification: Notify scheduled messages' (8) starting 
2026-07-12 19:55:25,671 50814 INFO odoo18 odoo.addons.base.models.ir_cron: Job 'Notification: Notify scheduled messages' (8) done in 0.021s 
2026-07-12 19:55:25,677 50814 INFO odoo18 odoo.addons.base.models.ir_cron: Job 'Notification: Notify scheduled messages' (8) processed 0 records, 0 records remaining 
2026-07-12 19:55:25,690 50814 INFO odoo18 odoo.addons.base.models.ir_cron: Job 'Notification: Notify scheduled messages' (8) completed 
2026-07-12 19:55:25,707 50814 INFO odoo18 odoo.addons.base.models.ir_cron: Job 'SMS: SMS Queue Manager' (14) starting 
2026-07-12 19:55:25,714 50814 INFO odoo18 odoo.addons.base.models.ir_cron: Job 'SMS: SMS Queue Manager' (14) done in 0.007s 
2026-07-12 19:55:25,716 50814 INFO odoo18 odoo.addons.base.models.ir_cron: Job 'SMS: SMS Queue Manager' (14) processed 0 records, 0 records remaining 
2026-07-12 19:55:25,721 50814 INFO odoo18 odoo.addons.base.models.ir_cron: Job 'SMS: SMS Queue Manager' (14) completed 
2026-07-12 19:55:25,729 50814 INFO odoo18 odoo.addons.base.models.ir_cron: Job 'Snailmail: process letters queue' (15) starting 
2026-07-12 19:55:25,735 50814 INFO odoo18 odoo.addons.base.models.ir_cron: Job 'Snailmail: process letters queue' (15) done in 0.005s 
2026-07-12 19:55:25,738 50814 INFO odoo18 odoo.addons.base.models.ir_cron: Job 'Snailmail: process letters queue' (15) processed 0 records, 0 records remaining 
2026-07-12 19:55:25,747 50814 INFO odoo18 odoo.addons.base.models.ir_cron: Job 'Snailmail: process letters queue' (15) completed 
2026-07-12 19:55:25,757 50814 INFO odoo18 odoo.addons.base.models.ir_cron: Job 'CRM: enrich leads (IAP)' (26) starting 
2026-07-12 19:55:25,771 50814 INFO odoo18 odoo.addons.base.models.ir_cron: Job 'CRM: enrich leads (IAP)' (26) done in 0.013s 
2026-07-12 19:55:25,776 50814 INFO odoo18 odoo.addons.base.models.ir_cron: Job 'CRM: enrich leads (IAP)' (26) processed 0 records, 0 records remaining 
2026-07-12 19:55:25,785 50814 INFO odoo18 odoo.addons.base.models.ir_cron: Job 'CRM: enrich leads (IAP)' (26) completed 
2026-07-12 19:55:25,806 50814 INFO odoo18 odoo.addons.base.models.ir_cron: Job 'Mail: Email Queue Manager' (3) starting 
2026-07-12 19:55:25,822 50814 INFO odoo18 odoo.addons.base.models.ir_cron: Job 'Mail: Email Queue Manager' (3) done in 0.016s 
2026-07-12 19:55:25,831 50814 INFO odoo18 odoo.addons.base.models.ir_cron: Job 'Mail: Email Queue Manager' (3) processed 0 records, 0 records remaining 
2026-07-12 19:55:25,843 50814 INFO odoo18 odoo.addons.base.models.ir_cron: Job 'Mail: Email Queue Manager' (3) completed 
2026-07-12 19:55:25,865 50814 INFO odoo18 odoo.addons.base.models.ir_cron: Job 'Partner Autocomplete: Sync with remote DB' (13) starting 
2026-07-12 19:55:25,874 50814 INFO odoo18 odoo.addons.base.models.ir_cron: Job 'Partner Autocomplete: Sync with remote DB' (13) done in 0.009s 
2026-07-12 19:55:25,883 50814 INFO odoo18 odoo.addons.base.models.ir_cron: Job 'Partner Autocomplete: Sync with remote DB' (13) processed 0 records, 0 records remaining 
2026-07-12 19:55:25,894 50814 INFO odoo18 odoo.addons.base.models.ir_cron: Job 'Partner Autocomplete: Sync with remote DB' (13) completed 
2026-07-12 20:46:23,663 50814 INFO odoo18 odoo.addons.base.models.ir_cron: Job 'Notification: Notify scheduled messages' (8) starting 
2026-07-12 20:46:23,686 50814 INFO odoo18 odoo.addons.base.models.ir_cron: Job 'Notification: Notify scheduled messages' (8) done in 0.022s 
2026-07-12 20:46:23,695 50814 INFO odoo18 odoo.addons.base.models.ir_cron: Job 'Notification: Notify scheduled messages' (8) processed 0 records, 0 records remaining 
2026-07-12 20:46:23,719 50814 INFO odoo18 odoo.addons.base.models.ir_cron: Job 'Notification: Notify scheduled messages' (8) completed 
2026-07-12 20:46:23,741 50814 INFO odoo18 odoo.addons.base.models.ir_cron: Job 'SMS: SMS Queue Manager' (14) starting 
2026-07-12 20:46:23,750 50814 INFO odoo18 odoo.addons.base.models.ir_cron: Job 'SMS: SMS Queue Manager' (14) done in 0.009s 
2026-07-12 20:46:23,755 50814 INFO odoo18 odoo.addons.base.models.ir_cron: Job 'SMS: SMS Queue Manager' (14) processed 0 records, 0 records remaining 
2026-07-12 20:46:23,761 50814 INFO odoo18 odoo.addons.base.models.ir_cron: Job 'SMS: SMS Queue Manager' (14) completed 
2026-07-12 20:46:23,774 50814 INFO odoo18 odoo.addons.base.models.ir_cron: Job 'Snailmail: process letters queue' (15) starting 
2026-07-12 20:46:23,781 50814 INFO odoo18 odoo.addons.base.models.ir_cron: Job 'Snailmail: process letters queue' (15) done in 0.007s 
2026-07-12 20:46:23,786 50814 INFO odoo18 odoo.addons.base.models.ir_cron: Job 'Snailmail: process letters queue' (15) processed 0 records, 0 records remaining 
2026-07-12 20:46:23,791 50814 INFO odoo18 odoo.addons.base.models.ir_cron: Job 'Snailmail: process letters queue' (15) completed 
2026-07-12 20:46:23,804 50814 INFO odoo18 odoo.addons.base.models.ir_cron: Job 'Mail: Email Queue Manager' (3) starting 
2026-07-12 20:46:23,812 50814 INFO odoo18 odoo.addons.base.models.ir_cron: Job 'Mail: Email Queue Manager' (3) done in 0.008s 
2026-07-12 20:46:23,818 50814 INFO odoo18 odoo.addons.base.models.ir_cron: Job 'Mail: Email Queue Manager' (3) processed 0 records, 0 records remaining 
2026-07-12 20:46:23,825 50814 INFO odoo18 odoo.addons.base.models.ir_cron: Job 'Mail: Email Queue Manager' (3) completed 
2026-07-12 20:46:23,840 50814 INFO odoo18 odoo.addons.base.models.ir_cron: Job 'Partner Autocomplete: Sync with remote DB' (13) starting 
2026-07-12 20:46:23,846 50814 INFO odoo18 odoo.addons.base.models.ir_cron: Job 'Partner Autocomplete: Sync with remote DB' (13) done in 0.006s 
2026-07-12 20:46:23,854 50814 INFO odoo18 odoo.addons.base.models.ir_cron: Job 'Partner Autocomplete: Sync with remote DB' (13) processed 0 records, 0 records remaining 
2026-07-12 20:46:23,863 50814 INFO odoo18 odoo.addons.base.models.ir_cron: Job 'Partner Autocomplete: Sync with remote DB' (13) completed 
2026-07-12 21:03:09,471 50814 INFO odoo18 odoo.addons.base.models.ir_cron: Job 'CRM: enrich leads (IAP)' (26) starting 
2026-07-12 21:03:09,506 50814 INFO odoo18 odoo.addons.base.models.ir_cron: Job 'CRM: enrich leads (IAP)' (26) done in 0.034s 
2026-07-12 21:03:09,518 50814 INFO odoo18 odoo.addons.base.models.ir_cron: Job 'CRM: enrich leads (IAP)' (26) processed 0 records, 0 records remaining 
2026-07-12 21:03:09,549 50814 INFO odoo18 odoo.addons.base.models.ir_cron: Job 'CRM: enrich leads (IAP)' (26) completed 
2026-07-12 23:02:31,942 50814 INFO odoo18 odoo.addons.base.models.ir_cron: Job 'Notification: Notify scheduled messages' (8) starting 
2026-07-12 23:02:31,950 50814 INFO odoo18 odoo.addons.base.models.ir_cron: Job 'Notification: Notify scheduled messages' (8) done in 0.008s 
2026-07-12 23:02:31,954 50814 INFO odoo18 odoo.addons.base.models.ir_cron: Job 'Notification: Notify scheduled messages' (8) processed 0 records, 0 records remaining 
2026-07-12 23:02:31,969 50814 INFO odoo18 odoo.addons.base.models.ir_cron: Job 'Notification: Notify scheduled messages' (8) completed 
2026-07-12 23:02:31,981 50814 INFO odoo18 odoo.addons.base.models.ir_cron: Job 'SMS: SMS Queue Manager' (14) starting 
2026-07-12 23:02:31,987 50814 INFO odoo18 odoo.addons.base.models.ir_cron: Job 'SMS: SMS Queue Manager' (14) done in 0.006s 
2026-07-12 23:02:31,991 50814 INFO odoo18 odoo.addons.base.models.ir_cron: Job 'SMS: SMS Queue Manager' (14) processed 0 records, 0 records remaining 
2026-07-12 23:02:31,997 50814 INFO odoo18 odoo.addons.base.models.ir_cron: Job 'SMS: SMS Queue Manager' (14) completed 
2026-07-12 23:02:32,003 50814 INFO odoo18 odoo.addons.base.models.ir_cron: Job 'Snailmail: process letters queue' (15) starting 
2026-07-12 23:02:32,008 50814 INFO odoo18 odoo.addons.base.models.ir_cron: Job 'Snailmail: process letters queue' (15) done in 0.004s 
2026-07-12 23:02:32,011 50814 INFO odoo18 odoo.addons.base.models.ir_cron: Job 'Snailmail: process letters queue' (15) processed 0 records, 0 records remaining 
2026-07-12 23:02:32,015 50814 INFO odoo18 odoo.addons.base.models.ir_cron: Job 'Snailmail: process letters queue' (15) completed 
2026-07-12 23:02:32,023 50814 INFO odoo18 odoo.addons.base.models.ir_cron: Job 'CRM: enrich leads (IAP)' (26) starting 
2026-07-12 23:02:32,031 50814 INFO odoo18 odoo.addons.base.models.ir_cron: Job 'CRM: enrich leads (IAP)' (26) done in 0.008s 
2026-07-12 23:02:32,034 50814 INFO odoo18 odoo.addons.base.models.ir_cron: Job 'CRM: enrich leads (IAP)' (26) processed 0 records, 0 records remaining 
2026-07-12 23:02:32,039 50814 INFO odoo18 odoo.addons.base.models.ir_cron: Job 'CRM: enrich leads (IAP)' (26) completed 
2026-07-12 23:02:32,054 50814 INFO odoo18 odoo.addons.base.models.ir_cron: Job 'Mail: Email Queue Manager' (3) starting 
2026-07-12 23:02:32,073 50814 INFO odoo18 odoo.addons.base.models.ir_cron: Job 'Mail: Email Queue Manager' (3) done in 0.019s 
2026-07-12 23:02:32,081 50814 INFO odoo18 odoo.addons.base.models.ir_cron: Job 'Mail: Email Queue Manager' (3) processed 0 records, 0 records remaining 
2026-07-12 23:02:32,086 50814 INFO odoo18 odoo.addons.base.models.ir_cron: Job 'Mail: Email Queue Manager' (3) completed 
2026-07-12 23:02:32,101 50814 INFO odoo18 odoo.addons.base.models.ir_cron: Job 'Partner Autocomplete: Sync with remote DB' (13) starting 
2026-07-12 23:02:32,106 50814 INFO odoo18 odoo.addons.base.models.ir_cron: Job 'Partner Autocomplete: Sync with remote DB' (13) done in 0.005s 
2026-07-12 23:02:32,109 50814 INFO odoo18 odoo.addons.base.models.ir_cron: Job 'Partner Autocomplete: Sync with remote DB' (13) processed 0 records, 0 records remaining 
2026-07-12 23:02:32,116 50814 INFO odoo18 odoo.addons.base.models.ir_cron: Job 'Partner Autocomplete: Sync with remote DB' (13) completed 
2026-07-12 23:53:29,182 50814 INFO odoo18 odoo.addons.base.models.ir_cron: Job 'Notification: Notify scheduled messages' (8) starting 
2026-07-12 23:53:29,201 50814 INFO odoo18 odoo.addons.base.models.ir_cron: Job 'Notification: Notify scheduled messages' (8) done in 0.019s 
2026-07-12 23:53:29,211 50814 INFO odoo18 odoo.addons.base.models.ir_cron: Job 'Notification: Notify scheduled messages' (8) processed 0 records, 0 records remaining 
2026-07-12 23:53:29,237 50814 INFO odoo18 odoo.addons.base.models.ir_cron: Job 'Notification: Notify scheduled messages' (8) completed 
2026-07-12 23:53:29,260 50814 INFO odoo18 odoo.addons.base.models.ir_cron: Job 'SMS: SMS Queue Manager' (14) starting 
2026-07-12 23:53:29,268 50814 INFO odoo18 odoo.addons.base.models.ir_cron: Job 'SMS: SMS Queue Manager' (14) done in 0.008s 
2026-07-12 23:53:29,272 50814 INFO odoo18 odoo.addons.base.models.ir_cron: Job 'SMS: SMS Queue Manager' (14) processed 0 records, 0 records remaining 
2026-07-12 23:53:29,278 50814 INFO odoo18 odoo.addons.base.models.ir_cron: Job 'SMS: SMS Queue Manager' (14) completed 
2026-07-12 23:53:29,291 50814 INFO odoo18 odoo.addons.base.models.ir_cron: Job 'Snailmail: process letters queue' (15) starting 
2026-07-12 23:53:29,298 50814 INFO odoo18 odoo.addons.base.models.ir_cron: Job 'Snailmail: process letters queue' (15) done in 0.007s 
2026-07-12 23:53:29,303 50814 INFO odoo18 odoo.addons.base.models.ir_cron: Job 'Snailmail: process letters queue' (15) processed 0 records, 0 records remaining 
2026-07-12 23:53:29,309 50814 INFO odoo18 odoo.addons.base.models.ir_cron: Job 'Snailmail: process letters queue' (15) completed 
2026-07-12 23:53:29,322 50814 INFO odoo18 odoo.addons.base.models.ir_cron: Job 'CRM: enrich leads (IAP)' (26) starting 
2026-07-12 23:53:29,337 50814 INFO odoo18 odoo.addons.base.models.ir_cron: Job 'CRM: enrich leads (IAP)' (26) done in 0.015s 
2026-07-12 23:53:29,342 50814 INFO odoo18 odoo.addons.base.models.ir_cron: Job 'CRM: enrich leads (IAP)' (26) processed 0 records, 0 records remaining 
2026-07-12 23:53:29,351 50814 INFO odoo18 odoo.addons.base.models.ir_cron: Job 'CRM: enrich leads (IAP)' (26) completed 
2026-07-12 23:53:29,371 50814 INFO odoo18 odoo.addons.base.models.ir_cron: Job 'Mail: Email Queue Manager' (3) starting 
2026-07-12 23:53:29,386 50814 INFO odoo18 odoo.addons.base.models.ir_cron: Job 'Mail: Email Queue Manager' (3) done in 0.015s 
2026-07-12 23:53:29,392 50814 INFO odoo18 odoo.addons.base.models.ir_cron: Job 'Mail: Email Queue Manager' (3) processed 0 records, 0 records remaining 
2026-07-12 23:53:29,398 50814 INFO odoo18 odoo.addons.base.models.ir_cron: Job 'Mail: Email Queue Manager' (3) completed 
2026-07-12 23:53:29,414 50814 INFO odoo18 odoo.addons.base.models.ir_cron: Job 'Partner Autocomplete: Sync with remote DB' (13) starting 
2026-07-12 23:53:29,418 50814 INFO odoo18 odoo.addons.base.models.ir_cron: Job 'Partner Autocomplete: Sync with remote DB' (13) done in 0.003s 
2026-07-12 23:53:29,421 50814 INFO odoo18 odoo.addons.base.models.ir_cron: Job 'Partner Autocomplete: Sync with remote DB' (13) processed 0 records, 0 records remaining 
2026-07-12 23:53:29,426 50814 INFO odoo18 odoo.addons.base.models.ir_cron: Job 'Partner Autocomplete: Sync with remote DB' (13) completed 
2026-07-13 01:01:03,626 50814 INFO odoo18 odoo.addons.base.models.ir_cron: Job 'Notification: Notify scheduled messages' (8) starting 
2026-07-13 01:01:03,651 50814 INFO odoo18 odoo.addons.base.models.ir_cron: Job 'Notification: Notify scheduled messages' (8) done in 0.024s 
2026-07-13 01:01:03,655 50814 INFO odoo18 odoo.addons.base.models.ir_cron: Job 'Notification: Notify scheduled messages' (8) processed 0 records, 0 records remaining 
2026-07-13 01:01:03,676 50814 INFO odoo18 odoo.addons.base.models.ir_cron: Job 'Notification: Notify scheduled messages' (8) completed 
2026-07-13 01:01:03,689 50814 INFO odoo18 odoo.addons.base.models.ir_cron: Job 'SMS: SMS Queue Manager' (14) starting 
2026-07-13 01:01:03,695 50814 INFO odoo18 odoo.addons.base.models.ir_cron: Job 'SMS: SMS Queue Manager' (14) done in 0.006s 
2026-07-13 01:01:03,698 50814 INFO odoo18 odoo.addons.base.models.ir_cron: Job 'SMS: SMS Queue Manager' (14) processed 0 records, 0 records remaining 
2026-07-13 01:01:03,706 50814 INFO odoo18 odoo.addons.base.models.ir_cron: Job 'SMS: SMS Queue Manager' (14) completed 
2026-07-13 01:01:03,714 50814 INFO odoo18 odoo.addons.base.models.ir_cron: Job 'Snailmail: process letters queue' (15) starting 
2026-07-13 01:01:03,720 50814 INFO odoo18 odoo.addons.base.models.ir_cron: Job 'Snailmail: process letters queue' (15) done in 0.006s 
2026-07-13 01:01:03,724 50814 INFO odoo18 odoo.addons.base.models.ir_cron: Job 'Snailmail: process letters queue' (15) processed 0 records, 0 records remaining 
2026-07-13 01:01:03,731 50814 INFO odoo18 odoo.addons.base.models.ir_cron: Job 'Snailmail: process letters queue' (15) completed 
2026-07-13 01:01:03,745 50814 INFO odoo18 odoo.addons.base.models.ir_cron: Job 'CRM: enrich leads (IAP)' (26) starting 
2026-07-13 01:01:03,755 50814 INFO odoo18 odoo.addons.base.models.ir_cron: Job 'CRM: enrich leads (IAP)' (26) done in 0.010s 
2026-07-13 01:01:03,758 50814 INFO odoo18 odoo.addons.base.models.ir_cron: Job 'CRM: enrich leads (IAP)' (26) processed 0 records, 0 records remaining 
2026-07-13 01:01:03,763 50814 INFO odoo18 odoo.addons.base.models.ir_cron: Job 'CRM: enrich leads (IAP)' (26) completed 
2026-07-13 01:01:03,771 50814 INFO odoo18 odoo.addons.base.models.ir_cron: Job 'Mail: Email Queue Manager' (3) starting 
2026-07-13 01:01:03,778 50814 INFO odoo18 odoo.addons.base.models.ir_cron: Job 'Mail: Email Queue Manager' (3) done in 0.007s 
2026-07-13 01:01:03,784 50814 INFO odoo18 odoo.addons.base.models.ir_cron: Job 'Mail: Email Queue Manager' (3) processed 0 records, 0 records remaining 
2026-07-13 01:01:03,795 50814 INFO odoo18 odoo.addons.base.models.ir_cron: Job 'Mail: Email Queue Manager' (3) completed 
2026-07-13 01:01:03,810 50814 INFO odoo18 odoo.addons.base.models.ir_cron: Job 'Partner Autocomplete: Sync with remote DB' (13) starting 
2026-07-13 01:01:03,819 50814 INFO odoo18 odoo.addons.base.models.ir_cron: Job 'Partner Autocomplete: Sync with remote DB' (13) done in 0.008s 
2026-07-13 01:01:03,825 50814 INFO odoo18 odoo.addons.base.models.ir_cron: Job 'Partner Autocomplete: Sync with remote DB' (13) processed 0 records, 0 records remaining 
2026-07-13 01:01:03,835 50814 INFO odoo18 odoo.addons.base.models.ir_cron: Job 'Partner Autocomplete: Sync with remote DB' (13) completed 
2026-07-13 01:55:20,297 50814 INFO odoo18 odoo.addons.base.models.ir_cron: Job 'Notification: Notify scheduled messages' (8) starting 
2026-07-13 01:55:20,310 50814 INFO odoo18 odoo.addons.base.models.ir_cron: Job 'Notification: Notify scheduled messages' (8) done in 0.012s 
2026-07-13 01:55:20,315 50814 INFO odoo18 odoo.addons.base.models.ir_cron: Job 'Notification: Notify scheduled messages' (8) processed 0 records, 0 records remaining 
2026-07-13 01:55:20,331 50814 INFO odoo18 odoo.addons.base.models.ir_cron: Job 'Notification: Notify scheduled messages' (8) completed 
2026-07-13 01:55:20,346 50814 INFO odoo18 odoo.addons.base.models.ir_cron: Job 'SMS: SMS Queue Manager' (14) starting 
2026-07-13 01:55:20,353 50814 INFO odoo18 odoo.addons.base.models.ir_cron: Job 'SMS: SMS Queue Manager' (14) done in 0.007s 
2026-07-13 01:55:20,356 50814 INFO odoo18 odoo.addons.base.models.ir_cron: Job 'SMS: SMS Queue Manager' (14) processed 0 records, 0 records remaining 
2026-07-13 01:55:20,363 50814 INFO odoo18 odoo.addons.base.models.ir_cron: Job 'SMS: SMS Queue Manager' (14) completed 
2026-07-13 01:55:20,373 50814 INFO odoo18 odoo.addons.base.models.ir_cron: Job 'Snailmail: process letters queue' (15) starting 
2026-07-13 01:55:20,380 50814 INFO odoo18 odoo.addons.base.models.ir_cron: Job 'Snailmail: process letters queue' (15) done in 0.007s 
2026-07-13 01:55:20,385 50814 INFO odoo18 odoo.addons.base.models.ir_cron: Job 'Snailmail: process letters queue' (15) processed 0 records, 0 records remaining 
2026-07-13 01:55:20,392 50814 INFO odoo18 odoo.addons.base.models.ir_cron: Job 'Snailmail: process letters queue' (15) completed 
2026-07-13 01:55:20,404 50814 INFO odoo18 odoo.addons.base.models.ir_cron: Job 'CRM: enrich leads (IAP)' (26) starting 
2026-07-13 01:55:20,421 50814 INFO odoo18 odoo.addons.base.models.ir_cron: Job 'CRM: enrich leads (IAP)' (26) done in 0.016s 
2026-07-13 01:55:20,425 50814 INFO odoo18 odoo.addons.base.models.ir_cron: Job 'CRM: enrich leads (IAP)' (26) processed 0 records, 0 records remaining 
2026-07-13 01:55:20,432 50814 INFO odoo18 odoo.addons.base.models.ir_cron: Job 'CRM: enrich leads (IAP)' (26) completed 
2026-07-13 01:55:20,445 50814 INFO odoo18 odoo.addons.base.models.ir_cron: Job 'Mail: Email Queue Manager' (3) starting 
2026-07-13 01:55:20,455 50814 INFO odoo18 odoo.addons.base.models.ir_cron: Job 'Mail: Email Queue Manager' (3) done in 0.010s 
2026-07-13 01:55:20,460 50814 INFO odoo18 odoo.addons.base.models.ir_cron: Job 'Mail: Email Queue Manager' (3) processed 0 records, 0 records remaining 
2026-07-13 01:55:20,468 50814 INFO odoo18 odoo.addons.base.models.ir_cron: Job 'Mail: Email Queue Manager' (3) completed 
2026-07-13 01:55:20,488 50814 INFO odoo18 odoo.addons.base.models.ir_cron: Job 'Partner Autocomplete: Sync with remote DB' (13) starting 
2026-07-13 01:55:20,493 50814 INFO odoo18 odoo.addons.base.models.ir_cron: Job 'Partner Autocomplete: Sync with remote DB' (13) done in 0.005s 
2026-07-13 01:55:20,501 50814 INFO odoo18 odoo.addons.base.models.ir_cron: Job 'Partner Autocomplete: Sync with remote DB' (13) processed 0 records, 0 records remaining 
2026-07-13 01:55:20,509 50814 INFO odoo18 odoo.addons.base.models.ir_cron: Job 'Partner Autocomplete: Sync with remote DB' (13) completed 
2026-07-13 02:01:20,578 50814 INFO odoo18 odoo.addons.base.models.ir_cron: Job 'Account: Post draft entries with auto_post enabled and accounting date up to today' (18) starting 
2026-07-13 02:01:20,633 50814 INFO odoo18 odoo.addons.base.models.ir_cron: Job 'Account: Post draft entries with auto_post enabled and accounting date up to today' (18) done in 0.053s 
2026-07-13 02:01:20,637 50814 INFO odoo18 odoo.addons.base.models.ir_cron: Job 'Account: Post draft entries with auto_post enabled and accounting date up to today' (18) processed 0 records, 0 records remaining 
2026-07-13 02:01:20,646 50814 INFO odoo18 odoo.addons.base.models.ir_cron: Job 'Account: Post draft entries with auto_post enabled and accounting date up to today' (18) completed 
2026-07-13 02:32:59,810 50814 INFO odoo18 odoo.addons.base.models.ir_cron: Job 'Notification: Notify scheduled messages' (8) starting 
2026-07-13 02:32:59,825 50814 INFO odoo18 odoo.addons.base.models.ir_cron: Job 'Notification: Notify scheduled messages' (8) done in 0.015s 
2026-07-13 02:32:59,831 50814 INFO odoo18 odoo.addons.base.models.ir_cron: Job 'Notification: Notify scheduled messages' (8) processed 0 records, 0 records remaining 
2026-07-13 02:32:59,837 50814 INFO odoo18 odoo.addons.base.models.ir_cron: Job 'Notification: Notify scheduled messages' (8) completed 
2026-07-13 02:32:59,850 50814 INFO odoo18 odoo.addons.base.models.ir_cron: Job 'SMS: SMS Queue Manager' (14) starting 
2026-07-13 02:32:59,857 50814 INFO odoo18 odoo.addons.base.models.ir_cron: Job 'SMS: SMS Queue Manager' (14) done in 0.007s 
2026-07-13 02:32:59,861 50814 INFO odoo18 odoo.addons.base.models.ir_cron: Job 'SMS: SMS Queue Manager' (14) processed 0 records, 0 records remaining 
2026-07-13 02:32:59,867 50814 INFO odoo18 odoo.addons.base.models.ir_cron: Job 'SMS: SMS Queue Manager' (14) completed 
2026-07-13 02:32:59,875 50814 INFO odoo18 odoo.addons.base.models.ir_cron: Job 'Snailmail: process letters queue' (15) starting 
2026-07-13 02:32:59,883 50814 INFO odoo18 odoo.addons.base.models.ir_cron: Job 'Snailmail: process letters queue' (15) done in 0.007s 
2026-07-13 02:32:59,887 50814 INFO odoo18 odoo.addons.base.models.ir_cron: Job 'Snailmail: process letters queue' (15) processed 0 records, 0 records remaining 
2026-07-13 02:32:59,893 50814 INFO odoo18 odoo.addons.base.models.ir_cron: Job 'Snailmail: process letters queue' (15) completed 
2026-07-13 02:32:59,905 50814 INFO odoo18 odoo.addons.base.models.ir_cron: Job 'Mail: Email Queue Manager' (3) starting 
2026-07-13 02:32:59,917 50814 INFO odoo18 odoo.addons.base.models.ir_cron: Job 'Mail: Email Queue Manager' (3) done in 0.012s 
2026-07-13 02:32:59,921 50814 INFO odoo18 odoo.addons.base.models.ir_cron: Job 'Mail: Email Queue Manager' (3) processed 0 records, 0 records remaining 
2026-07-13 02:32:59,930 50814 INFO odoo18 odoo.addons.base.models.ir_cron: Job 'Mail: Email Queue Manager' (3) completed 
2026-07-13 02:32:59,942 50814 INFO odoo18 odoo.addons.base.models.ir_cron: Job 'Partner Autocomplete: Sync with remote DB' (13) starting 
2026-07-13 02:32:59,947 50814 INFO odoo18 odoo.addons.base.models.ir_cron: Job 'Partner Autocomplete: Sync with remote DB' (13) done in 0.004s 
2026-07-13 02:32:59,950 50814 INFO odoo18 odoo.addons.base.models.ir_cron: Job 'Partner Autocomplete: Sync with remote DB' (13) processed 0 records, 0 records remaining 
2026-07-13 02:32:59,958 50814 INFO odoo18 odoo.addons.base.models.ir_cron: Job 'Partner Autocomplete: Sync with remote DB' (13) completed 
2026-07-13 02:47:14,299 50814 INFO odoo18 odoo.addons.base.models.ir_cron: Job 'CRM: enrich leads (IAP)' (26) starting 
2026-07-13 02:47:14,329 50814 INFO odoo18 odoo.addons.base.models.ir_cron: Job 'CRM: enrich leads (IAP)' (26) done in 0.030s 
2026-07-13 02:47:14,335 50814 INFO odoo18 odoo.addons.base.models.ir_cron: Job 'CRM: enrich leads (IAP)' (26) processed 0 records, 0 records remaining 
2026-07-13 02:47:14,342 50814 INFO odoo18 odoo.addons.base.models.ir_cron: Job 'CRM: enrich leads (IAP)' (26) completed 
2026-07-13 03:33:00,202 50814 INFO odoo18 odoo.addons.base.models.ir_cron: Job 'Notification: Notify scheduled messages' (8) starting 
2026-07-13 03:33:00,217 50814 INFO odoo18 odoo.addons.base.models.ir_cron: Job 'Notification: Notify scheduled messages' (8) done in 0.013s 
2026-07-13 03:33:00,220 50814 INFO odoo18 odoo.addons.base.models.ir_cron: Job 'Notification: Notify scheduled messages' (8) processed 0 records, 0 records remaining 
2026-07-13 03:33:00,224 50814 INFO odoo18 odoo.addons.base.models.ir_cron: Job 'Notification: Notify scheduled messages' (8) completed 
2026-07-13 03:33:00,231 50814 INFO odoo18 odoo.addons.base.models.ir_cron: Job 'SMS: SMS Queue Manager' (14) starting 
2026-07-13 03:33:00,236 50814 INFO odoo18 odoo.addons.base.models.ir_cron: Job 'SMS: SMS Queue Manager' (14) done in 0.005s 
2026-07-13 03:33:00,238 50814 INFO odoo18 odoo.addons.base.models.ir_cron: Job 'SMS: SMS Queue Manager' (14) processed 0 records, 0 records remaining 
2026-07-13 03:33:00,243 50814 INFO odoo18 odoo.addons.base.models.ir_cron: Job 'SMS: SMS Queue Manager' (14) completed 
2026-07-13 03:33:00,249 50814 INFO odoo18 odoo.addons.base.models.ir_cron: Job 'Snailmail: process letters queue' (15) starting 
2026-07-13 03:33:00,252 50814 INFO odoo18 odoo.addons.base.models.ir_cron: Job 'Snailmail: process letters queue' (15) done in 0.004s 
2026-07-13 03:33:00,254 50814 INFO odoo18 odoo.addons.base.models.ir_cron: Job 'Snailmail: process letters queue' (15) processed 0 records, 0 records remaining 
2026-07-13 03:33:00,258 50814 INFO odoo18 odoo.addons.base.models.ir_cron: Job 'Snailmail: process letters queue' (15) completed 
2026-07-13 03:33:00,265 50814 INFO odoo18 odoo.addons.base.models.ir_cron: Job 'Mail: Email Queue Manager' (3) starting 
2026-07-13 03:33:00,271 50814 INFO odoo18 odoo.addons.base.models.ir_cron: Job 'Mail: Email Queue Manager' (3) done in 0.006s 
2026-07-13 03:33:00,274 50814 INFO odoo18 odoo.addons.base.models.ir_cron: Job 'Mail: Email Queue Manager' (3) processed 0 records, 0 records remaining 
2026-07-13 03:33:00,278 50814 INFO odoo18 odoo.addons.base.models.ir_cron: Job 'Mail: Email Queue Manager' (3) completed 
2026-07-13 03:33:00,285 50814 INFO odoo18 odoo.addons.base.models.ir_cron: Job 'Partner Autocomplete: Sync with remote DB' (13) starting 
2026-07-13 03:33:00,288 50814 INFO odoo18 odoo.addons.base.models.ir_cron: Job 'Partner Autocomplete: Sync with remote DB' (13) done in 0.003s 
2026-07-13 03:33:00,291 50814 INFO odoo18 odoo.addons.base.models.ir_cron: Job 'Partner Autocomplete: Sync with remote DB' (13) processed 0 records, 0 records remaining 
2026-07-13 03:33:00,295 50814 INFO odoo18 odoo.addons.base.models.ir_cron: Job 'Partner Autocomplete: Sync with remote DB' (13) completed 
2026-07-13 03:47:14,614 50814 INFO odoo18 odoo.addons.base.models.ir_cron: Job 'CRM: enrich leads (IAP)' (26) starting 
2026-07-13 03:47:14,632 50814 INFO odoo18 odoo.addons.base.models.ir_cron: Job 'CRM: enrich leads (IAP)' (26) done in 0.017s 
2026-07-13 03:47:14,636 50814 INFO odoo18 odoo.addons.base.models.ir_cron: Job 'CRM: enrich leads (IAP)' (26) processed 0 records, 0 records remaining 
2026-07-13 03:47:14,641 50814 INFO odoo18 odoo.addons.base.models.ir_cron: Job 'CRM: enrich leads (IAP)' (26) completed 
2026-07-13 04:32:48,958 50814 INFO odoo18 odoo.addons.base.models.ir_cron: Job 'Notification: Notify scheduled messages' (8) starting 
2026-07-13 04:32:48,977 50814 INFO odoo18 odoo.addons.base.models.ir_cron: Job 'Notification: Notify scheduled messages' (8) done in 0.017s 
2026-07-13 04:32:48,981 50814 INFO odoo18 odoo.addons.base.models.ir_cron: Job 'Notification: Notify scheduled messages' (8) processed 0 records, 0 records remaining 
2026-07-13 04:32:48,998 50814 INFO odoo18 odoo.addons.base.models.ir_cron: Job 'Notification: Notify scheduled messages' (8) completed 
2026-07-13 04:32:49,014 50814 INFO odoo18 odoo.addons.base.models.ir_cron: Job 'SMS: SMS Queue Manager' (14) starting 
2026-07-13 04:32:49,024 50814 INFO odoo18 odoo.addons.base.models.ir_cron: Job 'SMS: SMS Queue Manager' (14) done in 0.011s 
2026-07-13 04:32:49,031 50814 INFO odoo18 odoo.addons.base.models.ir_cron: Job 'SMS: SMS Queue Manager' (14) processed 0 records, 0 records remaining 
2026-07-13 04:32:49,042 50814 INFO odoo18 odoo.addons.base.models.ir_cron: Job 'SMS: SMS Queue Manager' (14) completed 
2026-07-13 04:32:49,063 50814 INFO odoo18 odoo.addons.base.models.ir_cron: Job 'Snailmail: process letters queue' (15) starting 
2026-07-13 04:32:49,077 50814 INFO odoo18 odoo.addons.base.models.ir_cron: Job 'Snailmail: process letters queue' (15) done in 0.014s 
2026-07-13 04:32:49,085 50814 INFO odoo18 odoo.addons.base.models.ir_cron: Job 'Snailmail: process letters queue' (15) processed 0 records, 0 records remaining 
2026-07-13 04:32:49,097 50814 INFO odoo18 odoo.addons.base.models.ir_cron: Job 'Snailmail: process letters queue' (15) completed 
2026-07-13 04:32:49,117 50814 INFO odoo18 odoo.addons.base.models.ir_cron: Job 'Mail: Email Queue Manager' (3) starting 
2026-07-13 04:32:49,135 50814 INFO odoo18 odoo.addons.base.models.ir_cron: Job 'Mail: Email Queue Manager' (3) done in 0.018s 
2026-07-13 04:32:49,143 50814 INFO odoo18 odoo.addons.base.models.ir_cron: Job 'Mail: Email Queue Manager' (3) processed 0 records, 0 records remaining 
2026-07-13 04:32:49,154 50814 INFO odoo18 odoo.addons.base.models.ir_cron: Job 'Mail: Email Queue Manager' (3) completed 
2026-07-13 04:32:49,174 50814 INFO odoo18 odoo.addons.base.models.ir_cron: Job 'Partner Autocomplete: Sync with remote DB' (13) starting 
2026-07-13 04:32:49,182 50814 INFO odoo18 odoo.addons.base.models.ir_cron: Job 'Partner Autocomplete: Sync with remote DB' (13) done in 0.008s 
2026-07-13 04:32:49,190 50814 INFO odoo18 odoo.addons.base.models.ir_cron: Job 'Partner Autocomplete: Sync with remote DB' (13) processed 0 records, 0 records remaining 
2026-07-13 04:32:49,201 50814 INFO odoo18 odoo.addons.base.models.ir_cron: Job 'Partner Autocomplete: Sync with remote DB' (13) completed 
2026-07-13 04:58:49,852 50814 INFO odoo18 odoo.addons.base.models.ir_cron: Job 'CRM: enrich leads (IAP)' (26) starting 
2026-07-13 04:58:49,875 50814 INFO odoo18 odoo.addons.base.models.ir_cron: Job 'CRM: enrich leads (IAP)' (26) done in 0.022s 
2026-07-13 04:58:49,882 50814 INFO odoo18 odoo.addons.base.models.ir_cron: Job 'CRM: enrich leads (IAP)' (26) processed 0 records, 0 records remaining 
2026-07-13 04:58:49,896 50814 INFO odoo18 odoo.addons.base.models.ir_cron: Job 'CRM: enrich leads (IAP)' (26) completed 
2026-07-13 05:32:40,145 50814 INFO odoo18 odoo.addons.base.models.ir_cron: Job 'Notification: Notify scheduled messages' (8) starting 
2026-07-13 05:32:40,152 50814 INFO odoo18 odoo.addons.base.models.ir_cron: Job 'Notification: Notify scheduled messages' (8) done in 0.006s 
2026-07-13 05:32:40,157 50814 INFO odoo18 odoo.addons.base.models.ir_cron: Job 'Notification: Notify scheduled messages' (8) processed 0 records, 0 records remaining 
2026-07-13 05:32:40,173 50814 INFO odoo18 odoo.addons.base.models.ir_cron: Job 'Notification: Notify scheduled messages' (8) completed 
2026-07-13 05:32:40,185 50814 INFO odoo18 odoo.addons.base.models.ir_cron: Job 'Mail: Email Queue Manager' (3) starting 
2026-07-13 05:32:40,195 50814 INFO odoo18 odoo.addons.base.models.ir_cron: Job 'Mail: Email Queue Manager' (3) done in 0.009s 
2026-07-13 05:32:40,199 50814 INFO odoo18 odoo.addons.base.models.ir_cron: Job 'Mail: Email Queue Manager' (3) processed 0 records, 0 records remaining 
2026-07-13 05:32:40,207 50814 INFO odoo18 odoo.addons.base.models.ir_cron: Job 'Mail: Email Queue Manager' (3) completed 
2026-07-13 05:33:15,293 50814 INFO odoo18 odoo.addons.base.models.ir_cron: Job 'SMS: SMS Queue Manager' (14) starting 
2026-07-13 05:33:15,299 50814 INFO odoo18 odoo.addons.base.models.ir_cron: Job 'SMS: SMS Queue Manager' (14) done in 0.006s 
2026-07-13 05:33:15,304 50814 INFO odoo18 odoo.addons.base.models.ir_cron: Job 'SMS: SMS Queue Manager' (14) processed 0 records, 0 records remaining 
2026-07-13 05:33:15,311 50814 INFO odoo18 odoo.addons.base.models.ir_cron: Job 'SMS: SMS Queue Manager' (14) completed 
2026-07-13 05:33:15,325 50814 INFO odoo18 odoo.addons.base.models.ir_cron: Job 'Snailmail: process letters queue' (15) starting 
2026-07-13 05:33:15,335 50814 INFO odoo18 odoo.addons.base.models.ir_cron: Job 'Snailmail: process letters queue' (15) done in 0.010s 
2026-07-13 05:33:15,341 50814 INFO odoo18 odoo.addons.base.models.ir_cron: Job 'Snailmail: process letters queue' (15) processed 0 records, 0 records remaining 
2026-07-13 05:33:15,351 50814 INFO odoo18 odoo.addons.base.models.ir_cron: Job 'Snailmail: process letters queue' (15) completed 
2026-07-13 05:33:15,370 50814 INFO odoo18 odoo.addons.base.models.ir_cron: Job 'Partner Autocomplete: Sync with remote DB' (13) starting 
2026-07-13 05:33:15,378 50814 INFO odoo18 odoo.addons.base.models.ir_cron: Job 'Partner Autocomplete: Sync with remote DB' (13) done in 0.007s 
2026-07-13 05:33:15,385 50814 INFO odoo18 odoo.addons.base.models.ir_cron: Job 'Partner Autocomplete: Sync with remote DB' (13) processed 0 records, 0 records remaining 
2026-07-13 05:33:15,396 50814 INFO odoo18 odoo.addons.base.models.ir_cron: Job 'Partner Autocomplete: Sync with remote DB' (13) completed 
2026-07-13 05:49:49,761 50814 INFO odoo18 odoo.addons.base.models.ir_cron: Job 'CRM: enrich leads (IAP)' (26) starting 
2026-07-13 05:49:49,782 50814 INFO odoo18 odoo.addons.base.models.ir_cron: Job 'CRM: enrich leads (IAP)' (26) done in 0.020s 
2026-07-13 05:49:49,787 50814 INFO odoo18 odoo.addons.base.models.ir_cron: Job 'CRM: enrich leads (IAP)' (26) processed 0 records, 0 records remaining 
2026-07-13 05:49:49,805 50814 INFO odoo18 odoo.addons.base.models.ir_cron: Job 'CRM: enrich leads (IAP)' (26) completed 
2026-07-13 06:27:38,509 50814 INFO odoo18 odoo.addons.base.models.ir_cron: Job 'Base: Auto-vacuum internal data' (1) starting 
2026-07-13 06:27:38,591 50814 INFO odoo18 odoo.addons.base.models.ir_attachment: filestore gc 0 checked, 0 removed 
2026-07-13 06:27:38,634 50814 INFO odoo18 odoo.addons.base.models.res_users: GC'd 0 user log entries 
2026-07-13 06:27:38,648 50814 INFO odoo18 odoo.addons.base.models.res_users: GC 'res.users.apikeys' delete 0 entries 
2026-07-13 06:27:38,656 50814 INFO odoo18 odoo.addons.base.models.res_device: GC device logs delete 0 entries 
2026-07-13 06:27:38,658 50814 INFO odoo18 odoo.addons.base.models.res_device: GC device logs delete 0 entries 
2026-07-13 06:27:38,682 50814 INFO odoo18 odoo.addons.base.models.res_users: GC 'auth_totp.device' delete 0 entries 
2026-07-13 06:27:38,699 50814 INFO odoo18 odoo.models.unlink: User #1 deleted bus.bus records with IDs: [83, 84, 85, 86, 87] 
2026-07-13 06:27:38,846 50814 INFO odoo18 odoo.addons.sms.models.sms_sms: GC'd 0 sms marked for deletion 
2026-07-13 06:27:38,989 50814 INFO odoo18 odoo.addons.base.models.ir_cron: Job 'Base: Auto-vacuum internal data' (1) done in 0.479s 
2026-07-13 06:27:38,994 50814 INFO odoo18 odoo.addons.base.models.ir_cron: Job 'Base: Auto-vacuum internal data' (1) processed 0 records, 0 records remaining 
2026-07-13 06:27:39,011 50814 INFO odoo18 odoo.addons.base.models.ir_cron: Job 'Base: Auto-vacuum internal data' (1) completed 
2026-07-13 06:27:39,022 50814 INFO odoo18 odoo.addons.base.models.ir_cron: Job 'Base: Portal Users Deletion' (2) starting 
2026-07-13 06:27:39,028 50814 INFO odoo18 odoo.addons.base.models.ir_cron: Job 'Base: Portal Users Deletion' (2) done in 0.006s 
2026-07-13 06:27:39,030 50814 INFO odoo18 odoo.addons.base.models.ir_cron: Job 'Base: Portal Users Deletion' (2) processed 0 records, 0 records remaining 
2026-07-13 06:27:39,033 50814 INFO odoo18 odoo.addons.base.models.ir_cron: Job 'Base: Portal Users Deletion' (2) completed 
2026-07-13 06:32:44,127 50814 INFO odoo18 odoo.addons.base.models.ir_cron: Job 'Notification: Delete Notifications older than 6 Month' (5) starting 
2026-07-13 06:32:44,145 50814 INFO odoo18 odoo.addons.base.models.ir_cron: Job 'Notification: Delete Notifications older than 6 Month' (5) done in 0.017s 
2026-07-13 06:32:44,151 50814 INFO odoo18 odoo.addons.base.models.ir_cron: Job 'Notification: Delete Notifications older than 6 Month' (5) processed 0 records, 0 records remaining 
2026-07-13 06:32:44,157 50814 INFO odoo18 odoo.addons.base.models.ir_cron: Job 'Notification: Delete Notifications older than 6 Month' (5) completed 
2026-07-13 06:32:44,169 50814 INFO odoo18 odoo.addons.base.models.ir_cron: Job 'Mail: Post scheduled messages' (7) starting 
2026-07-13 06:32:44,175 50814 INFO odoo18 odoo.addons.mail.models.mail_scheduled_message: Posting 0 scheduled messages 
2026-07-13 06:32:44,175 50814 INFO odoo18 odoo.addons.base.models.ir_cron: Job 'Mail: Post scheduled messages' (7) done in 0.007s 
2026-07-13 06:32:44,180 50814 INFO odoo18 odoo.addons.base.models.ir_cron: Job 'Mail: Post scheduled messages' (7) processed 0 records, 0 records remaining 
2026-07-13 06:32:44,186 50814 INFO odoo18 odoo.addons.base.models.ir_cron: Job 'Mail: Post scheduled messages' (7) completed 
2026-07-13 06:32:44,201 50814 INFO odoo18 odoo.addons.base.models.ir_cron: Job 'Notification: Notify scheduled messages' (8) starting 
2026-07-13 06:32:44,210 50814 INFO odoo18 odoo.addons.base.models.ir_cron: Job 'Notification: Notify scheduled messages' (8) done in 0.009s 
2026-07-13 06:32:44,213 50814 INFO odoo18 odoo.addons.base.models.ir_cron: Job 'Notification: Notify scheduled messages' (8) processed 0 records, 0 records remaining 
2026-07-13 06:32:44,217 50814 INFO odoo18 odoo.addons.base.models.ir_cron: Job 'Notification: Notify scheduled messages' (8) completed 
2026-07-13 06:32:44,228 50814 INFO odoo18 odoo.addons.base.models.ir_cron: Job 'Mail: send web push notification' (9) starting 
2026-07-13 06:32:44,234 50814 INFO odoo18 odoo.addons.base.models.ir_cron: Job 'Mail: send web push notification' (9) done in 0.006s 
2026-07-13 06:32:44,238 50814 INFO odoo18 odoo.addons.base.models.ir_cron: Job 'Mail: send web push notification' (9) processed 0 records, 0 records remaining 
2026-07-13 06:32:44,243 50814 INFO odoo18 odoo.addons.base.models.ir_cron: Job 'Mail: send web push notification' (9) completed 
2026-07-13 06:32:44,248 50814 INFO odoo18 odoo.addons.base.models.ir_cron: Job 'Discuss: channel member unmute' (10) starting 
2026-07-13 06:32:44,254 50814 INFO odoo18 odoo.addons.base.models.ir_cron: Job 'Discuss: channel member unmute' (10) done in 0.006s 
2026-07-13 06:32:44,259 50814 INFO odoo18 odoo.addons.base.models.ir_cron: Job 'Discuss: channel member unmute' (10) processed 0 records, 0 records remaining 
2026-07-13 06:32:44,265 50814 INFO odoo18 odoo.addons.base.models.ir_cron: Job 'Discuss: channel member unmute' (10) completed 
2026-07-13 06:32:44,271 50814 INFO odoo18 odoo.addons.base.models.ir_cron: Job 'Discuss: users settings unmute' (11) starting 
2026-07-13 06:32:44,275 50814 INFO odoo18 odoo.addons.base.models.ir_cron: Job 'Discuss: users settings unmute' (11) done in 0.004s 
2026-07-13 06:32:44,277 50814 INFO odoo18 odoo.addons.base.models.ir_cron: Job 'Discuss: users settings unmute' (11) processed 0 records, 0 records remaining 
2026-07-13 06:32:44,280 50814 INFO odoo18 odoo.addons.base.models.ir_cron: Job 'Discuss: users settings unmute' (11) completed 
2026-07-13 06:32:44,285 50814 INFO odoo18 odoo.addons.base.models.ir_cron: Job 'Mail: Email Queue Manager' (3) starting 
2026-07-13 06:32:44,291 50814 INFO odoo18 odoo.addons.base.models.ir_cron: Job 'Mail: Email Queue Manager' (3) done in 0.005s 
2026-07-13 06:32:44,293 50814 INFO odoo18 odoo.addons.base.models.ir_cron: Job 'Mail: Email Queue Manager' (3) processed 0 records, 0 records remaining 
2026-07-13 06:32:44,297 50814 INFO odoo18 odoo.addons.base.models.ir_cron: Job 'Mail: Email Queue Manager' (3) completed 
2026-07-13 06:32:44,303 50814 INFO odoo18 odoo.addons.base.models.ir_cron: Job 'Users: Notify About Unregistered Users' (12) starting 
2026-07-13 06:32:44,315 50814 INFO odoo18 odoo.addons.base.models.ir_cron: Job 'Users: Notify About Unregistered Users' (12) done in 0.012s 
2026-07-13 06:32:44,318 50814 INFO odoo18 odoo.addons.base.models.ir_cron: Job 'Users: Notify About Unregistered Users' (12) processed 0 records, 0 records remaining 
2026-07-13 06:32:44,323 50814 INFO odoo18 odoo.addons.base.models.ir_cron: Job 'Users: Notify About Unregistered Users' (12) completed 
2026-07-13 06:32:50,175 50814 INFO odoo18 odoo.addons.base.models.ir_cron: Job 'SMS: SMS Queue Manager' (14) starting 
2026-07-13 06:32:50,180 50814 INFO odoo18 odoo.addons.base.models.ir_cron: Job 'SMS: SMS Queue Manager' (14) done in 0.005s 
2026-07-13 06:32:50,183 50814 INFO odoo18 odoo.addons.base.models.ir_cron: Job 'SMS: SMS Queue Manager' (14) processed 0 records, 0 records remaining 
2026-07-13 06:32:50,192 50814 INFO odoo18 odoo.addons.base.models.ir_cron: Job 'SMS: SMS Queue Manager' (14) completed 
2026-07-13 06:32:50,201 50814 INFO odoo18 odoo.addons.base.models.ir_cron: Job 'Snailmail: process letters queue' (15) starting 
2026-07-13 06:32:50,206 50814 INFO odoo18 odoo.addons.base.models.ir_cron: Job 'Snailmail: process letters queue' (15) done in 0.006s 
2026-07-13 06:32:50,210 50814 INFO odoo18 odoo.addons.base.models.ir_cron: Job 'Snailmail: process letters queue' (15) processed 0 records, 0 records remaining 
2026-07-13 06:32:50,214 50814 INFO odoo18 odoo.addons.base.models.ir_cron: Job 'Snailmail: process letters queue' (15) completed 
2026-07-13 06:32:50,222 50814 INFO odoo18 odoo.addons.base.models.ir_cron: Job 'Partner Autocomplete: Sync with remote DB' (13) starting 
2026-07-13 06:32:50,226 50814 INFO odoo18 odoo.addons.base.models.ir_cron: Job 'Partner Autocomplete: Sync with remote DB' (13) done in 0.004s 
2026-07-13 06:32:50,228 50814 INFO odoo18 odoo.addons.base.models.ir_cron: Job 'Partner Autocomplete: Sync with remote DB' (13) processed 0 records, 0 records remaining 
2026-07-13 06:32:50,232 50814 INFO odoo18 odoo.addons.base.models.ir_cron: Job 'Partner Autocomplete: Sync with remote DB' (13) completed 
2026-07-13 06:33:45,350 50814 INFO odoo18 odoo.addons.base.models.ir_cron: Job 'Send invoices automatically' (19) starting 
2026-07-13 06:33:45,362 50814 INFO odoo18 odoo.addons.base.models.ir_cron: Job 'Send invoices automatically' (19) done in 0.012s 
2026-07-13 06:33:45,366 50814 INFO odoo18 odoo.addons.base.models.ir_cron: Job 'Send invoices automatically' (19) processed 0 records, 0 records remaining 
2026-07-13 06:33:45,374 50814 INFO odoo18 odoo.addons.base.models.ir_cron: Job 'Send invoices automatically' (19) completed 
2026-07-13 06:33:45,387 50814 INFO odoo18 odoo.addons.base.models.ir_cron: Job 'Sales: Send pending emails' (21) starting 
2026-07-13 06:33:45,397 50814 INFO odoo18 odoo.addons.base.models.ir_cron: Job 'Sales: Send pending emails' (21) done in 0.010s 
2026-07-13 06:33:45,401 50814 INFO odoo18 odoo.addons.base.models.ir_cron: Job 'Sales: Send pending emails' (21) processed 0 records, 0 records remaining 
2026-07-13 06:33:45,409 50814 INFO odoo18 odoo.addons.base.models.ir_cron: Job 'Sales: Send pending emails' (21) completed 
2026-07-13 06:46:50,335 50814 INFO odoo18 odoo.addons.base.models.ir_cron: Job 'CRM: enrich leads (IAP)' (26) starting 
2026-07-13 06:46:50,352 50814 INFO odoo18 odoo.addons.base.models.ir_cron: Job 'CRM: enrich leads (IAP)' (26) done in 0.017s 
2026-07-13 06:46:50,356 50814 INFO odoo18 odoo.addons.base.models.ir_cron: Job 'CRM: enrich leads (IAP)' (26) processed 0 records, 0 records remaining 
2026-07-13 06:46:50,361 50814 INFO odoo18 odoo.addons.base.models.ir_cron: Job 'CRM: enrich leads (IAP)' (26) completed 
2026-07-13 07:32:44,569 50814 INFO odoo18 odoo.addons.base.models.ir_cron: Job 'Notification: Notify scheduled messages' (8) starting 
2026-07-13 07:32:44,591 50814 INFO odoo18 odoo.addons.base.models.ir_cron: Job 'Notification: Notify scheduled messages' (8) done in 0.020s 
2026-07-13 07:32:44,596 50814 INFO odoo18 odoo.addons.base.models.ir_cron: Job 'Notification: Notify scheduled messages' (8) processed 0 records, 0 records remaining 
2026-07-13 07:32:44,600 50814 INFO odoo18 odoo.addons.base.models.ir_cron: Job 'Notification: Notify scheduled messages' (8) completed 
2026-07-13 07:32:44,608 50814 INFO odoo18 odoo.addons.base.models.ir_cron: Job 'Mail: Email Queue Manager' (3) starting 
2026-07-13 07:32:44,617 50814 INFO odoo18 odoo.addons.base.models.ir_cron: Job 'Mail: Email Queue Manager' (3) done in 0.009s 
2026-07-13 07:32:44,621 50814 INFO odoo18 odoo.addons.base.models.ir_cron: Job 'Mail: Email Queue Manager' (3) processed 0 records, 0 records remaining 
2026-07-13 07:32:44,626 50814 INFO odoo18 odoo.addons.base.models.ir_cron: Job 'Mail: Email Queue Manager' (3) completed 
2026-07-13 07:32:50,650 50814 INFO odoo18 odoo.addons.base.models.ir_cron: Job 'SMS: SMS Queue Manager' (14) starting 
2026-07-13 07:32:50,660 50814 INFO odoo18 odoo.addons.base.models.ir_cron: Job 'SMS: SMS Queue Manager' (14) done in 0.010s 
2026-07-13 07:32:50,663 50814 INFO odoo18 odoo.addons.base.models.ir_cron: Job 'SMS: SMS Queue Manager' (14) processed 0 records, 0 records remaining 
2026-07-13 07:32:50,674 50814 INFO odoo18 odoo.addons.base.models.ir_cron: Job 'SMS: SMS Queue Manager' (14) completed 
2026-07-13 07:32:50,682 50814 INFO odoo18 odoo.addons.base.models.ir_cron: Job 'Snailmail: process letters queue' (15) starting 
2026-07-13 07:32:50,688 50814 INFO odoo18 odoo.addons.base.models.ir_cron: Job 'Snailmail: process letters queue' (15) done in 0.007s 
2026-07-13 07:32:50,692 50814 INFO odoo18 odoo.addons.base.models.ir_cron: Job 'Snailmail: process letters queue' (15) processed 0 records, 0 records remaining 
2026-07-13 07:32:50,696 50814 INFO odoo18 odoo.addons.base.models.ir_cron: Job 'Snailmail: process letters queue' (15) completed 
2026-07-13 07:32:50,706 50814 INFO odoo18 odoo.addons.base.models.ir_cron: Job 'Partner Autocomplete: Sync with remote DB' (13) starting 
2026-07-13 07:32:50,709 50814 INFO odoo18 odoo.addons.base.models.ir_cron: Job 'Partner Autocomplete: Sync with remote DB' (13) done in 0.003s 
2026-07-13 07:32:50,712 50814 INFO odoo18 odoo.addons.base.models.ir_cron: Job 'Partner Autocomplete: Sync with remote DB' (13) processed 0 records, 0 records remaining 
2026-07-13 07:32:50,717 50814 INFO odoo18 odoo.addons.base.models.ir_cron: Job 'Partner Autocomplete: Sync with remote DB' (13) completed 
2026-07-13 07:47:06,026 50814 INFO odoo18 odoo.addons.base.models.ir_cron: Job 'CRM: enrich leads (IAP)' (26) starting 
2026-07-13 07:47:06,046 50814 INFO odoo18 odoo.addons.base.models.ir_cron: Job 'CRM: enrich leads (IAP)' (26) done in 0.019s 
2026-07-13 07:47:06,049 50814 INFO odoo18 odoo.addons.base.models.ir_cron: Job 'CRM: enrich leads (IAP)' (26) processed 0 records, 0 records remaining 
2026-07-13 07:47:06,055 50814 INFO odoo18 odoo.addons.base.models.ir_cron: Job 'CRM: enrich leads (IAP)' (26) completed 
2026-07-13 08:33:00,028 50814 INFO odoo18 odoo.addons.base.models.ir_cron: Job 'Notification: Notify scheduled messages' (8) starting 
2026-07-13 08:33:00,044 50814 INFO odoo18 odoo.addons.base.models.ir_cron: Job 'Notification: Notify scheduled messages' (8) done in 0.015s 
2026-07-13 08:33:00,049 50814 INFO odoo18 odoo.addons.base.models.ir_cron: Job 'Notification: Notify scheduled messages' (8) processed 0 records, 0 records remaining 
2026-07-13 08:33:00,056 50814 INFO odoo18 odoo.addons.base.models.ir_cron: Job 'Notification: Notify scheduled messages' (8) completed 
2026-07-13 08:33:00,067 50814 INFO odoo18 odoo.addons.base.models.ir_cron: Job 'SMS: SMS Queue Manager' (14) starting 
2026-07-13 08:33:00,073 50814 INFO odoo18 odoo.addons.base.models.ir_cron: Job 'SMS: SMS Queue Manager' (14) done in 0.006s 
2026-07-13 08:33:00,077 50814 INFO odoo18 odoo.addons.base.models.ir_cron: Job 'SMS: SMS Queue Manager' (14) processed 0 records, 0 records remaining 
2026-07-13 08:33:00,083 50814 INFO odoo18 odoo.addons.base.models.ir_cron: Job 'SMS: SMS Queue Manager' (14) completed 
2026-07-13 08:33:00,094 50814 INFO odoo18 odoo.addons.base.models.ir_cron: Job 'Snailmail: process letters queue' (15) starting 
2026-07-13 08:33:00,102 50814 INFO odoo18 odoo.addons.base.models.ir_cron: Job 'Snailmail: process letters queue' (15) done in 0.007s 
2026-07-13 08:33:00,106 50814 INFO odoo18 odoo.addons.base.models.ir_cron: Job 'Snailmail: process letters queue' (15) processed 0 records, 0 records remaining 
2026-07-13 08:33:00,113 50814 INFO odoo18 odoo.addons.base.models.ir_cron: Job 'Snailmail: process letters queue' (15) completed 
2026-07-13 08:33:00,124 50814 INFO odoo18 odoo.addons.base.models.ir_cron: Job 'Digest Emails' (16) starting 
2026-07-13 08:33:00,131 50814 INFO odoo18 odoo.addons.base.models.ir_cron: Job 'Digest Emails' (16) done in 0.007s 
2026-07-13 08:33:00,135 50814 INFO odoo18 odoo.addons.base.models.ir_cron: Job 'Digest Emails' (16) processed 0 records, 0 records remaining 
2026-07-13 08:33:00,145 50814 INFO odoo18 odoo.addons.base.models.ir_cron: Job 'Digest Emails' (16) completed 
2026-07-13 08:33:00,162 50814 INFO odoo18 odoo.addons.base.models.ir_cron: Job 'Mail: Email Queue Manager' (3) starting 
2026-07-13 08:33:00,178 50814 INFO odoo18 odoo.addons.base.models.ir_cron: Job 'Mail: Email Queue Manager' (3) done in 0.015s 
2026-07-13 08:33:00,184 50814 INFO odoo18 odoo.addons.base.models.ir_cron: Job 'Mail: Email Queue Manager' (3) processed 0 records, 0 records remaining 
2026-07-13 08:33:00,195 50814 INFO odoo18 odoo.addons.base.models.ir_cron: Job 'Mail: Email Queue Manager' (3) completed 
2026-07-13 08:33:00,209 50814 INFO odoo18 odoo.addons.base.models.ir_cron: Job 'Partner Autocomplete: Sync with remote DB' (13) starting 
2026-07-13 08:33:00,214 50814 INFO odoo18 odoo.addons.base.models.ir_cron: Job 'Partner Autocomplete: Sync with remote DB' (13) done in 0.004s 
2026-07-13 08:33:00,218 50814 INFO odoo18 odoo.addons.base.models.ir_cron: Job 'Partner Autocomplete: Sync with remote DB' (13) processed 0 records, 0 records remaining 
2026-07-13 08:33:00,229 50814 INFO odoo18 odoo.addons.base.models.ir_cron: Job 'Partner Autocomplete: Sync with remote DB' (13) completed 
2026-07-13 08:47:06,414 50814 INFO odoo18 odoo.addons.base.models.ir_cron: Job 'Calendar: Event Reminder' (23) starting 
2026-07-13 08:47:06,430 50814 INFO odoo18 odoo.addons.base.models.ir_cron: Job 'Calendar: Event Reminder' (23) done in 0.015s 
2026-07-13 08:47:06,434 50814 INFO odoo18 odoo.addons.base.models.ir_cron: Job 'Calendar: Event Reminder' (23) processed 0 records, 0 records remaining 
2026-07-13 08:47:06,438 50814 INFO odoo18 odoo.addons.base.models.ir_cron: Job 'Calendar: Event Reminder' (23) completed 
2026-07-13 08:47:06,445 50814 INFO odoo18 odoo.addons.base.models.ir_cron: Job 'CRM: enrich leads (IAP)' (26) starting 
2026-07-13 08:47:06,457 50814 INFO odoo18 odoo.addons.base.models.ir_cron: Job 'CRM: enrich leads (IAP)' (26) done in 0.012s 
2026-07-13 08:47:06,459 50814 INFO odoo18 odoo.addons.base.models.ir_cron: Job 'CRM: enrich leads (IAP)' (26) processed 0 records, 0 records remaining 
2026-07-13 08:47:06,463 50814 INFO odoo18 odoo.addons.base.models.ir_cron: Job 'CRM: enrich leads (IAP)' (26) completed 
2026-07-13 09:32:52,007 50814 INFO odoo18 odoo.addons.base.models.ir_cron: Job 'Notification: Notify scheduled messages' (8) starting 
2026-07-13 09:32:52,030 50814 INFO odoo18 odoo.addons.base.models.ir_cron: Job 'Notification: Notify scheduled messages' (8) done in 0.022s 
2026-07-13 09:32:52,035 50814 INFO odoo18 odoo.addons.base.models.ir_cron: Job 'Notification: Notify scheduled messages' (8) processed 0 records, 0 records remaining 
2026-07-13 09:32:52,041 50814 INFO odoo18 odoo.addons.base.models.ir_cron: Job 'Notification: Notify scheduled messages' (8) completed 
2026-07-13 09:32:52,050 50814 INFO odoo18 odoo.addons.base.models.ir_cron: Job 'SMS: SMS Queue Manager' (14) starting 
2026-07-13 09:32:52,059 50814 INFO odoo18 odoo.addons.base.models.ir_cron: Job 'SMS: SMS Queue Manager' (14) done in 0.008s 
2026-07-13 09:32:52,062 50814 INFO odoo18 odoo.addons.base.models.ir_cron: Job 'SMS: SMS Queue Manager' (14) processed 0 records, 0 records remaining 
2026-07-13 09:32:52,069 50814 INFO odoo18 odoo.addons.base.models.ir_cron: Job 'SMS: SMS Queue Manager' (14) completed 
2026-07-13 09:32:52,080 50814 INFO odoo18 odoo.addons.base.models.ir_cron: Job 'Snailmail: process letters queue' (15) starting 
2026-07-13 09:32:52,089 50814 INFO odoo18 odoo.addons.base.models.ir_cron: Job 'Snailmail: process letters queue' (15) done in 0.009s 
2026-07-13 09:32:52,094 50814 INFO odoo18 odoo.addons.base.models.ir_cron: Job 'Snailmail: process letters queue' (15) processed 0 records, 0 records remaining 
2026-07-13 09:32:52,103 50814 INFO odoo18 odoo.addons.base.models.ir_cron: Job 'Snailmail: process letters queue' (15) completed 
2026-07-13 09:32:52,120 50814 INFO odoo18 odoo.addons.base.models.ir_cron: Job 'Mail: Email Queue Manager' (3) starting 
2026-07-13 09:32:52,141 50814 INFO odoo18 odoo.addons.base.models.ir_cron: Job 'Mail: Email Queue Manager' (3) done in 0.020s 
2026-07-13 09:32:52,146 50814 INFO odoo18 odoo.addons.base.models.ir_cron: Job 'Mail: Email Queue Manager' (3) processed 0 records, 0 records remaining 
2026-07-13 09:32:52,152 50814 INFO odoo18 odoo.addons.base.models.ir_cron: Job 'Mail: Email Queue Manager' (3) completed 
2026-07-13 09:32:52,169 50814 INFO odoo18 odoo.addons.base.models.ir_cron: Job 'Partner Autocomplete: Sync with remote DB' (13) starting 
2026-07-13 09:32:52,173 50814 INFO odoo18 odoo.addons.base.models.ir_cron: Job 'Partner Autocomplete: Sync with remote DB' (13) done in 0.004s 
2026-07-13 09:32:52,177 50814 INFO odoo18 odoo.addons.base.models.ir_cron: Job 'Partner Autocomplete: Sync with remote DB' (13) processed 0 records, 0 records remaining 
2026-07-13 09:32:52,184 50814 INFO odoo18 odoo.addons.base.models.ir_cron: Job 'Partner Autocomplete: Sync with remote DB' (13) completed 
2026-07-13 09:47:00,475 50814 INFO odoo18 odoo.addons.base.models.ir_cron: Job 'CRM: enrich leads (IAP)' (26) starting 
2026-07-13 09:47:00,492 50814 INFO odoo18 odoo.addons.base.models.ir_cron: Job 'CRM: enrich leads (IAP)' (26) done in 0.015s 
2026-07-13 09:47:00,495 50814 INFO odoo18 odoo.addons.base.models.ir_cron: Job 'CRM: enrich leads (IAP)' (26) processed 0 records, 0 records remaining 
2026-07-13 09:47:00,501 50814 INFO odoo18 odoo.addons.base.models.ir_cron: Job 'CRM: enrich leads (IAP)' (26) completed 
2026-07-13 10:32:52,378 50814 INFO odoo18 odoo.addons.base.models.ir_cron: Job 'Notification: Notify scheduled messages' (8) starting 
2026-07-13 10:32:52,400 50814 INFO odoo18 odoo.addons.base.models.ir_cron: Job 'Notification: Notify scheduled messages' (8) done in 0.019s 
2026-07-13 10:32:52,404 50814 INFO odoo18 odoo.addons.base.models.ir_cron: Job 'Notification: Notify scheduled messages' (8) processed 0 records, 0 records remaining 
2026-07-13 10:32:52,417 50814 INFO odoo18 odoo.addons.base.models.ir_cron: Job 'Notification: Notify scheduled messages' (8) completed 
2026-07-13 10:32:52,432 50814 INFO odoo18 odoo.addons.base.models.ir_cron: Job 'SMS: SMS Queue Manager' (14) starting 
2026-07-13 10:32:52,444 50814 INFO odoo18 odoo.addons.base.models.ir_cron: Job 'SMS: SMS Queue Manager' (14) done in 0.011s 
2026-07-13 10:32:52,451 50814 INFO odoo18 odoo.addons.base.models.ir_cron: Job 'SMS: SMS Queue Manager' (14) processed 0 records, 0 records remaining 
2026-07-13 10:32:52,459 50814 INFO odoo18 odoo.addons.base.models.ir_cron: Job 'SMS: SMS Queue Manager' (14) completed 
2026-07-13 10:32:52,477 50814 INFO odoo18 odoo.addons.base.models.ir_cron: Job 'Snailmail: process letters queue' (15) starting 
2026-07-13 10:32:52,487 50814 INFO odoo18 odoo.addons.base.models.ir_cron: Job 'Snailmail: process letters queue' (15) done in 0.010s 
2026-07-13 10:32:52,493 50814 INFO odoo18 odoo.addons.base.models.ir_cron: Job 'Snailmail: process letters queue' (15) processed 0 records, 0 records remaining 
2026-07-13 10:32:52,501 50814 INFO odoo18 odoo.addons.base.models.ir_cron: Job 'Snailmail: process letters queue' (15) completed 
2026-07-13 10:32:52,518 50814 INFO odoo18 odoo.addons.base.models.ir_cron: Job 'Mail: Email Queue Manager' (3) starting 
2026-07-13 10:32:52,534 50814 INFO odoo18 odoo.addons.base.models.ir_cron: Job 'Mail: Email Queue Manager' (3) done in 0.016s 
2026-07-13 10:32:52,543 50814 INFO odoo18 odoo.addons.base.models.ir_cron: Job 'Mail: Email Queue Manager' (3) processed 0 records, 0 records remaining 
2026-07-13 10:32:52,551 50814 INFO odoo18 odoo.addons.base.models.ir_cron: Job 'Mail: Email Queue Manager' (3) completed 
2026-07-13 10:32:52,567 50814 INFO odoo18 odoo.addons.base.models.ir_cron: Job 'Partner Autocomplete: Sync with remote DB' (13) starting 
2026-07-13 10:32:52,572 50814 INFO odoo18 odoo.addons.base.models.ir_cron: Job 'Partner Autocomplete: Sync with remote DB' (13) done in 0.005s 
2026-07-13 10:32:52,577 50814 INFO odoo18 odoo.addons.base.models.ir_cron: Job 'Partner Autocomplete: Sync with remote DB' (13) processed 0 records, 0 records remaining 
2026-07-13 10:32:52,586 50814 INFO odoo18 odoo.addons.base.models.ir_cron: Job 'Partner Autocomplete: Sync with remote DB' (13) completed 
2026-07-13 10:46:33,406 50814 INFO odoo18 odoo.addons.base.models.ir_cron: Job 'CRM: enrich leads (IAP)' (26) starting 
2026-07-13 10:46:33,440 50814 INFO odoo18 odoo.addons.base.models.ir_cron: Job 'CRM: enrich leads (IAP)' (26) done in 0.033s 
2026-07-13 10:46:33,445 50814 INFO odoo18 odoo.addons.base.models.ir_cron: Job 'CRM: enrich leads (IAP)' (26) processed 0 records, 0 records remaining 
2026-07-13 10:46:33,454 50814 INFO odoo18 odoo.addons.base.models.ir_cron: Job 'CRM: enrich leads (IAP)' (26) completed 
2026-07-13 11:32:47,842 50814 INFO odoo18 odoo.addons.base.models.ir_cron: Job 'Notification: Notify scheduled messages' (8) starting 
2026-07-13 11:32:47,859 50814 INFO odoo18 odoo.addons.base.models.ir_cron: Job 'Notification: Notify scheduled messages' (8) done in 0.017s 
2026-07-13 11:32:47,866 50814 INFO odoo18 odoo.addons.base.models.ir_cron: Job 'Notification: Notify scheduled messages' (8) processed 0 records, 0 records remaining 
2026-07-13 11:32:47,876 50814 INFO odoo18 odoo.addons.base.models.ir_cron: Job 'Notification: Notify scheduled messages' (8) completed 
2026-07-13 11:32:47,891 50814 INFO odoo18 odoo.addons.base.models.ir_cron: Job 'SMS: SMS Queue Manager' (14) starting 
2026-07-13 11:32:47,902 50814 INFO odoo18 odoo.addons.base.models.ir_cron: Job 'SMS: SMS Queue Manager' (14) done in 0.011s 
2026-07-13 11:32:47,908 50814 INFO odoo18 odoo.addons.base.models.ir_cron: Job 'SMS: SMS Queue Manager' (14) processed 0 records, 0 records remaining 
2026-07-13 11:32:47,919 50814 INFO odoo18 odoo.addons.base.models.ir_cron: Job 'SMS: SMS Queue Manager' (14) completed 
2026-07-13 11:32:47,934 50814 INFO odoo18 odoo.addons.base.models.ir_cron: Job 'Mail: Email Queue Manager' (3) starting 
2026-07-13 11:32:47,948 50814 INFO odoo18 odoo.addons.base.models.ir_cron: Job 'Mail: Email Queue Manager' (3) done in 0.013s 
2026-07-13 11:32:47,954 50814 INFO odoo18 odoo.addons.base.models.ir_cron: Job 'Mail: Email Queue Manager' (3) processed 0 records, 0 records remaining 
2026-07-13 11:32:47,964 50814 INFO odoo18 odoo.addons.base.models.ir_cron: Job 'Mail: Email Queue Manager' (3) completed 
2026-07-13 11:32:47,978 50814 INFO odoo18 odoo.addons.base.models.ir_cron: Job 'Partner Autocomplete: Sync with remote DB' (13) starting 
2026-07-13 11:32:47,985 50814 INFO odoo18 odoo.addons.base.models.ir_cron: Job 'Partner Autocomplete: Sync with remote DB' (13) done in 0.007s 
2026-07-13 11:32:47,991 50814 INFO odoo18 odoo.addons.base.models.ir_cron: Job 'Partner Autocomplete: Sync with remote DB' (13) processed 0 records, 0 records remaining 
2026-07-13 11:32:48,001 50814 INFO odoo18 odoo.addons.base.models.ir_cron: Job 'Partner Autocomplete: Sync with remote DB' (13) completed 
2026-07-13 11:33:18,229 50814 INFO odoo18 odoo.addons.base.models.ir_cron: Job 'Snailmail: process letters queue' (15) starting 
2026-07-13 11:33:18,243 50814 INFO odoo18 odoo.addons.base.models.ir_cron: Job 'Snailmail: process letters queue' (15) done in 0.013s 
2026-07-13 11:33:18,250 50814 INFO odoo18 odoo.addons.base.models.ir_cron: Job 'Snailmail: process letters queue' (15) processed 0 records, 0 records remaining 
2026-07-13 11:33:18,261 50814 INFO odoo18 odoo.addons.base.models.ir_cron: Job 'Snailmail: process letters queue' (15) completed 
2026-07-13 11:46:45,191 50814 INFO odoo18 odoo.addons.base.models.ir_cron: Job 'CRM: enrich leads (IAP)' (26) starting 
2026-07-13 11:46:45,217 50814 INFO odoo18 odoo.addons.base.models.ir_cron: Job 'CRM: enrich leads (IAP)' (26) done in 0.025s 
2026-07-13 11:46:45,224 50814 INFO odoo18 odoo.addons.base.models.ir_cron: Job 'CRM: enrich leads (IAP)' (26) processed 0 records, 0 records remaining 
2026-07-13 11:46:45,233 50814 INFO odoo18 odoo.addons.base.models.ir_cron: Job 'CRM: enrich leads (IAP)' (26) completed 
2026-07-13 12:32:59,454 50814 INFO odoo18 odoo.addons.base.models.ir_cron: Job 'Notification: Notify scheduled messages' (8) starting 
2026-07-13 12:32:59,477 50814 INFO odoo18 odoo.addons.base.models.ir_cron: Job 'Notification: Notify scheduled messages' (8) done in 0.020s 
2026-07-13 12:32:59,482 50814 INFO odoo18 odoo.addons.base.models.ir_cron: Job 'Notification: Notify scheduled messages' (8) processed 0 records, 0 records remaining 
2026-07-13 12:32:59,494 50814 INFO odoo18 odoo.addons.base.models.ir_cron: Job 'Notification: Notify scheduled messages' (8) completed 
2026-07-13 12:32:59,510 50814 INFO odoo18 odoo.addons.base.models.ir_cron: Job 'SMS: SMS Queue Manager' (14) starting 
2026-07-13 12:32:59,525 50814 INFO odoo18 odoo.addons.base.models.ir_cron: Job 'SMS: SMS Queue Manager' (14) done in 0.014s 
2026-07-13 12:32:59,535 50814 INFO odoo18 odoo.addons.base.models.ir_cron: Job 'SMS: SMS Queue Manager' (14) processed 0 records, 0 records remaining 
2026-07-13 12:32:59,546 50814 INFO odoo18 odoo.addons.base.models.ir_cron: Job 'SMS: SMS Queue Manager' (14) completed 
2026-07-13 12:32:59,563 50814 INFO odoo18 odoo.addons.base.models.ir_cron: Job 'Snailmail: process letters queue' (15) starting 
2026-07-13 12:32:59,574 50814 INFO odoo18 odoo.addons.base.models.ir_cron: Job 'Snailmail: process letters queue' (15) done in 0.011s 
2026-07-13 12:32:59,582 50814 INFO odoo18 odoo.addons.base.models.ir_cron: Job 'Snailmail: process letters queue' (15) processed 0 records, 0 records remaining 
2026-07-13 12:32:59,594 50814 INFO odoo18 odoo.addons.base.models.ir_cron: Job 'Snailmail: process letters queue' (15) completed 
2026-07-13 12:32:59,612 50814 INFO odoo18 odoo.addons.base.models.ir_cron: Job 'Mail: Email Queue Manager' (3) starting 
2026-07-13 12:32:59,628 50814 INFO odoo18 odoo.addons.base.models.ir_cron: Job 'Mail: Email Queue Manager' (3) done in 0.016s 
2026-07-13 12:32:59,634 50814 INFO odoo18 odoo.addons.base.models.ir_cron: Job 'Mail: Email Queue Manager' (3) processed 0 records, 0 records remaining 
2026-07-13 12:32:59,640 50814 INFO odoo18 odoo.addons.base.models.ir_cron: Job 'Mail: Email Queue Manager' (3) completed 
2026-07-13 12:32:59,655 50814 INFO odoo18 odoo.addons.base.models.ir_cron: Job 'Partner Autocomplete: Sync with remote DB' (13) starting 
2026-07-13 12:32:59,661 50814 INFO odoo18 odoo.addons.base.models.ir_cron: Job 'Partner Autocomplete: Sync with remote DB' (13) done in 0.006s 
2026-07-13 12:32:59,666 50814 INFO odoo18 odoo.addons.base.models.ir_cron: Job 'Partner Autocomplete: Sync with remote DB' (13) processed 0 records, 0 records remaining 
2026-07-13 12:32:59,673 50814 INFO odoo18 odoo.addons.base.models.ir_cron: Job 'Partner Autocomplete: Sync with remote DB' (13) completed 
2026-07-13 12:46:35,767 50814 INFO odoo18 odoo.addons.base.models.ir_cron: Job 'CRM: enrich leads (IAP)' (26) starting 
2026-07-13 12:46:35,790 50814 INFO odoo18 odoo.addons.base.models.ir_cron: Job 'CRM: enrich leads (IAP)' (26) done in 0.022s 
2026-07-13 12:46:35,794 50814 INFO odoo18 odoo.addons.base.models.ir_cron: Job 'CRM: enrich leads (IAP)' (26) processed 0 records, 0 records remaining 
2026-07-13 12:46:35,802 50814 INFO odoo18 odoo.addons.base.models.ir_cron: Job 'CRM: enrich leads (IAP)' (26) completed 
2026-07-13 13:32:36,205 50814 INFO odoo18 odoo.addons.base.models.ir_cron: Job 'Notification: Notify scheduled messages' (8) starting 
2026-07-13 13:32:36,225 50814 INFO odoo18 odoo.addons.base.models.ir_cron: Job 'Notification: Notify scheduled messages' (8) done in 0.019s 
2026-07-13 13:32:36,233 50814 INFO odoo18 odoo.addons.base.models.ir_cron: Job 'Notification: Notify scheduled messages' (8) processed 0 records, 0 records remaining 
2026-07-13 13:32:36,245 50814 INFO odoo18 odoo.addons.base.models.ir_cron: Job 'Notification: Notify scheduled messages' (8) completed 
2026-07-13 13:32:36,260 50814 INFO odoo18 odoo.addons.base.models.ir_cron: Job 'Mail: Email Queue Manager' (3) starting 
2026-07-13 13:32:36,273 50814 INFO odoo18 odoo.addons.base.models.ir_cron: Job 'Mail: Email Queue Manager' (3) done in 0.013s 
2026-07-13 13:32:36,279 50814 INFO odoo18 odoo.addons.base.models.ir_cron: Job 'Mail: Email Queue Manager' (3) processed 0 records, 0 records remaining 
2026-07-13 13:32:36,290 50814 INFO odoo18 odoo.addons.base.models.ir_cron: Job 'Mail: Email Queue Manager' (3) completed 
2026-07-13 13:32:59,925 50814 INFO odoo18 odoo.addons.base.models.ir_cron: Job 'SMS: SMS Queue Manager' (14) starting 
2026-07-13 13:32:59,935 50814 INFO odoo18 odoo.addons.base.models.ir_cron: Job 'SMS: SMS Queue Manager' (14) done in 0.009s 
2026-07-13 13:32:59,942 50814 INFO odoo18 odoo.addons.base.models.ir_cron: Job 'SMS: SMS Queue Manager' (14) processed 0 records, 0 records remaining 
2026-07-13 13:32:59,954 50814 INFO odoo18 odoo.addons.base.models.ir_cron: Job 'SMS: SMS Queue Manager' (14) completed 
2026-07-13 13:32:59,969 50814 INFO odoo18 odoo.addons.base.models.ir_cron: Job 'Snailmail: process letters queue' (15) starting 
2026-07-13 13:32:59,976 50814 INFO odoo18 odoo.addons.base.models.ir_cron: Job 'Snailmail: process letters queue' (15) done in 0.007s 
2026-07-13 13:32:59,978 50814 INFO odoo18 odoo.addons.base.models.ir_cron: Job 'Snailmail: process letters queue' (15) processed 0 records, 0 records remaining 
2026-07-13 13:32:59,983 50814 INFO odoo18 odoo.addons.base.models.ir_cron: Job 'Snailmail: process letters queue' (15) completed 
2026-07-13 13:32:59,994 50814 INFO odoo18 odoo.addons.base.models.ir_cron: Job 'Partner Autocomplete: Sync with remote DB' (13) starting 
2026-07-13 13:33:00,000 50814 INFO odoo18 odoo.addons.base.models.ir_cron: Job 'Partner Autocomplete: Sync with remote DB' (13) done in 0.007s 
2026-07-13 13:33:00,006 50814 INFO odoo18 odoo.addons.base.models.ir_cron: Job 'Partner Autocomplete: Sync with remote DB' (13) processed 0 records, 0 records remaining 
2026-07-13 13:33:00,012 50814 INFO odoo18 odoo.addons.base.models.ir_cron: Job 'Partner Autocomplete: Sync with remote DB' (13) completed 
2026-07-13 13:46:36,442 50814 INFO odoo18 odoo.addons.base.models.ir_cron: Job 'CRM: enrich leads (IAP)' (26) starting 
2026-07-13 13:46:36,461 50814 INFO odoo18 odoo.addons.base.models.ir_cron: Job 'CRM: enrich leads (IAP)' (26) done in 0.017s 
2026-07-13 13:46:36,464 50814 INFO odoo18 odoo.addons.base.models.ir_cron: Job 'CRM: enrich leads (IAP)' (26) processed 0 records, 0 records remaining 
2026-07-13 13:46:36,471 50814 INFO odoo18 odoo.addons.base.models.ir_cron: Job 'CRM: enrich leads (IAP)' (26) completed 
2026-07-13 14:32:36,908 50814 INFO odoo18 odoo.addons.base.models.ir_cron: Job 'Notification: Notify scheduled messages' (8) starting 
2026-07-13 14:32:36,922 50814 INFO odoo18 odoo.addons.base.models.ir_cron: Job 'Notification: Notify scheduled messages' (8) done in 0.012s 
2026-07-13 14:32:36,929 50814 INFO odoo18 odoo.addons.base.models.ir_cron: Job 'Notification: Notify scheduled messages' (8) processed 0 records, 0 records remaining 
2026-07-13 14:32:36,935 50814 INFO odoo18 odoo.addons.base.models.ir_cron: Job 'Notification: Notify scheduled messages' (8) completed 
2026-07-13 14:32:36,942 50814 INFO odoo18 odoo.addons.base.models.ir_cron: Job 'Mail: Email Queue Manager' (3) starting 
2026-07-13 14:32:36,950 50814 INFO odoo18 odoo.addons.base.models.ir_cron: Job 'Mail: Email Queue Manager' (3) done in 0.008s 
2026-07-13 14:32:36,954 50814 INFO odoo18 odoo.addons.base.models.ir_cron: Job 'Mail: Email Queue Manager' (3) processed 0 records, 0 records remaining 
2026-07-13 14:32:36,960 50814 INFO odoo18 odoo.addons.base.models.ir_cron: Job 'Mail: Email Queue Manager' (3) completed 
2026-07-13 14:33:00,271 50814 INFO odoo18 odoo.addons.base.models.ir_cron: Job 'SMS: SMS Queue Manager' (14) starting 
2026-07-13 14:33:00,280 50814 INFO odoo18 odoo.addons.base.models.ir_cron: Job 'SMS: SMS Queue Manager' (14) done in 0.009s 
2026-07-13 14:33:00,287 50814 INFO odoo18 odoo.addons.base.models.ir_cron: Job 'SMS: SMS Queue Manager' (14) processed 0 records, 0 records remaining 
2026-07-13 14:33:00,295 50814 INFO odoo18 odoo.addons.base.models.ir_cron: Job 'SMS: SMS Queue Manager' (14) completed 
2026-07-13 14:33:00,308 50814 INFO odoo18 odoo.addons.base.models.ir_cron: Job 'Snailmail: process letters queue' (15) starting 
2026-07-13 14:33:00,317 50814 INFO odoo18 odoo.addons.base.models.ir_cron: Job 'Snailmail: process letters queue' (15) done in 0.008s 
2026-07-13 14:33:00,321 50814 INFO odoo18 odoo.addons.base.models.ir_cron: Job 'Snailmail: process letters queue' (15) processed 0 records, 0 records remaining 
2026-07-13 14:33:00,330 50814 INFO odoo18 odoo.addons.base.models.ir_cron: Job 'Snailmail: process letters queue' (15) completed 
2026-07-13 14:33:00,348 50814 INFO odoo18 odoo.addons.base.models.ir_cron: Job 'Partner Autocomplete: Sync with remote DB' (13) starting 
2026-07-13 14:33:00,357 50814 INFO odoo18 odoo.addons.base.models.ir_cron: Job 'Partner Autocomplete: Sync with remote DB' (13) done in 0.008s 
2026-07-13 14:33:00,370 50814 INFO odoo18 odoo.addons.base.models.ir_cron: Job 'Partner Autocomplete: Sync with remote DB' (13) processed 0 records, 0 records remaining 
2026-07-13 14:33:00,378 50814 INFO odoo18 odoo.addons.base.models.ir_cron: Job 'Partner Autocomplete: Sync with remote DB' (13) completed 
2026-07-13 14:46:37,143 50814 INFO odoo18 odoo.addons.base.models.ir_cron: Job 'CRM: enrich leads (IAP)' (26) starting 
2026-07-13 14:46:37,170 50814 INFO odoo18 odoo.addons.base.models.ir_cron: Job 'CRM: enrich leads (IAP)' (26) done in 0.025s 
2026-07-13 14:46:37,175 50814 INFO odoo18 odoo.addons.base.models.ir_cron: Job 'CRM: enrich leads (IAP)' (26) processed 0 records, 0 records remaining 
2026-07-13 14:46:37,184 50814 INFO odoo18 odoo.addons.base.models.ir_cron: Job 'CRM: enrich leads (IAP)' (26) completed 
2026-07-13 15:32:37,679 50814 INFO odoo18 odoo.addons.base.models.ir_cron: Job 'Notification: Notify scheduled messages' (8) starting 
2026-07-13 15:32:37,707 50814 INFO odoo18 odoo.addons.base.models.ir_cron: Job 'Notification: Notify scheduled messages' (8) done in 0.025s 
2026-07-13 15:32:37,714 50814 INFO odoo18 odoo.addons.base.models.ir_cron: Job 'Notification: Notify scheduled messages' (8) processed 0 records, 0 records remaining 
2026-07-13 15:32:37,726 50814 INFO odoo18 odoo.addons.base.models.ir_cron: Job 'Notification: Notify scheduled messages' (8) completed 
2026-07-13 15:32:37,744 50814 INFO odoo18 odoo.addons.base.models.ir_cron: Job 'Mail: Email Queue Manager' (3) starting 
2026-07-13 15:32:37,760 50814 INFO odoo18 odoo.addons.base.models.ir_cron: Job 'Mail: Email Queue Manager' (3) done in 0.016s 
2026-07-13 15:32:37,767 50814 INFO odoo18 odoo.addons.base.models.ir_cron: Job 'Mail: Email Queue Manager' (3) processed 0 records, 0 records remaining 
2026-07-13 15:32:37,778 50814 INFO odoo18 odoo.addons.base.models.ir_cron: Job 'Mail: Email Queue Manager' (3) completed 
2026-07-13 15:33:00,636 50814 INFO odoo18 odoo.addons.base.models.ir_cron: Job 'SMS: SMS Queue Manager' (14) starting 
2026-07-13 15:33:00,648 50814 INFO odoo18 odoo.addons.base.models.ir_cron: Job 'SMS: SMS Queue Manager' (14) done in 0.011s 
2026-07-13 15:33:00,653 50814 INFO odoo18 odoo.addons.base.models.ir_cron: Job 'SMS: SMS Queue Manager' (14) processed 0 records, 0 records remaining 
2026-07-13 15:33:00,662 50814 INFO odoo18 odoo.addons.base.models.ir_cron: Job 'SMS: SMS Queue Manager' (14) completed 
2026-07-13 15:33:00,678 50814 INFO odoo18 odoo.addons.base.models.ir_cron: Job 'Snailmail: process letters queue' (15) starting 
2026-07-13 15:33:00,688 50814 INFO odoo18 odoo.addons.base.models.ir_cron: Job 'Snailmail: process letters queue' (15) done in 0.010s 
2026-07-13 15:33:00,693 50814 INFO odoo18 odoo.addons.base.models.ir_cron: Job 'Snailmail: process letters queue' (15) processed 0 records, 0 records remaining 
2026-07-13 15:33:00,701 50814 INFO odoo18 odoo.addons.base.models.ir_cron: Job 'Snailmail: process letters queue' (15) completed 
2026-07-13 15:33:00,718 50814 INFO odoo18 odoo.addons.base.models.ir_cron: Job 'Partner Autocomplete: Sync with remote DB' (13) starting 
2026-07-13 15:33:00,725 50814 INFO odoo18 odoo.addons.base.models.ir_cron: Job 'Partner Autocomplete: Sync with remote DB' (13) done in 0.007s 
2026-07-13 15:33:00,732 50814 INFO odoo18 odoo.addons.base.models.ir_cron: Job 'Partner Autocomplete: Sync with remote DB' (13) processed 0 records, 0 records remaining 
2026-07-13 15:33:00,742 50814 INFO odoo18 odoo.addons.base.models.ir_cron: Job 'Partner Autocomplete: Sync with remote DB' (13) completed 
2026-07-13 15:46:37,964 50814 INFO odoo18 odoo.addons.base.models.ir_cron: Job 'CRM: enrich leads (IAP)' (26) starting 
2026-07-13 15:46:37,999 50814 INFO odoo18 odoo.addons.base.models.ir_cron: Job 'CRM: enrich leads (IAP)' (26) done in 0.034s 
2026-07-13 15:46:38,005 50814 INFO odoo18 odoo.addons.base.models.ir_cron: Job 'CRM: enrich leads (IAP)' (26) processed 0 records, 0 records remaining 
2026-07-13 15:46:38,014 50814 INFO odoo18 odoo.addons.base.models.ir_cron: Job 'CRM: enrich leads (IAP)' (26) completed 
2026-07-13 18:13:21,843 50814 INFO odoo18 odoo.addons.base.models.ir_cron: Job 'Notification: Notify scheduled messages' (8) starting 
2026-07-13 18:13:21,893 50814 INFO odoo18 odoo.addons.base.models.ir_cron: Job 'Notification: Notify scheduled messages' (8) done in 0.048s 
2026-07-13 18:13:21,901 50814 INFO odoo18 odoo.addons.base.models.ir_cron: Job 'Notification: Notify scheduled messages' (8) processed 0 records, 0 records remaining 
2026-07-13 18:13:21,917 50814 INFO odoo18 odoo.addons.base.models.ir_cron: Job 'Notification: Notify scheduled messages' (8) completed 
2026-07-13 18:13:21,981 50814 INFO odoo18 odoo.addons.base.models.ir_cron: Job 'SMS: SMS Queue Manager' (14) starting 
2026-07-13 18:13:22,001 50814 INFO odoo18 odoo.addons.base.models.ir_cron: Job 'SMS: SMS Queue Manager' (14) done in 0.020s 
2026-07-13 18:13:22,025 50814 INFO odoo18 odoo.addons.base.models.ir_cron: Job 'SMS: SMS Queue Manager' (14) processed 0 records, 0 records remaining 
2026-07-13 18:13:22,033 50814 INFO odoo18 odoo.addons.base.models.ir_cron: Job 'SMS: SMS Queue Manager' (14) completed 
2026-07-13 18:13:22,051 50814 INFO odoo18 odoo.addons.base.models.ir_cron: Job 'Snailmail: process letters queue' (15) starting 
2026-07-13 18:13:22,063 50814 INFO odoo18 odoo.addons.base.models.ir_cron: Job 'Snailmail: process letters queue' (15) done in 0.011s 
2026-07-13 18:13:22,070 50814 INFO odoo18 odoo.addons.base.models.ir_cron: Job 'Snailmail: process letters queue' (15) processed 0 records, 0 records remaining 
2026-07-13 18:13:22,105 50814 INFO odoo18 odoo.addons.base.models.ir_cron: Job 'Snailmail: process letters queue' (15) completed 
2026-07-13 18:13:22,132 50814 INFO odoo18 odoo.addons.base.models.ir_cron: Job 'CRM: enrich leads (IAP)' (26) starting 
2026-07-13 18:13:22,296 50814 INFO odoo18 odoo.addons.base.models.ir_cron: Job 'CRM: enrich leads (IAP)' (26) done in 0.161s 
2026-07-13 18:13:22,311 50814 INFO odoo18 odoo.addons.base.models.ir_cron: Job 'CRM: enrich leads (IAP)' (26) processed 0 records, 0 records remaining 
2026-07-13 18:13:22,321 50814 INFO odoo18 odoo.addons.base.models.ir_cron: Job 'CRM: enrich leads (IAP)' (26) completed 
2026-07-13 18:13:22,389 50814 INFO odoo18 odoo.addons.base.models.ir_cron: Job 'Mail: Email Queue Manager' (3) starting 
2026-07-13 18:13:22,408 50814 INFO odoo18 odoo.addons.base.models.ir_cron: Job 'Mail: Email Queue Manager' (3) done in 0.014s 
2026-07-13 18:13:22,434 50814 INFO odoo18 odoo.addons.base.models.ir_cron: Job 'Mail: Email Queue Manager' (3) processed 0 records, 0 records remaining 
2026-07-13 18:13:22,450 50814 INFO odoo18 odoo.addons.base.models.ir_cron: Job 'Mail: Email Queue Manager' (3) completed 
2026-07-13 18:13:22,476 50814 INFO odoo18 odoo.addons.base.models.ir_cron: Job 'Partner Autocomplete: Sync with remote DB' (13) starting 
2026-07-13 18:13:22,482 50814 INFO odoo18 odoo.addons.base.models.ir_cron: Job 'Partner Autocomplete: Sync with remote DB' (13) done in 0.005s 
2026-07-13 18:13:22,512 50814 INFO odoo18 odoo.addons.base.models.ir_cron: Job 'Partner Autocomplete: Sync with remote DB' (13) processed 0 records, 0 records remaining 
2026-07-13 18:13:22,520 50814 INFO odoo18 odoo.addons.base.models.ir_cron: Job 'Partner Autocomplete: Sync with remote DB' (13) completed 
2026-07-13 18:18:06,318 50814 ERROR ? odoo.addons.bus.models.bus: Bus.loop error, sleep and retry 
Traceback (most recent call last):
  File "/Users/ruixin/Desktop/demo演示/odoo制造/addons/bus/models/bus.py", line 255, in run
    self.loop()
    ~~~~~~~~~^^
  File "/Users/ruixin/Desktop/demo演示/odoo制造/addons/bus/models/bus.py", line 240, in loop
    conn.poll()
    ~~~~~~~~~^^
psycopg2.OperationalError: server closed the connection unexpectedly
	This probably means the server terminated abnormally
	before or while processing the request.

2026-07-13 18:18:06,319 50814 ERROR odoo18 odoo.sql_db: bad query: b"\n            SELECT latest_version\n            FROM ir_module_module\n             WHERE name='base'\n        "
ERROR: server closed the connection unexpectedly
	This probably means the server terminated abnormally
	before or while processing the request.
 
2026-07-13 18:18:06,321 50814 INFO odoo18 odoo.sql_db: Connection to the database failed 
2026-07-13 18:18:06,327 50814 WARNING odoo18 odoo.addons.base.models.ir_cron: Exception in cron: 
Traceback (most recent call last):
  File "/Users/ruixin/Desktop/demo演示/odoo制造/odoo/addons/base/models/ir_cron.py", line 133, in _process_jobs
    cls._check_version(cron_cr)
    ~~~~~~~~~~~~~~~~~~^^^^^^^^^
  File "/Users/ruixin/Desktop/demo演示/odoo制造/odoo/addons/base/models/ir_cron.py", line 173, in _check_version
    cron_cr.execute("""
    ~~~~~~~~~~~~~~~^^^^
        SELECT latest_version
        ^^^^^^^^^^^^^^^^^^^^^
        FROM ir_module_module
        ^^^^^^^^^^^^^^^^^^^^^
         WHERE name='base'
         ^^^^^^^^^^^^^^^^^
    """)
    ^^^^
  File "/Users/ruixin/Desktop/demo演示/odoo制造/odoo/sql_db.py", line 354, in execute
    res = self._obj.execute(query, params)
psycopg2.OperationalError: server closed the connection unexpectedly
	This probably means the server terminated abnormally
	before or while processing the request.

2026-07-13 18:18:06,327 50814 WARNING odoo18 odoo.addons.base.models.ir_cron: Exception in cron: 
Traceback (most recent call last):
  File "/Users/ruixin/Desktop/demo演示/odoo制造/odoo/addons/base/models/ir_cron.py", line 132, in _process_jobs
    with db.cursor() as cron_cr:
         ~~~~~~~~~^^
  File "/Users/ruixin/Desktop/demo演示/odoo制造/odoo/sql_db.py", line 796, in cursor
    return Cursor(self.__pool, self.__dbname, self.__dsn)
  File "/Users/ruixin/Desktop/demo演示/odoo制造/odoo/sql_db.py", line 288, in __init__
    self._cnx = pool.borrow(dsn)
                ~~~~~~~~~~~^^^^^
  File "/Users/ruixin/Desktop/demo演示/odoo制造/venv/lib/python3.13/site-packages/decorator.py", line 232, in fun
    return caller(func, *(extras + args), **kw)
  File "/Users/ruixin/Desktop/demo演示/odoo制造/odoo/tools/func.py", line 97, in locked
    return func(inst, *args, **kwargs)
  File "/Users/ruixin/Desktop/demo演示/odoo制造/odoo/sql_db.py", line 723, in borrow
    result = psycopg2.connect(
        connection_factory=PsycoConnection,
        **connection_info)
  File "/Users/ruixin/Desktop/demo演示/odoo制造/venv/lib/python3.13/site-packages/psycopg2/__init__.py", line 122, in connect
    conn = _connect(dsn, connection_factory=connection_factory, **kwasync)
psycopg2.OperationalError: local user with ID 501 does not exist

Exception in thread odoo.service.cron.cron0:
Traceback (most recent call last):
  File "/Library/Frameworks/Python.framework/Versions/3.13/lib/python3.13/threading.py", line 1041, in _bootstrap_inner
    self.run()
    ~~~~~~~~^^
  File "/Library/Frameworks/Python.framework/Versions/3.13/lib/python3.13/threading.py", line 992, in run
    self._target(*self._args, **self._kwargs)
    ~~~~~~~~~~~~^^^^^^^^^^^^^^^^^^^^^^^^^^^^^
  File "/Users/ruixin/Desktop/demo演示/odoo制造/odoo/service/server.py", line 508, in target
    self.cron_thread(i)
    ~~~~~~~~~~~~~~~~^^^
  File "/Users/ruixin/Desktop/demo演示/odoo制造/odoo/service/server.py", line 490, in cron_thread
    _run_cron(cr)
    ~~~~~~~~~^^^^
  File "/Users/ruixin/Desktop/demo演示/odoo制造/odoo/service/server.py", line 474, in _run_cron
    pg_conn.poll()
    ~~~~~~~~~~~~^^
psycopg2.OperationalError: server closed the connection unexpectedly
	This probably means the server terminated abnormally
	before or while processing the request.

2026-07-13 18:18:06,354 50814 INFO odoo18 odoo.sql_db: Connection to the database failed 
2026-07-13 18:18:06,355 50814 WARNING odoo18 odoo.addons.base.models.ir_cron: Exception in cron: 
Traceback (most recent call last):
  File "/Users/ruixin/Desktop/demo演示/odoo制造/odoo/addons/base/models/ir_cron.py", line 132, in _process_jobs
    with db.cursor() as cron_cr:
         ~~~~~~~~~^^
  File "/Users/ruixin/Desktop/demo演示/odoo制造/odoo/sql_db.py", line 796, in cursor
    return Cursor(self.__pool, self.__dbname, self.__dsn)
  File "/Users/ruixin/Desktop/demo演示/odoo制造/odoo/sql_db.py", line 288, in __init__
    self._cnx = pool.borrow(dsn)
                ~~~~~~~~~~~^^^^^
  File "/Users/ruixin/Desktop/demo演示/odoo制造/venv/lib/python3.13/site-packages/decorator.py", line 232, in fun
    return caller(func, *(extras + args), **kw)
  File "/Users/ruixin/Desktop/demo演示/odoo制造/odoo/tools/func.py", line 97, in locked
    return func(inst, *args, **kwargs)
  File "/Users/ruixin/Desktop/demo演示/odoo制造/odoo/sql_db.py", line 723, in borrow
    result = psycopg2.connect(
        connection_factory=PsycoConnection,
        **connection_info)
  File "/Users/ruixin/Desktop/demo演示/odoo制造/venv/lib/python3.13/site-packages/psycopg2/__init__.py", line 122, in connect
    conn = _connect(dsn, connection_factory=connection_factory, **kwasync)
psycopg2.OperationalError: local user with ID 501 does not exist

Exception in thread odoo.service.cron.cron1:
Traceback (most recent call last):
  File "/Library/Frameworks/Python.framework/Versions/3.13/lib/python3.13/threading.py", line 1041, in _bootstrap_inner
    self.run()
    ~~~~~~~~^^
  File "/Library/Frameworks/Python.framework/Versions/3.13/lib/python3.13/threading.py", line 992, in run
    self._target(*self._args, **self._kwargs)
    ~~~~~~~~~~~~^^^^^^^^^^^^^^^^^^^^^^^^^^^^^
  File "/Users/ruixin/Desktop/demo演示/odoo制造/odoo/service/server.py", line 508, in target
    self.cron_thread(i)
    ~~~~~~~~~~~~~~~~^^^
  File "/Users/ruixin/Desktop/demo演示/odoo制造/odoo/service/server.py", line 490, in cron_thread
    _run_cron(cr)
    ~~~~~~~~~^^^^
  File "/Users/ruixin/Desktop/demo演示/odoo制造/odoo/service/server.py", line 474, in _run_cron
    pg_conn.poll()
    ~~~~~~~~~~~~^^
psycopg2.OperationalError: server closed the connection unexpectedly
	This probably means the server terminated abnormally
	before or while processing the request.

2026-07-13 18:18:09,214 50814 INFO ? odoo.service.server: Initiating shutdown 
2026-07-13 18:18:09,216 50814 INFO ? odoo.service.server: Hit CTRL-C again or send a second signal to force the shutdown. 
2026-07-13 18:18:09,331 50814 INFO ? odoo.sql_db: ConnectionPool(read/write;used=0/count=0/max=64): Closed 1 connections  
